name|ra|dec|vmag|bv_color
HR 1|00 05 09.89|45 13 45.1|6.70|0.07
HR 10|00 07 18.19|-17 23 11.0|6.19|0.14
HR 100|00 26 12.19|-43 40 48.0|3.94|0.17
HR 1000|03 20 25.61|25 39 46.1|6.12|1.24
HR 1001|03 21 52.61|49 04 14.9|5.93|0.43
HR 1002|03 21 26.50|43 19 45.8|4.95|0.04
HR 1003|03 19 31.1|-21 45 28.1|3.69|1.62
HR 1004|03 19 34.80|-24 07 23.2|5.61|1.66
HR 1005|03 21 13.61|21 08 48.8|5.28|-0.07
HR 1006|03 17 46.20|-62 34 31.1|5.54|0.64
HR 1007|03 21 06.79|03 40 32.2|5.69|0.97
HR 1008|03 19 55.70|-43 04 10.9|4.27|0.71
HR 1009|03 24 40.51|64 35 10.0|5.23|2.08
HR 101|00 26 37.39|-00 02 58.9|6.19|0.90
HR 1010|03 18 12.89|-62 30 23.0|5.24|0.60
HR 1011|03 23 13.20|49 12 47.9|5.29|-0.07
HR 1012|03 22 11.90|27 36 27.0|5.52|1.10
HR 1013|03 20 45.19|-26 36 23.0|6.39|0.54
HR 1014|03 17 58.99|-66 55 36.8|6.05|0.13
HR 1015|03 22 45.19|20 44 30.8|5.09|1.24
HR 1016|03 21 24.0|-23 38 07.1|5.52|0.88
HR 1017|03 24 19.39|49 51 40.0|1.79|0.48
HR 1018|03 22 16.30|-25 35 16.1|6.35|0.01
HR 1019|03 24 29.69|33 32 08.9|5.61|-0.03
HR 102|00 27 14.71|-25 32 49.9|5.98|1.03
HR 1020|03 25 48.41|53 55 18.1|6.51|0.29
HR 1021|03 21 33.29|-47 46 36.8|6.39|1.00
HR 1022|03 24 18.50|24 43 27.1|5.50|1.19
HR 1023|03 23 39.10|04 52 54.8|6.38|0.86
HR 1024|03 23 17.81|-07 47 39.1|6.20|0.70
HR 1025|03 15 57.60|-77 23 17.9|5.52|0.44
HR 1026|03 25 09.41|41 15 25.9|6.51|
HR 1027|03 24 26.9|20 48 13.0|6.08|-0.04
HR 1028|03 24 10.10|12 37 45.8|6.04|1.23
HR 1029|03 25 57.41|49 07 14.9|6.09|-0.07
HR 103|00 28 02.90|17 53 35.2|5.06|1.65
HR 1030|03 24 48.79|09 01 44.0|3.60|0.89
HR 1031|03 23 44.59|-32 42 25.9|6.50|1.37
HR 1032|03 30 19.49|71 51 50.0|6.32|1.80
HR 1033|03 28 23.59|60 15 20.2|6.49|0.02
HR 1034|03 28 03.10|49 03 46.1|4.98|-0.09
HR 1035|03 29 04.10|59 56 25.1|4.21|0.41
HR 1036|03 27 03.19|18 45 23.0|6.57|0.15
HR 1037|03 28 52.39|49 50 53.9|5.58|-0.04
HR 1038|03 27 10.20|09 43 58.1|3.74|-0.09
HR 1039|03 27 18.70|12 44 06.0|6.28|-0.02
HR 104|00 28 13.70|44 23 39.8|5.17|0.03
HR 1040|03 29 54.89|58 52 43.0|4.54|0.56
HR 1041|03 28 20.81|33 48 27.0|5.61|0.02
HR 1042|03 25 55.80|-35 55 14.9|6.39|0.08
HR 1043|03 30 11.30|59 21 58.0|6.13|0.08
HR 1044|03 29 22.10|49 30 32.0|4.67|-0.09
HR 1045|03 26 22.51|-27 19 03.0|5.93|0.94
HR 1046|03 30 00.19|55 27 06.8|5.09|0.05
HR 1047|03 29 26.21|46 56 16.1|6.24|0.13
HR 1048|03 28 26.59|22 48 15.1|6.03|0.95
HR 1049|03 26 11.71|-41 38 12.8|6.32|0.06
HR 105|00 27 55.70|-33 00 25.9|4.81|1.64
HR 1050|03 28 01.1|-11 17 12.1|5.73|1.10
HR 1051|03 30 37.1|48 06 13.0|5.82|-0.04
HR 1052|03 30 34.49|47 59 43.1|4.36|1.35
HR 1053|03 24 02.50|-69 37 28.9|6.15|0.48
HR 1054|03 27 33.41|-35 40 53.0|5.71|1.29
HR 1055|03 35 12.41|73 20 48.8|6.57|0.03
HR 1056|03 31 29.40|49 12 34.9|6.29|0.09
HR 1057|03 31 11.80|43 54 17.0||
HR 1058|03 28 11.50|-35 51 11.9|6.50|0.13
HR 1059|03 31 49.10|49 24 02.9|6.39|0.09
HR 106|00 28 12.70|16 26 42.0|6.06|1.58
HR 1060|03 29 39.10|-06 48 18.0|5.99|1.02
HR 1061|03 30 24.50|11 20 11.0|5.14|-0.03
HR 1062|03 29 36.0|-12 40 28.9|5.59|0.17
HR 1063|03 32 08.59|48 01 25.0|5.47|-0.10
HR 1064|03 25 36.19|-69 20 11.0|5.96|0.42
HR 1065|03 31 20.81|27 34 18.8|5.96|
HR 1066|03 30 52.39|12 56 12.1|4.11|1.12
HR 1067|03 30 45.41|06 11 19.0|5.94|0.96
HR 1068|03 33 32.11|58 45 54.0|6.40|0.14
HR 1069|03 32 26.30|46 03 24.8|5.31|0.40
HR 107|00 28 20.9|10 11 22.9|6.04|0.43
HR 1070|03 30 37.10|-05 04 31.1|4.73|-0.09
HR 1071|03 33 41.21|57 52 08.0|6.37|0.51
HR 1072|03 32 39.10|44 51 20.2|6.41|0.03
HR 1073|03 33 39.0|54 58 28.9|5.98|0.11
HR 1074|03 32 40.1|35 27 42.1|5.90|-0.06
HR 1075|03 29 55.1|-42 38 03.1|5.78|0.22
HR 1076|03 30 13.61|-41 22 12.0|6.12|0.48
HR 1077|03 35 00.79|60 02 28.0|6.46|0.39
HR 1078|03 33 35.11|39 53 57.8|5.81|0.11
HR 1079|03 32 36.0|09 22 25.0|5.77|-0.08
HR 108|00 28 21.10|-20 20 06.0|6.43|0.59
HR 1080|03 39 24.79|75 44 22.9|6.27|0.97
HR 1081|03 30 37.1|-47 22 31.1|5.99|0.11
HR 1082|03 31 53.90|-25 36 51.1|6.38|0.12
HR 1083|03 29 22.70|-62 56 15.0|4.72|0.40
HR 1084|03 32 55.80|-09 27 29.9|3.73|0.88
HR 1085|03 34 08.30|17 49 58.1|6.17|0.89
HR 1086|03 34 26.59|24 27 51.8|5.92|0.13
HR 1087|03 36 29.40|48 11 34.1|4.23|-0.06
HR 1088|03 33 47.30|-21 37 58.1|4.27|-0.11
HR 1089|03 34 49.20|06 25 04.1|6.49|0.63
HR 109|00 28 26.40|-39 54 54.0|5.43|1.56
HR 1090|03 32 34.80|-50 22 43.0|5.68|1.10
HR 1091|03 34 37.39|-09 52 07.0|6.25|0.02
HR 1092|03 30 51.60|-66 29 22.9|5.83|-0.06
HR 1093|03 33 56.81|-31 04 49.1|6.20|0.48
HR 1094|03 38 19.70|56 55 58.1|6.30|-0.13
HR 1095|03 34 33.50|-31 52 28.9|6.40|1.40
HR 1096|03 32 51.60|-61 01 00.8|6.41|1.04
HR 1097|03 38 00.19|42 34 59.2|6.42|-0.06
HR 1098|03 35 57.70|-11 11 37.0|5.57|0.91
HR 1099|03 36 47.30|00 35 16.1|5.71|0.92
HR 11|00 07 44.11|-02 32 56.0|6.43|-0.14
HR 110|00 28 56.59|36 54 00.0|6.26|0.92
HR 1100|03 36 17.40|-17 28 00.8|5.23|-0.13
HR 1101|03 36 52.39|00 24 06.1|4.28|0.58
HR 1102|03 37 47.81|15 25 50.9|6.39|0.17
HR 1103|03 39 00.10|20 54 56.9|6.50|0.15
HR 1104|03 34 24.70|-65 45 51.8|6.75|0.17
HR 1105|03 42 09.29|63 13 00.1|5.10|1.63
HR 1106|03 37 05.71|-40 16 28.9|4.58|1.04
HR 1107|04 10 01.49|86 37 34.0|5.86|0.37
HR 1108|03 38 29.21|-07 23 30.1|5.85|0.98
HR 1109|03 29 58.80|-78 21 06.8|5.70|0.93
HR 111|00 28 43.10|-50 31 58.1|6.26|1.09
HR 1110|03 39 25.70|16 32 12.1|6.16|1.00
HR 1111|03 39 01.10|-05 37 34.0|5.96|0.92
HR 1112|03 42 42.70|59 58 09.8|5.76|1.71
HR 1113|03 41 07.90|37 34 48.0|5.57|-0.07
HR 1114|03 38 47.69|-27 56 35.2|6.01|-0.02
HR 1115|03 39 51.10|03 03 24.8|5.57|0.94
HR 1116|03 39 38.30|-03 23 35.2|6.23|1.04
HR 1117|03 39 25.39|-10 26 13.9|6.19|1.03
HR 1118|03 40 46.30|25 19 45.8|6.11|0.06
HR 1119|03 39 59.50|-01 07 14.2|6.12|1.00
HR 112|00 30 55.1|77 01 09.8|6.21|0.84
HR 1120|03 40 11.40|-15 13 36.1|6.33|0.88
HR 1121|03 40 38.30|-05 12 38.2|5.53|-0.15
HR 1122|03 42 55.51|47 47 15.0|3.01|-0.13
HR 1123|03 42 22.51|33 57 54.0|4.97|-0.01
HR 1124|03 46 00.89|67 12 06.1|5.80|0.35
HR 1125|03 41 13.80|-11 48 11.2|6.49|0.36
HR 1126|03 42 18.91|19 42 01.1|5.69|-0.01
HR 1127|03 44 06.41|48 31 25.0|6.06|1.55
HR 1128|03 41 22.39|-19 35 04.9|6.59|0.09
HR 1129|03 46 02.30|63 20 42.0|4.80|0.80
HR 113|00 30 19.90|59 58 37.9|5.94|0.01
HR 1130|03 44 40.90|46 05 58.9|6.11|0.28
HR 1131|03 44 19.10|32 17 17.9|3.83|0.05
HR 1132|03 43 47.21|19 39 54.0|6.14|1.01
HR 1133|03 44 31.39|36 27 36.0|5.59|0.06
HR 1134|03 42 14.90|-31 56 17.9|5.00|-0.16
HR 1135|03 45 11.59|42 34 43.0|3.77|0.42
HR 1136|03 43 14.90|-09 45 47.9|3.54|0.92
HR 1137|03 44 28.10|20 55 43.0|6.10|0.01
HR 1138|03 49 13.80|70 52 16.0|5.44|0.09
HR 1139|03 43 33.79|-10 29 08.2|5.60|0.22
HR 114|00 30 07.30|29 45 06.1|5.23|0.24
HR 1140|03 44 48.19|24 17 21.8|5.46|-0.04
HR 1141|03 45 59.30|45 40 54.8|5.66|-0.07
HR 1142|03 44 52.51|24 06 47.9|3.70|-0.11
HR 1143|03 42 50.11|-37 18 49.0|4.59|1.20
HR 1144|03 45 09.70|24 50 21.1|5.64|-0.07
HR 1145|03 45 12.50|24 28 01.9|4.30|-0.11
HR 1146|03 44 30.50|-01 09 47.2|5.25|-0.10
HR 1147|03 47 32.21|55 55 21.0|6.10|-0.03
HR 1148|03 50 21.50|71 19 55.9|4.63|0.03
HR 1149|03 45 49.61|24 22 04.1|3.87|-0.07
HR 115|00 29 51.89|-14 51 51.1|6.14|0.37
HR 1150|03 44 56.50|-00 17 48.1|5.55|1.42
HR 1151|03 45 54.41|24 33 16.9|5.76|-0.04
HR 1152|03 46 02.90|24 31 41.2|6.43|-0.02
HR 1153|03 45 40.39|06 03 00.0|5.35|-0.12
HR 1154|03 36 30.0|-78 19 23.2|6.29|1.15
HR 1155|03 49 31.20|65 31 34.0|4.47|1.88
HR 1156|03 46 19.61|23 56 53.9|4.18|-0.06
HR 1157|03 44 06.19|-40 39 37.1|6.45|1.06
HR 1158|03 49 36.70|63 17 49.9|5.85|0.18
HR 1159|03 46 09.50|06 48 11.2|5.91|0.99
HR 116|00 29 48.91|-32 07 00.1|6.57|1.34
HR 1160|03 48 18.29|50 44 12.1|6.14|0.06
HR 1161|03 49 19.61|57 07 05.2|6.46|0.06
HR 1162|03 46 08.50|-12 06 06.1|4.42|1.63
HR 1163|03 47 52.61|33 36 00.0|6.57|0.08
HR 1164|03 47 48.91|32 11 42.0|6.25|0.47
HR 1165|03 47 29.11|24 06 18.0|2.87|-0.09
HR 1166|03 51 41.81|68 30 27.0|6.32|-0.08
HR 1167|03 44 50.59|-48 03 41.0|6.49|1.02
HR 1168|03 44 33.79|-54 16 26.0|6.30|1.04
HR 1169|03 45 15.79|-47 21 34.9|5.73|0.96
HR 117|00 30 02.40|-03 57 25.9|5.72|1.56
HR 1170|03 49 08.21|43 57 47.2|6.02|0.29
HR 1171|03 46 27.41|-29 20 17.2|5.90|0.12
HR 1172|03 48 20.90|23 25 16.0|5.45|-0.07
HR 1173|03 46 50.90|-23 14 58.9|4.23|0.42
HR 1174|03 48 16.30|11 08 35.9|5.07|-0.13
HR 1175|03 44 12.0|-64 48 24.8|3.85|1.13
HR 1176|03 50 04.49|44 58 04.1|5.66|0.76
HR 1177|03 49 32.59|33 05 29.0|5.11|0.07
HR 1178|03 49 09.70|24 03 11.9|3.63|-0.09
HR 1179|03 47 20.11|-29 54 06.8|6.55|0.49
HR 118|00 30 22.70|-23 47 16.1|5.19|0.12
HR 1180|03 49 11.21|24 08 12.1|5.09|-0.08
HR 1181|03 47 39.60|-23 52 28.9|5.24|0.07
HR 1182|03 48 38.90|00 13 40.1|5.91|1.23
HR 1183|03 49 43.51|23 42 42.1|6.17|-0.05
HR 1184|03 47 55.99|-30 10 04.1|5.54|0.98
HR 1185|03 49 55.1|22 14 39.8|6.07|-0.01
HR 1186|03 47 49.61|-36 06 20.9|6.21|-0.10
HR 1187|03 48 35.81|-20 54 11.2|5.81|1.64
HR 1188|03 50 18.91|25 34 45.8|5.26|0.21
HR 1189|03 48 35.40|-37 37 19.9|5.40|0.01
HR 119|00 30 27.79|-40 56 21.8|6.19|0.33
HR 1190|03 48 35.90|-37 37 14.2|4.73|-0.03
HR 1191|03 51 53.71|34 21 33.1|5.77|0.00
HR 1192|03 53 43.30|57 58 30.0|5.80|0.18
HR 1193|03 51 36.60|22 01 54.1|6.83|
HR 1194|03 51 15.79|13 02 44.9|6.30|-0.07
HR 1195|03 49 27.31|-36 12 01.1|4.17|0.95
HR 1196|03 56 30.19|71 49 18.1|6.34|0.30
HR 1197|03 52 04.30|31 10 05.9|6.25|0.20
HR 1198|03 53 38.71|48 39 02.2|5.76|1.05
HR 1199|03 52 00.19|06 32 04.9|5.67|0.06
HR 12|00 07 46.80|-22 30 32.0|5.94|0.14
HR 120|00 30 26.9|-48 12 54.0|5.69|0.35
HR 1200|03 50 37.61|-36 25 31.1|6.86|-0.04
HR 1201|03 53 10.1|17 19 36.8|5.97|0.34
HR 1202|03 52 41.59|-05 21 41.0|5.48|-0.10
HR 1203|03 54 07.90|31 53 01.0|2.85|0.12
HR 1204|03 57 25.51|63 04 19.9|5.03|-0.09
HR 1205|03 57 08.30|61 06 32.0|5.00|1.45
HR 1206|03 53 13.1|-18 26 03.8|6.22|0.88
HR 1207|03 55 58.20|47 52 17.0|5.37|-0.08
HR 1208|03 47 14.30|-74 14 20.0|3.24|1.62
HR 1209|03 55 22.99|31 02 44.9|6.10|0.29
HR 121|00 31 25.30|66 31 09.8|6.18|-0.10
HR 1210|03 56 36.50|50 41 43.1|5.28|0.41
HR 1211|03 54 17.40|-02 57 10.1|6.14|0.09
HR 1212|03 54 17.50|-02 57 16.9|4.79|0.94
HR 1213|03 53 42.60|-24 36 45.0|4.65|-0.13
HR 1214|03 53 38.90|-34 43 55.9|5.11|-0.13
HR 1215|03 56 28.70|35 04 52.0|5.49|-0.03
HR 1216|03 53 33.29|-46 53 37.0|5.93|1.24
HR 1217|03 55 16.30|-12 05 57.1|6.00|0.32
HR 1218|03 56 52.10|22 28 41.2|5.63|0.30
HR 1219|03 54 23.21|-40 21 25.9|5.71|0.60
HR 122|00 31 25.61|33 34 54.1|5.87|1.14
HR 1220|03 57 51.19|40 00 37.1|2.89|-0.18
HR 1221|03 57 03.79|23 10 32.2|6.06|0.02
HR 1222|03 57 26.40|24 27 42.8|6.16|1.37
HR 1223|03 58 03.10|34 48 51.8|6.53|0.23
HR 1224|03 57 01.70|06 02 24.0|6.09|0.06
HR 1225|03 56 37.90|-09 45 02.9|6.19|0.28
HR 1226|03 58 29.11|38 50 25.1|6.30|1.08
HR 1227|03 54 34.1|-52 41 26.2|6.46|0.16
HR 1228|03 58 57.89|35 47 28.0|4.04|0.01
HR 1229|03 59 40.1|38 49 14.2|6.38|0.10
HR 123|00 31 46.39|54 31 19.9|4.73|-0.10
HR 1230|04 10 02.81|80 41 55.0|5.10|0.56
HR 1231|03 58 01.80|-13 30 31.0|2.95|1.59
HR 1232|03 58 52.30|-05 28 12.0|5.83|1.00
HR 1233|03 59 40.70|10 19 50.9|6.37|0.42
HR 1234|04 01 14.69|36 59 24.0|6.41|-0.01
HR 1235|03 59 30.10|-12 34 27.1|5.60|1.48
HR 1236|03 56 04.1|-63 27 49.0|6.14|1.10
HR 1237|04 00 36.91|17 17 48.1|6.32|0.06
HR 1238|04 00 48.79|18 11 38.0|5.89|0.32
HR 1239|04 00 40.80|12 29 25.1|3.47|-0.12
HR 124|00 31 41.21|52 50 21.8|5.60|1.15
HR 1240|03 59 55.51|-24 00 59.0|4.66|-0.13
HR 1241|04 06 03.10|68 40 48.0|5.87|1.54
HR 1242|04 04 27.19|59 09 20.2|5.06|0.50
HR 1243|04 01 46.10|09 59 52.1|5.67|0.02
HR 1244|04 01 31.99|-01 32 58.9|5.28|-0.15
HR 1245|03 58 42.89|-57 06 09.0|6.05|0.44
HR 1246|04 00 40.70|-30 29 26.9|5.93|0.04
HR 1247|03 58 44.69|-61 24 01.1|4.56|1.62
HR 1248|04 06 39.0|65 31 14.9|6.17|0.14
HR 1249|04 02 36.70|-00 16 08.0|5.38|0.50
HR 125|00 31 25.1|-48 48 13.0|4.77|0.02
HR 1250|04 00 15.70|-51 33 52.9|6.51|1.64
HR 1251|04 03 09.41|05 59 21.1|3.91|0.03
HR 1252|04 04 21.70|24 06 20.9|5.47|0.86
HR 1253|04 03 44.59|05 26 08.2|5.33|-0.08
HR 1254|04 03 56.59|08 11 49.9|5.46|0.37
HR 1255|04 06 36.60|54 00 31.0|6.31|0.99
HR 1256|04 04 41.71|22 04 54.8|4.36|1.07
HR 1257|04 04 09.89|02 49 36.8|5.36|0.50
HR 1258|04 03 24.70|-20 08 39.1|6.46|-0.18
HR 1259|04 03 36.79|-20 09 29.9|7.01|1.22
HR 126|00 31 32.71|-62 57 29.2|4.37|-0.07
HR 1260|04 07 51.10|62 19 48.0|6.99|0.42
HR 1261|04 06 34.99|50 21 05.0|4.29|0.02
HR 1262|04 05 20.21|22 00 32.0|5.90|0.62
HR 1263|04 04 08.71|-16 35 20.0|6.39|1.26
HR 1264|04 00 53.81|-62 09 33.8|4.51|1.65
HR 1265|04 04 22.70|-12 47 33.0|5.61|1.08
HR 1266|04 01 18.19|-61 04 44.0|4.97|1.42
HR 1267|04 04 40.99|-20 22 54.1|6.13|1.16
HR 1268|04 06 36.41|27 36 00.0|5.20|-0.13
HR 1269|04 07 00.50|29 00 05.0|5.23|0.34
HR 127|00 31 33.60|-62 57 56.9|4.54|0.15
HR 1270|04 09 27.60|59 54 29.2|6.28|1.14
HR 1271|03 42 32.11|-85 15 43.9|6.41|-0.01
HR 1272|04 05 56.50|-08 51 22.0|6.26|0.06
HR 1273|04 08 39.70|47 42 45.0|4.04|-0.03
HR 1274|04 05 46.70|-20 30 43.9|6.34|0.92
HR 1275|04 05 37.39|-27 39 06.1|5.59|0.31
HR 1276|04 09 22.39|54 49 44.0|6.18|
HR 1277|04 08 15.31|37 43 40.1|6.09|0.95
HR 1278|04 08 36.60|38 02 22.9|5.51|0.46
HR 1279|04 07 42.0|15 09 46.1|6.01|0.40
HR 128|00 32 26.81|43 29 40.9|6.70|-0.01
HR 1280|04 07 59.40|17 20 22.9|5.89|1.50
HR 1281|04 13 44.90|72 07 35.0|6.03|1.01
HR 1282|04 12 51.60|68 30 06.1|6.32|1.18
HR 1283|04 09 10.1|19 36 33.1|5.50|1.07
HR 1284|04 09 01.61|13 23 53.9|5.95|0.05
HR 1285|04 07 25.10|-42 55 00.8|6.59|0.93
HR 1286|04 10 58.99|33 35 12.1|5.72|1.44
HR 1287|04 10 49.90|26 28 50.9|5.41|0.34
HR 1288|04 09 17.81|-16 23 08.9|5.37|-0.15
HR 1289|04 28 13.1|83 48 28.1|5.57|-0.13
HR 129|00 33 19.30|70 58 54.1|6.42|-0.01
HR 1290|04 10 22.51|-06 55 26.0|5.44|0.94
HR 1291|04 08 33.91|-45 51 52.9|6.59|0.38
HR 1292|04 11 20.30|05 31 23.2|5.72|0.36
HR 1293|04 10 47.69|-08 49 10.9|5.70|1.06
HR 1294|04 07 21.60|-64 13 21.0|6.38|0.64
HR 1295|04 12 31.39|17 16 39.0|6.09|1.08
HR 1296|04 15 01.80|57 27 37.1|6.08|0.61
HR 1297|04 12 51.19|22 24 49.0|6.12|0.19
HR 1298|04 11 51.91|-06 50 15.0|4.04|0.33
HR 1299|04 10 45.79|-35 16 26.0|6.44|1.07
HR 13|00 08 03.50|-33 31 45.8|5.68|1.12
HR 130|00 33 00.0|62 55 54.1|4.16|0.14
HR 1300|04 11 36.19|-20 21 22.0|5.79|0.18
HR 1301|04 13 59.59|37 58 00.8|6.45|
HR 1302|04 10 50.59|-41 59 37.0|4.93|0.33
HR 1303|04 14 53.90|48 24 33.8|4.14|0.95
HR 1304|04 30 00.10|83 20 26.2|5.46|0.87
HR 1305|04 16 53.59|61 51 01.1|5.70|-0.14
HR 1306|04 14 53.30|40 29 01.0|4.71|1.01
HR 1307|04 13 34.80|10 12 43.9|6.23|0.05
HR 1308|04 13 31.30|08 53 26.2|6.51|0.16
HR 1309|04 13 33.10|07 42 58.0|5.29|0.36
HR 131|00 32 35.50|20 17 39.8|5.38|1.08
HR 1310|04 13 49.90|12 45 11.9|6.25|1.16
HR 1311|04 13 56.40|09 15 49.0|4.84|0.80
HR 1312|04 13 38.21|-01 08 58.9|6.44|-0.13
HR 1313|04 17 08.21|57 51 38.2|5.71|1.09
HR 1314|04 16 43.10|53 36 42.8|5.19|0.05
HR 1315|04 14 36.29|10 00 40.0|5.22|-0.10
HR 1316|04 12 31.61|-44 22 05.9|6.71|1.48
HR 1317|04 27 02.81|80 49 27.1|5.43|1.17
HR 1318|04 14 23.71|-10 15 23.0|4.87|1.17
HR 1319|04 15 46.30|15 24 02.2|6.32|0.40
HR 132|00 32 23.81|06 57 20.2|5.67|0.00
HR 1320|04 15 32.11|08 53 31.9|4.29|-0.06
HR 1321|04 15 25.80|06 11 58.9|6.93|0.70
HR 1322|04 15 29.21|06 11 12.1|6.31|0.59
HR 1323|04 13 35.71|-40 21 28.1|6.37|1.46
HR 1324|04 18 14.59|50 17 44.2|4.61|0.04
HR 1325|04 15 16.30|-07 39 10.1|4.43|0.82
HR 1326|04 14 00.10|-42 17 39.8|3.86|1.10
HR 1327|04 20 40.30|65 08 26.2|5.27|0.81
HR 1328|04 18 08.21|42 08 28.0|6.22|-0.08
HR 1329|04 17 15.60|20 34 43.0|4.94|0.26
HR 133|00 32 34.51|27 34 50.2|6.67|
HR 1330|04 19 13.30|50 02 56.0|5.45|0.22
HR 1331|04 18 23.21|21 34 45.1|5.65|0.28
HR 1332|04 17 19.20|-06 28 18.8|5.94|1.08
HR 1333|04 20 11.50|50 55 14.9|5.55|-0.01
HR 1334|04 18 24.50|09 29 12.1|6.54|0.16
HR 1335|04 21 47.59|60 44 08.2|5.39|1.49
HR 1336|04 14 25.51|-62 28 26.0|3.35|0.91
HR 1337|04 20 14.40|41 48 29.2|5.92|0.94
HR 1338|04 16 01.61|-51 29 12.1|4.25|0.30
HR 1339|04 19 26.9|21 08 31.9|5.35|-0.08
HR 134|00 32 49.10|28 16 49.1|6.30|1.00
HR 1340|04 14 48.70|-62 11 30.8|5.45|1.10
HR 1341|04 19 36.70|21 46 25.0|5.38|-0.14
HR 1342|04 21 51.79|56 30 24.1|5.88|
HR 1343|04 20 24.60|34 34 00.1|4.93|0.94
HR 1344|04 20 10.1|31 57 11.9|6.16|1.71
HR 1345|04 18 15.91|-20 42 56.2|6.00|1.67
HR 1346|04 19 47.59|15 37 39.0|3.65|0.99
HR 1347|04 17 53.69|-33 47 53.9|3.56|-0.12
HR 1348|04 20 21.31|27 21 02.9|4.95|1.15
HR 1349|04 19 37.49|10 07 17.0|6.31|1.43
HR 135|00 33 10.39|54 53 42.0|5.93|1.04
HR 1350|04 21 33.19|46 29 56.0|4.85|-0.03
HR 1351|04 19 57.70|14 02 07.1|5.59|0.28
HR 1352|04 22 57.89|59 36 59.0|6.19|
HR 1353|04 18 37.39|-22 58 13.1|6.07|0.30
HR 1354|04 20 25.10|18 44 33.0|6.12|0.37
HR 1355|04 16 28.90|-59 18 06.8|4.44|1.08
HR 1356|04 20 36.31|15 05 43.1|5.26|0.22
HR 1357|04 16 21.10|-60 56 55.0|6.37|0.07
HR 1358|04 20 52.80|13 51 51.1|6.17|0.46
HR 1359|04 19 03.0|-33 54 18.0|6.37|0.13
HR 136|00 32 43.80|-63 01 52.0|5.09|0.04
HR 1360|04 20 41.21|06 07 50.9|5.77|0.92
HR 1361|04 20 49.1|09 13 32.2|6.53|0.15
HR 1362|04 20 38.69|-06 14 44.2|6.27|0.91
HR 1363|04 20 42.79|-07 35 33.0|5.85|-0.13
HR 1364|04 19 16.61|-44 16 05.2|5.34|1.08
HR 1365|04 18 40.1|-52 51 36.0|6.09|0.49
HR 1366|04 21 27.10|-00 05 53.2|5.86|1.32
HR 1367|04 20 39.0|-20 38 22.9|5.38|-0.02
HR 1368|04 22 03.50|14 04 37.9|5.72|0.32
HR 1369|04 22 34.90|25 37 45.1|5.37|-0.05
HR 137|00 34 24.91|66 45 01.1|6.48|-0.08
HR 1370|04 22 22.80|20 49 17.0|5.91|1.66
HR 1371|04 23 35.90|42 25 41.2|6.23|0.00
HR 1372|04 17 40.20|-63 15 20.2|5.87|-0.07
HR 1373|04 22 56.9|17 32 33.0|3.76|0.98
HR 1374|04 21 31.30|-25 43 41.9|6.01|0.35
HR 1375|04 23 32.40|20 58 55.9|5.99|0.03
HR 1376|04 23 25.1|16 46 37.9|5.64|0.30
HR 1377|04 24 29.21|34 07 50.2|5.73|-0.06
HR 1378|04 23 59.81|24 18 04.0|6.36|0.17
HR 1379|04 24 37.39|33 57 34.9|5.76|0.40
HR 138|00 33 41.11|-29 33 29.9|5.55|1.27
HR 1380|04 24 05.81|17 26 38.0|4.80|0.15
HR 1381|04 23 51.89|09 27 38.9|5.12|0.07
HR 1382|04 27 00.91|57 35 07.1|6.32|0.04
HR 1383|04 23 40.80|-03 44 44.2|5.17|0.08
HR 1384|04 23 05.71|-24 53 31.9|5.83|1.51
HR 1385|04 24 57.10|19 02 30.1|5.98|0.37
HR 1386|04 23 07.70|-35 32 42.0|6.39|1.24
HR 1387|04 25 22.10|22 17 38.0|4.22|0.13
HR 1388|04 25 25.1|22 11 58.9|5.28|0.25
HR 1389|04 25 29.40|17 55 41.2|4.29|0.05
HR 139|00 33 23.30|-71 15 58.0|6.13|0.23
HR 1390|04 26 06.31|31 26 20.0|5.28|0.97
HR 1391|04 25 37.30|15 56 26.9|6.46|0.49
HR 1392|04 26 18.50|22 48 49.0|4.28|0.26
HR 1393|04 24 02.21|-34 01 00.8|3.96|1.49
HR 1394|04 26 20.81|15 37 05.9|4.49|0.25
HR 1395|04 21 53.30|-63 23 11.0|5.24|0.96
HR 1396|04 26 36.41|14 42 49.0|4.69|0.98
HR 1397|04 26 21.10|08 35 25.1|6.06|0.02
HR 1398|04 24 56.40|-34 45 28.1|6.55|0.44
HR 1399|04 27 17.50|22 59 47.0|5.53|-0.10
HR 14|00 08 12.10|-02 26 52.1|6.07|1.38
HR 140|00 34 27.79|-52 22 23.2|5.57|0.47
HR 1400|04 27 00.70|02 04 45.8|6.23|1.09
HR 1401|04 33 30.70|72 31 43.0|5.94|0.30
HR 1402|04 27 28.80|11 12 45.0|5.88|0.05
HR 1403|04 28 00.79|21 37 12.0|5.72|0.27
HR 1404|04 25 19.10|-44 09 38.9|6.39|0.44
HR 1405|04 24 12.19|-57 04 17.0|6.29|0.66
HR 1406|04 28 51.89|30 21 41.0|6.40|0.52
HR 1407|04 28 26.40|16 21 34.9|4.97|1.13
HR 1408|04 28 23.40|14 44 26.9|5.90|0.32
HR 1409|04 28 37.1|19 10 49.1|3.53|1.01
HR 141|00 34 55.30|13 22 16.0|6.40|
HR 1410|04 26 57.0|-24 04 53.0|6.11|0.14
HR 1411|04 28 34.51|15 57 43.9|3.84|0.95
HR 1412|04 28 39.70|15 52 14.9|3.40|0.18
HR 1413|04 28 03.60|01 51 31.0|6.15|1.02
HR 1414|04 28 50.21|13 02 51.0|5.03|0.23
HR 1415|04 28 32.11|01 22 50.9|5.55|-0.10
HR 1416|04 25 05.30|-61 14 17.9|5.94|1.54
HR 1417|04 32 01.80|53 54 38.9|5.77|0.18
HR 1418|04 27 06.0|-46 56 51.0|6.10|0.46
HR 1419|04 30 38.30|32 27 29.2|6.21|-0.04
HR 142|00 35 14.90|-03 35 34.1|5.20|0.56
HR 1420|04 29 42.89|10 31 18.1|6.79|0.09
HR 1421|04 28 39.0|-19 27 29.9|5.96|1.22
HR 1422|04 30 08.59|15 38 17.2|5.58|0.32
HR 1423|04 29 06.89|-13 02 53.9|5.60|-0.23
HR 1424|04 31 24.0|40 00 37.1|6.26|0.04
HR 1425|04 30 02.40|10 15 45.0|6.48|1.03
HR 1426|04 17 59.9|-80 12 50.0|5.69|0.84
HR 1427|04 30 33.70|16 11 38.0|4.78|0.17
HR 1428|04 30 38.90|15 41 30.8|5.48|0.26
HR 1429|04 28 09.41|-41 57 36.0|6.44|1.64
HR 143|00 35 32.81|-00 30 20.2|5.93|0.44
HR 1430|04 30 37.30|13 43 27.8|5.40|0.26
HR 1431|04 30 09.70|-13 35 31.9|6.24|1.00
HR 1432|04 31 51.79|15 51 06.1|6.02|0.34
HR 1433|04 29 19.99|-46 30 55.1|6.16|1.06
HR 1434|04 33 24.91|43 03 50.0|6.09|0.38
HR 1435|04 27 45.91|-62 31 14.9|5.75|1.01
HR 1436|04 32 04.80|05 24 36.0|6.39|0.42
HR 1437|04 31 52.70|-00 02 38.0|4.91|1.32
HR 1438|04 31 25.90|-13 38 42.0|6.21|0.12
HR 1439|04 30 40.30|-35 39 13.0|5.96|1.00
HR 144|00 36 08.30|54 10 07.0|5.08|-0.11
HR 1440|04 36 24.19|64 15 42.1|5.94|-0.03
HR 1441|04 32 37.39|-03 12 33.1|5.81|-0.14
HR 1442|04 33 32.90|18 01 00.1|6.25|0.07
HR 1443|04 30 50.9|-44 57 14.0|5.07|-0.19
HR 1444|04 33 50.90|14 50 39.8|4.65|0.25
HR 1445|04 34 37.99|28 57 40.0|5.88|-0.06
HR 1446|04 33 48.10|09 24 47.2|6.01|1.06
HR 1447|04 33 22.1|-10 47 08.9|6.06|1.38
HR 1448|04 34 08.30|05 34 07.0|5.68|0.05
HR 1449|04 33 54.79|-06 44 20.0|5.72|-0.13
HR 145|00 35 54.70|13 12 24.1|6.41|0.52
HR 1450|04 34 14.21|-06 50 16.1|6.09|1.38
HR 1451|04 34 11.59|-08 13 53.0|5.11|1.70
HR 1452|04 34 11.71|-08 58 13.1|5.26|1.47
HR 1453|04 33 30.60|-29 46 00.1|4.51|0.98
HR 1454|04 36 41.40|41 15 52.9|4.25|1.22
HR 1455|04 35 42.70|19 52 54.1|6.36|
HR 1456|04 20 57.89|-81 34 48.0|5.79|0.35
HR 1457|04 35 55.20|16 30 33.1|0.85|1.54
HR 1458|04 35 39.29|10 09 38.9|4.25|0.18
HR 1459|04 36 29.21|23 20 26.9|6.02|0.38
HR 146|00 36 27.31|60 19 34.0|5.79|0.29
HR 1460|04 35 13.99|-09 44 12.1|6.37|0.11
HR 1461|04 35 00.50|-19 55 14.2|6.13|1.17
HR 1462|04 36 01.61|-03 36 42.8|6.33|-0.10
HR 1463|04 36 19.10|-03 21 09.0|3.93|-0.21
HR 1464|04 35 33.0|-30 33 43.9|3.82|0.98
HR 1465|04 33 59.81|-55 02 42.0|3.27|-0.10
HR 1466|04 39 58.10|53 28 23.2|5.35|0.32
HR 1467|04 39 54.70|53 04 46.9|5.05|1.07
HR 1468|04 46 00.31|76 36 40.0|6.49|0.51
HR 1469|04 37 13.70|00 59 53.9|5.31|-0.12
HR 147|00 35 41.11|-48 00 02.9|5.51|0.44
HR 1470|04 38 29.59|26 56 24.0|6.47|
HR 1471|04 38 15.79|20 41 04.9|5.92|-0.05
HR 1472|04 38 09.41|16 01 59.9|5.79|0.31
HR 1473|04 38 09.50|12 30 38.9|4.27|0.12
HR 1474|04 37 36.10|-02 28 23.9|5.23|0.28
HR 1475|04 33 34.1|-62 49 25.0|5.79|1.04
HR 1476|04 36 50.90|-30 43 00.1|6.30|-0.10
HR 1477|04 39 23.11|25 13 05.9|6.22|0.16
HR 1478|04 39 09.19|15 47 58.9|5.07|0.15
HR 1479|04 39 16.49|15 55 05.2|4.69|0.15
HR 148|00 35 33.41|-54 49 18.8|6.06|1.01
HR 1480|04 39 06.19|07 52 14.9|5.39|0.26
HR 1481|04 38 10.80|-14 18 14.0|3.87|1.09
HR 1482|04 41 24.10|48 18 02.9|5.67|-0.02
HR 1483|04 38 53.59|-12 07 23.2|5.01|0.07
HR 1484|04 40 03.41|12 11 52.1|5.46|-0.12
HR 1485|04 22 50.90|-82 53 57.1|6.76|0.20
HR 1486|04 43 18.10|59 31 14.9|6.50|
HR 1487|04 39 19.70|-14 21 33.1|5.45|1.06
HR 1488|04 39 47.21|-01 03 10.1|6.10|0.94
HR 1489|04 41 50.30|38 16 49.1|5.99|0.57
HR 149|00 36 19.99|27 15 16.9|6.50|-0.09
HR 1490|04 41 19.80|28 36 54.0|5.78|-0.03
HR 1491|04 48 50.30|75 56 28.0|6.06|0.28
HR 1492|04 36 45.60|-62 04 39.0|5.40|1.58
HR 1493|04 43 21.60|49 58 26.0|5.87|0.02
HR 1494|04 42 54.29|43 21 54.0|5.29|0.00
HR 1495|04 40 06.79|-24 28 57.0|5.58|0.92
HR 1496|04 40 26.50|-19 40 18.1|4.32|1.61
HR 1497|04 42 14.69|22 57 24.8|4.28|-0.13
HR 1498|04 39 04.30|-51 40 22.1|6.44|1.32
HR 1499|04 43 13.80|24 05 20.0|6.13|0.54
HR 15|00 08 23.30|29 05 26.2|2.06|-0.11
HR 150|00 36 03.0|-14 58 25.0|6.45|1.06
HR 1500|04 44 12.89|40 47 12.8|6.08|0.06
HR 1501|04 43 48.29|32 51 55.1|6.45|
HR 1502|04 40 33.70|-41 51 50.0|4.45|0.34
HR 1503|04 42 03.50|-37 08 39.8|5.05|0.37
HR 1504|04 40 18.29|-58 56 37.0|6.53|0.68
HR 1505|04 43 34.61|-08 47 37.0|6.82|0.39
HR 1506|04 43 35.9|-08 47 46.0|6.70|0.92
HR 1507|04 44 25.80|11 08 46.0|5.40|0.25
HR 1508|04 44 05.30|-08 30 13.0|5.90|-0.11
HR 1509|04 43 09.29|-30 45 56.2|5.68|1.41
HR 151|00 36 06.91|-22 50 33.0|6.06|0.29
HR 1510|04 50 36.41|70 56 30.1|6.37|-0.08
HR 1511|04 48 00.31|56 45 25.9|5.30|0.25
HR 1512|04 45 42.50|23 37 41.2|6.35|0.06
HR 1513|04 44 07.99|-18 40 00.1|5.53|0.02
HR 1514|04 46 44.40|40 18 46.1|5.97|0.93
HR 1515|04 48 07.1|55 36 09.0|6.26|
HR 1516|04 42 46.39|-50 28 53.0|5.31|0.98
HR 1517|04 46 16.80|18 44 06.0|6.01|1.21
HR 1518|04 43 44.21|-41 03 52.9|6.25|1.46
HR 1519|04 46 01.70|11 42 20.2|5.37|0.19
HR 152|00 36 46.61|44 29 19.0|5.13|1.60
HR 1520|04 45 30.10|-03 15 16.9|4.02|-0.15
HR 1521|04 45 04.20|-21 17 01.0|5.72|1.47
HR 1522|04 46 24.10|-02 57 15.8|6.33|0.04
HR 1523|05 00 20.71|81 11 38.0|5.07|1.28
HR 1524|04 45 49.61|-34 00 18.0|6.86|0.00
HR 1525|04 46 25.80|-28 05 15.0|6.19|0.19
HR 1526|04 45 55.39|-39 21 24.1|6.05|1.07
HR 1527|04 52 05.21|63 30 19.1|5.44|1.57
HR 1528|04 49 19.1|32 35 17.9|5.86|0.24
HR 1529|04 49 12.79|31 26 13.9|5.58|1.12
HR 153|00 36 58.30|53 53 48.8|3.66|-0.20
HR 1530|04 44 21.10|-59 43 58.1|5.27|0.20
HR 1531|04 38 21.70|-77 39 22.0|6.05|1.10
HR 1532|04 47 36.31|-16 56 03.8|5.51|0.63
HR 1533|04 49 54.60|37 29 17.9|4.88|1.44
HR 1534|04 48 44.59|03 35 17.9|6.03|1.19
HR 1535|04 51 09.29|48 44 26.9|5.66|0.99
HR 1536|04 48 36.31|-05 40 26.0|5.78|0.62
HR 1537|04 49 44.9|15 54 15.1|6.08|1.60
HR 1538|04 48 32.50|-16 19 45.8|5.77|0.55
HR 1539|04 47 49.61|-30 01 13.1|6.37|1.07
HR 154|00 36 52.90|33 43 09.8|4.36|-0.14
HR 1540|04 44 57.89|-63 13 46.9|6.46|1.08
HR 1541|04 43 03.91|-70 55 52.0|5.54|-0.12
HR 1542|04 54 03.0|66 20 34.1|4.29|0.03
HR 1543|04 49 50.40|06 57 41.0|3.19|0.45
HR 1544|04 50 36.70|08 54 01.1|4.36|0.01
HR 1545|04 49 42.19|-13 46 10.9|6.26|0.44
HR 1546|04 53 09.79|52 50 26.9|6.41|
HR 1547|04 51 22.51|18 50 22.9|5.10|0.21
HR 1548|04 48 33.79|-43 58 48.0|6.72|0.95
HR 1549|04 50 11.59|-16 13 01.9|5.03|0.98
HR 155|00 36 47.30|15 13 54.1|5.89|-0.15
HR 1550|04 52 47.81|42 35 12.1|5.71|0.11
HR 1551|04 52 37.99|36 42 11.2|4.78|1.41
HR 1552|04 51 12.41|05 36 18.0|3.69|-0.17
HR 1553|04 51 43.39|09 58 30.0|6.11|0.08
HR 1554|04 52 47.11|27 53 51.0|5.97|0.37
HR 1555|04 55 03.10|55 15 33.1|5.52|0.04
HR 1556|04 52 31.99|14 15 02.2|4.74|1.84
HR 1557|04 50 16.20|-41 19 14.9|6.07|0.37
HR 1558|04 54 51.31|44 03 38.9|6.08|-0.02
HR 1559|04 51 28.20|-34 54 23.0|5.86|0.08
HR 156|00 37 07.20|24 00 51.1|6.47|
HR 1560|04 52 53.69|-05 27 10.1|4.39|0.25
HR 1561|04 56 07.10|52 52 09.8|5.75|0.11
HR 1562|04 53 22.80|02 30 29.2|5.33|1.64
HR 1563|04 50 55.20|-53 27 41.0|5.61|0.33
HR 1564|04 50 56.30|-53 27 34.9|6.42|
HR 1565|04 53 55.80|01 34 09.8|6.61|0.04
HR 1566|04 54 58.30|19 29 07.1|6.37|0.29
HR 1567|04 54 15.10|02 26 26.2|3.72|-0.18
HR 1568|04 57 17.21|53 45 07.9|4.47|-0.02
HR 1569|04 54 46.90|11 25 34.0|5.19|0.12
HR 157|00 37 21.10|35 23 57.8|5.48|0.88
HR 1570|04 54 53.81|10 09 02.9|4.65|0.09
HR 1571|04 54 47.81|07 46 45.1|5.33|1.22
HR 1572|05 02 20.9|74 16 09.1|6.06|1.57
HR 1573|04 56 19.90|36 10 08.0|6.07|0.41
HR 1574|04 54 50.71|00 28 03.0|5.99|-0.12
HR 1575|04 56 15.60|24 35 31.9|6.37|0.33
HR 1576|04 55 50.30|15 02 24.0|5.81|-0.08
HR 1577|04 56 59.59|33 09 58.0|2.69|1.53
HR 1578|04 55 58.39|05 23 57.1|6.50|0.02
HR 1579|04 55 06.79|-16 44 26.2|5.70|0.96
HR 158|00 39 47.30|82 29 38.0|6.40|0.55
HR 1580|04 56 22.30|13 30 51.8|4.07|1.15
HR 1581|04 55 18.60|-16 25 04.1|5.72|0.88
HR 1582|04 56 24.19|-05 10 17.0|5.51|-0.13
HR 1583|04 55 30.19|-25 43 40.1|6.72|0.27
HR 1584|04 54 54.79|-39 37 43.0|6.10|1.42
HR 1585|04 57 22.30|17 09 13.0|5.48|1.31
HR 1586|04 57 48.70|23 56 55.0|5.79|1.11
HR 1587|05 04 13.1|73 45 50.0|6.66|
HR 1588|04 59 46.30|53 09 20.2|6.08|1.46
HR 1589|05 04 39.79|74 04 00.8|5.96|
HR 159|00 37 20.71|-24 46 01.9|5.57|0.72
HR 1590|04 58 09.41|25 03 01.1|5.81|0.00
HR 1591|04 57 17.21|-01 04 01.9|6.23|0.42
HR 1592|04 59 15.41|37 53 25.1|4.94|0.04
HR 1593|05 01 35.90|61 04 41.2|6.03|0.41
HR 1594|05 02 50.40|66 49 22.1|6.19|0.48
HR 1595|04 57 44.81|-14 13 53.0|6.15|-0.21
HR 1596|04 58 10.80|-02 12 45.0|6.35|0.10
HR 1597|04 54 52.99|-58 32 49.9|6.12|0.44
HR 1598|04 53 30.50|-66 40 32.2|6.41|1.63
HR 1599|05 00 18.29|39 23 40.9|5.95|0.41
HR 16|00 08 17.40|-08 49 26.0|5.99|1.04
HR 160|00 36 37.39|-65 07 28.9|6.42|1.26
HR 1600|04 58 59.40|14 32 34.1|6.09|0.04
HR 1601|04 58 32.90|01 42 51.1|4.47|1.40
HR 1602|05 00 23.21|39 39 18.0|6.58|
HR 1603|05 03 25.10|60 26 31.9|4.03|0.92
HR 1604|04 59 01.30|-16 22 32.9|5.66|0.43
HR 1605|05 01 58.10|43 49 23.9|2.99|0.54
HR 1606|04 53 05.50|-72 24 27.0|6.28|0.52
HR 1607|04 59 36.50|-14 48 20.9|7.71|5.74
HR 1608|04 59 50.40|-10 15 47.9|5.38|0.80
HR 1609|05 00 32.59|03 36 55.1|7.03|
HR 161|00 37 30.50|03 08 07.1|6.39|1.33
HR 1610|05 00 33.91|03 36 58.0|6.66|-0.07
HR 1611|04 59 55.80|-12 32 15.0|4.79|0.26
HR 1612|05 02 28.70|41 04 32.9|3.75|1.22
HR 1613|05 00 39.79|-02 03 56.2|6.32|0.28
HR 1614|05 00 49.1|-05 45 11.9|6.22|1.06
HR 1615|05 03 18.60|41 26 30.1|6.14|0.16
HR 1616|05 31 48.0|85 56 19.0|6.51|0.32
HR 1617|05 01 26.30|-07 10 26.0|4.81|-0.19
HR 1618|05 01 50.30|00 43 19.9|5.92|1.27
HR 1619|05 02 00.0|01 36 32.0|6.24|-0.04
HR 162|00 37 18.10|-54 23 39.1|6.41|1.00
HR 1620|05 03 05.71|21 35 24.0|4.64|0.16
HR 1621|05 01 25.61|-20 03 06.8|4.91|-0.05
HR 1622|05 06 08.50|58 58 21.0|5.08|-0.08
HR 1623|05 06 12.19|59 01 16.0|6.08|1.12
HR 1624|05 06 29.69|61 10 12.0|6.04|1.37
HR 1625|05 02 45.50|-04 12 34.9|5.85|1.21
HR 1626|05 04 14.50|30 29 40.9|6.14|1.21
HR 1627|05 04 36.89|32 19 13.1|6.62|0.27
HR 1628|05 02 09.79|-26 16 30.0|5.02|1.07
HR 1629|04 55 11.21|-74 56 12.8|5.47|1.52
HR 163|00 38 33.31|29 18 42.1|4.37|0.87
HR 1630|05 06 22.1|54 24 20.9|7.24|
HR 1631|05 01 34.51|-39 43 05.2|6.03|0.88
HR 1632|05 04 37.90|27 41 46.0|6.60|0.24
HR 1633|05 04 21.60|21 16 41.2|6.19|1.32
HR 1634|05 02 44.90|-22 47 42.0|5.75|1.20
HR 1635|05 02 22.80|-31 46 17.0|5.94|1.17
HR 1636|05 09 36.70|69 38 21.8|6.41|1.11
HR 1637|05 06 40.61|51 35 52.1|5.00|0.33
HR 1638|05 04 34.10|15 24 15.1|4.68|-0.06
HR 1639|05 06 00.91|35 56 11.0|6.52|0.16
HR 164|00 39 09.91|49 21 15.8|5.43|1.64
HR 1640|05 03 52.1|-14 22 09.8|6.41|-0.18
HR 1641|05 06 30.91|41 14 03.8|3.17|-0.18
HR 1642|05 05 32.11|19 48 23.0|6.44|0.21
HR 1643|05 12 22.39|73 56 48.1|5.43|-0.12
HR 1644|05 06 49.61|43 10 28.9|6.20|0.43
HR 1645|05 03 53.30|-24 23 16.1|5.61|0.10
HR 1646|05 04 54.50|-03 02 22.9|6.05|-0.11
HR 1647|05 09 44.50|64 55 09.8|6.41|0.40
HR 1648|05 05 23.69|01 10 39.0|6.17|3.45
HR 1649|05 02 48.60|-49 09 05.0|5.38|0.42
HR 165|00 39 19.70|30 51 38.9|3.27|1.28
HR 1650|05 14 35.59|76 28 22.1|6.37|-0.02
HR 1651|05 03 54.0|-41 44 42.0|6.31|0.53
HR 1652|05 04 24.41|-35 28 59.9|4.55|1.20
HR 1653|05 04 26.9|-35 42 19.1|6.34|0.30
HR 1654|05 05 27.70|-22 22 16.0|3.19|1.46
HR 1655|05 05 16.20|-26 09 09.0|5.73|1.17
HR 1656|05 07 27.0|18 38 42.0|5.00|0.65
HR 1657|05 06 45.70|-04 39 18.0|5.12|-0.06
HR 1658|05 07 48.41|20 25 05.9|5.30|0.09
HR 1659|05 08 06.60|24 15 55.1|5.50|0.06
HR 166|00 39 21.79|21 15 02.2|5.87|0.85
HR 1660|05 07 55.49|21 42 16.9|5.89|0.19
HR 1661|05 06 36.70|-13 07 18.8|6.05|-0.06
HR 1662|05 07 38.30|09 28 18.8|6.17|0.62
HR 1663|05 04 58.1|-49 34 40.1|5.03|1.49
HR 1664|05 07 52.90|08 29 53.9|5.34|0.33
HR 1665|05 07 25.1|-12 29 26.2|5.97|0.60
HR 1666|05 07 51.0|-05 05 11.0|2.79|0.13
HR 1667|05 05 00.60|-54 24 27.0|6.27|1.54
HR 1668|05 10 42.89|46 57 43.9|5.68|0.42
HR 1669|05 10 18.91|37 18 06.8|6.02|0.72
HR 167|00 39 55.61|21 26 17.9|5.36|1.16
HR 1670|05 09 45.10|28 01 50.2|6.01|0.27
HR 1671|05 08 20.21|-08 39 54.0|5.78|-0.06
HR 1672|05 09 19.61|09 49 45.8|5.43|0.24
HR 1673|05 08 43.61|-04 27 22.0|5.12|0.44
HR 1674|05 05 30.60|-57 28 22.1|4.72|0.52
HR 1675|05 13 03.19|61 51 00.0|6.17|0.02
HR 1676|05 09 42.0|15 35 49.9|4.82|0.32
HR 1677|05 02 43.1|-71 18 51.8|5.31|1.00
HR 1678|05 13 31.30|62 41 29.0|6.50|0.21
HR 1679|05 09 08.81|-08 45 15.1|4.27|-0.19
HR 168|00 40 30.50|56 32 13.9|2.23|1.17
HR 1680|05 08 14.81|-35 43 05.9|6.52|1.08
HR 1681|05 10 03.19|-00 33 55.1|6.10|1.10
HR 1682|05 00 13.20|-78 18 01.1|6.29|1.51
HR 1683|05 18 13.30|73 16 05.2|5.74|
HR 1684|05 11 41.59|16 02 44.2|5.18|1.49
HR 1685|05 10 58.1|-02 15 14.0|6.25|0.98
HR 1686|05 22 33.50|79 13 52.0|5.05|0.47
HR 1687|05 11 19.20|-02 29 26.9|5.90|0.46
HR 1688|05 15 11.30|59 24 20.2|6.15|1.18
HR 1689|05 13 25.70|38 29 03.8|4.86|0.18
HR 169|00 38 40.80|-73 08 13.9|6.85|0.11
HR 1690|05 11 41.40|00 30 52.9|6.67|-0.07
HR 1691|05 11 45.31|01 02 12.8|5.89|0.66
HR 1692|05 14 44.30|53 12 50.0|6.20|0.07
HR 1693|05 11 22.80|-11 50 57.1|5.68|1.46
HR 1694|05 10 44.50|-25 54 33.8|6.41|1.25
HR 1695|05 07 34.1|-63 23 58.9|5.20|1.65
HR 1696|05 12 17.90|-11 52 09.1|4.45|-0.10
HR 1697|05 12 48.19|-06 03 25.9|5.91|0.96
HR 1698|05 13 17.50|02 51 40.0|4.46|1.19
HR 1699|05 11 35.90|-37 23 43.1|6.57|1.62
HR 17|00 08 40.99|36 37 36.1|6.19|0.48
HR 170|00 39 57.91|-33 57 42.1|6.69|0.51
HR 1700|05 06 09.29|-73 02 16.1|6.27|-0.01
HR 1701|05 13 31.61|01 58 05.2|6.09|0.42
HR 1702|05 12 55.90|-16 12 20.2|3.31|-0.11
HR 1703|05 13 47.21|00 33 37.1|6.32|1.46
HR 1704|05 13 33.29|-08 08 52.1|6.37|-0.13
HR 1705|05 13 13.90|-12 56 29.0|4.36|-0.10
HR 1706|05 15 24.41|32 41 16.1|5.02|0.23
HR 1707|05 17 17.81|53 35 10.0|6.50|1.66
HR 1708|05 16 41.40|45 59 53.2|0.08|0.80
HR 1709|05 14 44.9|05 09 22.0|5.50|1.37
HR 171|00 39 52.1|-44 47 48.1|6.01|1.14
HR 1710|05 13 59.90|-14 36 24.1|6.21|0.37
HR 1711|05 15 27.70|22 17 04.9|6.27|0.08
HR 1712|05 16 18.19|34 18 42.8|5.96|0.22
HR 1713|05 14 32.30|-08 12 06.1|0.12|-0.03
HR 1714|05 43 48.70|85 40 05.2|6.60|
HR 1715|05 13 46.49|-35 49 32.2|6.98|1.47
HR 1716|04 58 50.90|-82 28 14.2|5.85|0.93
HR 1717|05 15 18.41|-01 24 33.1|6.15|0.39
HR 1718|05 16 04.10|11 20 29.0|5.56|-0.04
HR 1719|05 19 27.79|58 07 01.9|6.13|-0.03
HR 172|00 40 28.61|-16 31 00.8|6.49|0.92
HR 1720|05 20 22.61|62 39 13.0|5.61|1.75
HR 1721|05 14 28.80|-35 58 37.9|5.76|1.01
HR 1722|05 18 15.91|42 47 31.9|5.48|1.65
HR 1723|05 15 24.29|-26 56 35.9|5.07|-0.10
HR 1724|05 16 41.9|01 56 49.9|6.42|-0.02
HR 1725|05 18 40.39|40 27 54.0|6.18|1.37
HR 1726|05 18 10.70|33 22 18.1|4.54|1.27
HR 1727|05 13 53.30|-52 01 52.0|6.05|1.39
HR 1728|05 18 18.91|33 46 01.9|6.14|-0.06
HR 1729|05 19 08.50|40 05 57.1|4.71|0.63
HR 173|00 40 32.90|-23 48 15.8|6.14|0.70
HR 1730|05 15 46.99|-34 55 36.1|6.66|0.15
HR 1731|05 16 48.10|-17 08 30.1|6.56|-0.16
HR 1732|05 19 00.0|33 44 53.9|5.41|-0.19
HR 1733|05 20 02.30|44 25 32.2|6.62|
HR 1734|05 19 23.59|33 59 08.2|6.49|0.24
HR 1735|05 17 36.41|-06 50 39.8|3.60|-0.11
HR 1736|05 20 39.29|46 57 50.0|6.54|0.60
HR 1737|05 17 40.20|-13 31 10.9|5.50|0.93
HR 1738|05 20 14.81|41 05 10.0|5.52|0.11
HR 1739|05 19 16.61|22 05 47.0|4.94|0.93
HR 174|00 40 42.41|-04 21 06.8|5.91|1.10
HR 1740|05 20 00.91|33 57 29.2|5.03|0.27
HR 1741|05 19 14.69|20 08 04.9|6.08|1.01
HR 1742|05 15 38.90|-52 10 54.8|6.49|1.21
HR 1743|05 17 29.9|-34 53 43.1|4.83|1.00
HR 1744|05 13 45.41|-67 11 07.1|4.83|1.28
HR 1745|05 29 25.70|77 58 39.0|6.56|0.14
HR 1746|05 19 11.21|02 35 44.9|5.34|0.41
HR 1747|05 18 50.40|-18 07 48.0|5.96|0.58
HR 1748|05 19 35.21|-01 24 43.9|6.34|-0.11
HR 1749|05 21 48.41|41 48 15.8|5.23|-0.15
HR 175|00 41 07.20|39 27 31.0|5.33|0.89
HR 1750|05 20 59.30|27 57 25.9|6.33|0.04
HR 1751|05 23 27.79|57 32 39.8|5.28|-0.03
HR 1752|05 21 12.70|29 34 12.0|5.76|0.06
HR 1753|05 19 17.50|-18 31 12.0|6.36|-0.16
HR 1754|05 19 18.29|-18 30 34.9|6.54|-0.11
HR 1755|05 20 56.59|19 48 51.1|6.18|1.23
HR 1756|05 19 34.51|-13 10 36.1|4.29|-0.26
HR 1757|05 19 59.9|-12 18 56.2|5.30|-0.12
HR 1758|05 19 23.69|-27 22 08.0|5.99|-0.04
HR 1759|05 20 26.40|-05 22 00.1|6.39|-0.03
HR 176|00 40 26.40|-59 27 15.8|5.89|0.55
HR 1760|05 22 50.30|41 01 45.8|5.54|0.12
HR 1761|05 21 19.30|04 00 42.8|6.57|-0.09
HR 1762|05 20 26.90|-21 14 21.8|4.71|-0.05
HR 1763|05 21 43.61|08 25 43.0|5.80|-0.13
HR 1764|05 21 31.80|-00 24 59.0|5.68|-0.12
HR 1765|05 21 45.70|-00 22 57.0|4.73|-0.17
HR 1766|05 20 20.59|-34 41 56.0|6.34|0.33
HR 1767|05 19 22.10|-50 36 22.0|5.45|0.51
HR 1768|05 23 22.90|28 56 12.1|6.46|-0.04
HR 1769|05 21 51.0|-13 45 22.0|6.56|-0.09
HR 177|00 42 03.41|66 08 51.0|5.83|1.04
HR 1770|05 22 49.99|03 32 39.8|5.00|-0.15
HR 1771|05 21 46.20|-24 46 23.2|5.06|0.67
HR 1772|05 21 16.90|-34 20 43.1|6.09|-0.19
HR 1773|05 24 39.19|37 23 08.2|4.99|1.42
HR 1774|05 23 37.70|16 41 57.8|6.08|0.14
HR 1775|05 24 38.30|31 13 26.0|6.28|1.24
HR 1776|05 24 38.50|31 08 35.2|5.94|0.04
HR 1777|05 23 31.10|05 19 21.0|6.35|0.12
HR 1778|05 23 18.50|-08 24 56.9|5.90|-0.03
HR 1779|05 25 13.1|34 51 19.1|6.55|1.11
HR 178|00 41 36.0|24 37 45.1|6.04|0.26
HR 1780|05 24 25.39|17 22 59.9|4.99|0.53
HR 1781|05 23 42.29|-00 09 34.9|5.70|-0.21
HR 1782|05 23 51.41|-00 52 01.9|6.11|0.50
HR 1783|05 23 30.19|-13 55 37.9|5.25|-0.21
HR 1784|05 23 56.81|-07 48 29.2|4.14|0.96
HR 1785|05 23 12.0|-26 42 20.9|6.49|0.50
HR 1786|05 24 36.19|02 21 10.1|6.32|-0.15
HR 1787|05 24 28.90|-00 53 29.0|5.08|0.96
HR 1788|05 24 28.61|-02 23 48.8|3.36|-0.17
HR 1789|05 24 44.81|01 50 47.0|4.95|-0.20
HR 179|00 42 03.89|50 30 45.0|4.80|-0.11
HR 1790|05 25 07.90|06 20 58.9|1.64|-0.22
HR 1791|05 26 17.50|28 36 27.0|1.65|-0.13
HR 1792|05 24 28.39|-16 58 34.0|5.65|0.00
HR 1793|05 23 24.0|-39 40 43.0|5.71|1.62
HR 1794|05 26 54.29|35 27 25.9|6.15|1.45
HR 1795|05 26 48.91|34 23 30.1|5.94|0.14
HR 1796|05 26 51.31|33 15 46.1|6.15|1.15
HR 1797|05 23 39.0|-37 20 12.1|6.82|1.04
HR 1798|05 26 05.71|16 42 01.1|6.25|-0.08
HR 1799|05 25 01.61|-10 19 45.1|5.61|1.56
HR 18|00 08 33.41|-17 34 39.0|6.06|1.67
HR 180|00 41 19.61|-46 05 06.0|4.59|0.97
HR 1800|05 25 31.20|-00 32 39.1|6.57|-0.05
HR 1801|05 22 22.10|-56 08 03.8|6.11|-0.10
HR 1802|05 30 10.20|63 04 01.9|5.42|1.71
HR 1803|05 25 46.99|00 31 14.9|6.16|-0.18
HR 1804|05 27 08.30|30 12 31.0|5.74|0.16
HR 1805|05 27 38.90|34 28 32.9|5.07|1.40
HR 1806|05 26 02.40|-05 31 05.9|6.23|-0.06
HR 1807|05 26 38.81|06 52 09.1|6.42|-0.02
HR 1808|05 27 10.10|17 57 43.9|5.42|-0.10
HR 1809|05 27 13.80|15 15 28.1|6.16|0.08
HR 181|00 42 31.10|58 45 11.9|6.17|-0.01
HR 1810|05 27 38.11|21 56 12.8|4.88|-0.15
HR 1811|05 26 50.21|03 05 44.2|4.59|-0.21
HR 1812|05 25 59.81|-19 41 44.2|5.89|0.40
HR 1813|05 24 55.61|-44 13 32.9|6.08|1.20
HR 1814|05 27 45.60|15 52 27.1|5.50|0.01
HR 1815|05 12 25.70|-81 32 30.1|6.51|1.11
HR 1816|05 28 01.61|17 14 20.0|5.77|1.63
HR 1817|05 27 04.80|-11 54 02.9|6.35|0.51
HR 1818|05 24 46.20|-52 18 59.0|6.27|0.07
HR 1819|05 28 34.80|13 40 44.0|6.35|0.15
HR 182|00 42 41.70|41 15 50.0||
HR 1820|05 28 01.61|01 17 53.9|6.41|-0.18
HR 1821|05 29 16.49|25 09 02.2|5.47|-0.04
HR 1822|05 29 40.61|29 11 11.0|6.24|0.45
HR 1823|05 27 36.50|-21 22 32.2|6.07|1.04
HR 1824|05 30 48.60|41 27 42.8|6.00|1.11
HR 1825|05 30 45.10|39 49 32.9|6.37|0.97
HR 1826|05 28 56.71|-03 18 27.0|6.39|-0.01
HR 1827|05 27 05.30|-40 56 37.0|5.87|0.23
HR 1828|05 32 33.79|57 13 16.0|6.48|0.57
HR 1829|05 28 14.69|-20 45 33.8|2.84|0.82
HR 183|00 41 46.39|-56 30 06.1|5.70|0.20
HR 1830|05 29 23.59|-03 26 47.0|5.79|1.15
HR 1831|05 30 43.39|22 27 45.0|6.29|1.18
HR 1832|05 30 26.9|15 21 37.1|5.94|0.14
HR 1833|05 29 54.79|01 47 21.1|5.78|-0.20
HR 1834|05 29 43.99|-01 05 31.9|4.71|1.57
HR 1835|05 28 15.31|-37 13 50.2|5.57|0.02
HR 1836|05 26 19.30|-58 54 45.0|5.14|1.00
HR 1837|05 30 19.80|04 12 15.1|6.21|1.27
HR 1838|05 29 06.70|-30 07 00.1|6.75|1.06
HR 1839|05 30 47.11|05 56 53.2|4.20|-0.14
HR 184|00 43 28.10|47 01 28.9|4.94|0.18
HR 1840|05 30 20.71|-07 26 04.9|6.33|-0.19
HR 1841|05 31 59.10|30 26 45.0||
HR 1842|05 31 14.50|03 17 31.9|5.46|-0.18
HR 1843|05 32 43.70|32 11 30.8|4.76|0.34
HR 1844|05 39 43.70|75 02 38.0|6.17|1.57
HR 1845|05 32 12.79|18 35 39.8|4.38|2.07
HR 1846|05 33 28.70|42 06 32.0|6.55|-0.02
HR 1847|05 32 14.21|17 03 29.2|5.46|-0.04
HR 1848|05 31 20.90|-06 42 29.9|6.22|-0.17
HR 1849|05 31 07.61|-20 51 49.0|5.55|0.00
HR 185|00 42 42.91|-38 27 47.9|6.06|-0.03
HR 1850|05 33 27.50|32 48 04.0|6.48|0.09
HR 1851|05 32 00.50|-00 17 03.8|6.85|-0.16
HR 1852|05 32 00.41|-00 17 57.1|2.23|-0.22
HR 1853|05 37 16.20|66 41 46.0|6.26|
HR 1854|05 33 37.99|34 43 32.9|6.27|0.15
HR 1855|05 31 55.80|-07 18 05.0|4.62|-0.26
HR 1856|05 30 09.50|-47 04 40.1|5.46|0.62
HR 1857|05 37 15.10|64 09 16.9|6.15|0.01
HR 1858|05 33 31.61|18 32 25.1|5.69|0.01
HR 1859|05 27 00.0|-68 37 22.1|6.03|0.34
HR 186|00 42 41.81|-60 15 45.0|5.98|1.32
HR 1860|05 33 38.81|20 28 27.1|6.18|-0.07
HR 1861|05 32 41.30|-01 35 30.8|5.35|-0.19
HR 1862|05 31 12.70|-35 28 14.2|3.87|1.14
HR 1863|05 33 07.20|-01 43 05.9|6.46|-0.09
HR 1864|05 33 54.29|14 18 20.2|5.64|-0.14
HR 1865|05 32 43.80|-17 49 19.9|2.58|0.21
HR 1866|05 36 35.21|54 25 44.0|5.73|1.63
HR 1867|05 29 17.40|-62 18 51.8|6.59|1.53
HR 1868|05 33 31.39|-01 09 22.0|5.34|-0.18
HR 1869|05 36 15.91|47 42 55.1|6.11|0.26
HR 187|00 42 28.39|-65 28 05.2|5.39|0.50
HR 1870|05 31 36.10|-45 55 31.1|5.86|1.35
HR 1871|05 33 57.60|01 24 28.1|6.59|-0.17
HR 1872|05 34 16.70|03 46 00.8|5.36|0.05
HR 1873|05 34 03.91|-01 02 08.2|6.22|-0.17
HR 1874|05 34 04.1|-01 28 14.2|5.93|1.55
HR 1875|05 35 27.10|24 02 21.8|5.38|-0.09
HR 1876|05 34 49.20|09 29 21.8|4.41|-0.16
HR 1877|05 32 51.31|-38 30 47.2|5.48|1.22
HR 1878|05 35 55.49|27 39 43.9|6.27|1.54
HR 1879|05 35 08.30|09 56 03.1|3.54|-0.18
HR 188|00 43 35.40|-17 59 12.1|2.04|1.02
HR 1880|05 35 08.50|09 56 06.0|5.61|0.04
HR 1881|05 33 07.39|-35 08 22.9|5.78|1.07
HR 1882|05 30 15.91|-63 55 40.1|6.19|0.22
HR 1883|05 35 13.39|10 14 24.0|5.60|0.12
HR 1884|05 36 52.39|40 10 55.9|6.09|1.03
HR 1885|06 01 20.21|85 10 55.9|6.11|1.57
HR 1886|05 35 00.91|-06 00 33.1|5.67|-0.23
HR 1887|05 35 02.71|-06 00 06.8|4.78|-0.25
HR 1888|05 33 52.10|-29 50 56.0|6.53|-0.02
HR 1889|05 36 30.19|25 56 21.8|6.49|0.43
HR 189|00 44 26.40|47 51 51.1|5.67|-0.12
HR 1890|05 35 21.79|-04 29 35.9|6.56|-0.13
HR 1891|05 35 22.51|-04 25 31.1|6.24|-0.15
HR 1892|05 35 23.21|-04 50 17.9|4.59|-0.19
HR 1893|05 35 15.91|-05 23 13.9|6.73|0.02
HR 1894|05 35 16.10|-05 23 07.1|7.96|0.24
HR 1895|05 35 16.49|-05 23 22.9|5.13|0.02
HR 1896|05 35 17.30|-05 23 16.1|6.70|0.09
HR 1897|05 35 22.90|-05 24 58.0|5.08|-0.09
HR 1898|05 35 31.10|-04 21 52.9|6.38|-0.14
HR 1899|05 35 25.99|-05 54 36.0|2.77|-0.24
HR 19|00 08 52.20|25 27 46.1|6.23|0.97
HR 190|00 43 50.21|-12 00 42.1|6.02|1.10
HR 1900|05 35 35.81|-03 15 10.1|6.40|-0.12
HR 1901|05 35 39.50|-04 51 20.9|5.26|0.24
HR 1902|05 37 08.81|26 55 27.1|5.83|-0.07
HR 1903|05 36 12.79|-01 12 06.8|1.70|-0.19
HR 1904|05 37 45.70|33 33 33.1|6.33|1.31
HR 1905|05 37 03.79|17 02 25.1|5.54|0.22
HR 1906|05 36 15.0|-05 38 53.2|6.54|-0.18
HR 1907|05 36 54.29|09 17 26.2|4.09|0.95
HR 1908|05 37 04.39|11 02 06.0|5.94|1.58
HR 1909|05 35 15.41|-33 04 48.0|5.78|1.12
HR 191|00 43 21.19|-57 27 47.2|4.36|0.00
HR 1910|05 37 38.69|21 08 33.0|3.00|-0.19
HR 1911|05 36 35.71|-06 03 54.0|5.72|-0.22
HR 1912|05 33 44.40|-54 54 07.9|6.43|0.55
HR 1913|05 37 19.30|08 57 06.8|6.12|-0.17
HR 1914|05 38 38.11|30 29 33.0|5.40|0.45
HR 1915|05 36 10.30|-28 42 28.1|6.26|0.13
HR 1916|05 42 26.40|65 41 52.1|5.60|1.24
HR 1917|05 32 59.59|-64 13 39.0|5.34|1.04
HR 1918|05 37 27.41|-05 56 17.9|6.05|-0.22
HR 1919|05 37 08.81|-11 46 32.2|6.11|0.05
HR 192|00 45 39.0|74 59 17.2|5.66|0.05
HR 1920|05 38 01.10|07 32 29.0|5.88|-0.07
HR 1921|05 38 57.41|26 37 04.1|6.37|
HR 1922|05 33 37.49|-62 29 22.9|3.76|0.82
HR 1923|05 37 53.40|-04 48 49.0|6.19|-0.04
HR 1924|05 39 18.41|29 12 55.1|5.96|0.16
HR 1925|05 41 20.30|53 28 52.0|6.23|0.84
HR 1926|05 37 16.49|-27 52 17.0|6.16|0.34
HR 1927|05 36 02.71|-47 18 50.0|6.11|1.16
HR 1928|05 39 44.21|25 53 48.8|5.18|-0.15
HR 1929|05 39 27.0|21 45 46.1|6.34|0.06
HR 193|00 44 43.49|48 17 03.8|4.54|-0.07
HR 1930|05 35 02.40|-58 52 16.0|6.75|1.45
HR 1931|05 38 44.81|-02 36 00.0|3.81|-0.24
HR 1932|05 38 47.11|-02 35 39.1|6.65|-0.19
HR 1933|05 38 37.80|-06 34 26.0|5.96|-0.23
HR 1934|05 39 11.9|04 07 17.0|4.57|-0.11
HR 1935|05 37 44.59|-28 41 21.8|5.31|0.46
HR 1936|05 34 57.60|-61 10 32.9|6.32|0.85
HR 1937|05 38 53.11|-07 12 47.2|4.80|0.13
HR 1938|05 40 35.90|31 21 29.2|6.04|0.04
HR 1939|05 40 42.10|31 55 14.9|6.11|2.12
HR 194|00 44 11.40|-10 36 33.8|4.76|1.01
HR 1940|05 39 31.20|-03 33 52.9|6.00|0.27
HR 1941|05 43 01.61|56 34 54.1|6.05|0.95
HR 1942|05 39 30.79|-09 42 24.1|6.50|-0.10
HR 1943|05 44 08.59|61 28 36.1|6.15|0.90
HR 1944|05 39 16.30|-17 50 57.8|6.38|-0.12
HR 1945|05 41 21.0|29 29 15.0|6.43|-0.11
HR 1946|05 41 17.71|16 32 02.0|4.86|-0.13
HR 1947|05 38 43.61|-40 42 27.0|5.82|-0.09
HR 1948|05 40 45.50|-01 56 34.1|2.05|-0.21
HR 1949|05 40 45.60|-01 56 34.1|4.21|
HR 195|00 44 12.10|-38 25 18.1|5.90|1.16
HR 1950|05 40 37.30|-02 49 30.0|6.22|-0.20
HR 1951|05 41 54.60|23 19 35.0|6.59|-0.06
HR 1952|05 40 50.59|-01 07 44.0|4.95|-0.21
HR 1953|05 31 52.90|-76 20 28.0|5.19|1.13
HR 1954|05 42 03.91|22 39 37.1|6.36|
HR 1955|05 41 05.59|00 20 16.1|5.93|0.30
HR 1956|05 39 38.90|-34 04 27.1|2.64|-0.12
HR 1957|05 40 46.1|-10 24 33.8|6.52|-0.16
HR 1958|05 39 49.80|-32 37 45.1|5.45|0.92
HR 1959|05 41 40.30|-02 53 46.0|6.42|0.30
HR 196|00 45 17.21|55 13 18.1|5.42|0.04
HR 1960|05 36 54.70|-66 33 37.1|6.31|-0.07
HR 1961|05 43 19.51|23 12 15.1|6.21|-0.06
HR 1962|05 41 41.50|-16 43 32.2|6.21|-0.13
HR 1963|05 42 28.61|01 28 28.9|4.91|1.17
HR 1964|05 34 44.69|-73 44 29.0|5.78|1.71
HR 1965|05 42 14.30|-17 31 49.1|6.15|1.38
HR 1966|05 41 27.0|-33 24 02.2|6.34|-0.04
HR 1967|05 42 53.81|-06 47 46.0|6.02|0.40
HR 1968|05 42 13.90|-22 22 25.0|5.87|0.11
HR 1969|05 46 30.41|56 06 56.2|5.94|0.17
HR 197|00 44 44.40|-22 00 22.0|5.24|0.33
HR 1970|05 43 09.29|-01 36 47.2|6.31|1.47
HR 1971|05 45 54.0|49 49 35.0|5.47|0.03
HR 1972|05 42 11.59|-30 32 08.2|6.19|0.01
HR 1973|05 42 15.10|-34 40 04.1|5.29|-0.05
HR 1974|05 45 49.51|40 30 25.9|6.58|0.25
HR 1975|05 43 21.60|-18 33 27.0|5.73|-0.01
HR 1976|05 49 04.90|62 48 29.2|6.13|
HR 1977|05 45 39.41|20 41 42.0|6.95|3.03
HR 1978|05 45 01.90|04 00 29.2|6.09|0.31
HR 1979|05 47 14.69|42 31 36.1|6.29|1.35
HR 198|00 44 57.10|-42 40 36.1|5.94|0.28
HR 1980|05 44 28.39|-20 07 35.0|6.34|0.58
HR 1981|05 43 30.19|-39 24 24.8|6.25|0.37
HR 1982|05 44 26.50|-22 25 18.1|6.15|0.94
HR 1983|05 44 27.79|-22 26 53.9|3.60|0.47
HR 1984|05 43 41.9|-45 49 59.2|6.39|0.29
HR 1985|05 46 45.50|15 49 21.0|6.00|-0.06
HR 1986|05 46 02.81|-04 16 05.9|6.34|1.05
HR 1987|05 46 52.10|09 31 19.9|5.79|0.88
HR 1988|05 46 34.99|01 10 05.2|5.95|0.78
HR 1989|05 47 13.20|14 29 17.9|5.72|0.04
HR 199|00 44 32.30|-62 29 52.1|6.07|0.44
HR 1990|05 47 26.21|17 43 45.1|5.49|0.30
HR 1991|05 35 36.31|-78 49 14.9|6.05|-0.02
HR 1992|05 50 34.1|56 55 08.0|6.54|
HR 1993|05 47 42.89|13 53 58.9|5.29|-0.17
HR 1994|05 52 55.49|68 28 17.0|6.20|0.95
HR 1995|05 49 10.49|39 10 52.0|4.52|0.94
HR 1996|05 45 59.90|-32 18 23.0|5.17|-0.28
HR 1997|05 48 22.39|20 52 09.8|6.07|-0.08
HR 1998|05 46 57.29|-14 49 18.8|3.55|0.10
HR 1999|05 48 00.19|06 27 15.1|5.27|0.23
HR 2|00 05 03.79|-00 30 11.2|6.29|1.10
HR 20|00 09 20.21|79 42 52.9|6.01|0.19
HR 200|00 46 39.0|69 19 30.0|6.33|
HR 2000|05 47 07.61|-16 14 16.1|6.17|0.89
HR 2001|05 47 26.71|-10 31 59.2|6.03|0.16
HR 2002|05 49 01.1|24 34 03.0|4.86|1.01
HR 2003|05 50 56.40|51 30 52.9|6.29|1.05
HR 2004|05 47 45.41|-09 40 10.9|2.06|-0.17
HR 2005|05 47 04.70|-28 38 21.1|6.22|-0.15
HR 2006|05 52 17.40|58 57 51.1|6.14|-0.04
HR 2007|05 48 34.90|-04 05 40.9|5.97|0.64
HR 2008|05 46 27.41|-46 35 49.9|5.31|1.04
HR 2009|05 47 18.60|-35 40 28.9|6.32|1.18
HR 201|00 45 24.10|-04 37 45.1|6.15|1.62
HR 2010|05 49 32.90|12 39 04.0|4.91|-0.07
HR 2011|05 51 02.40|37 18 20.2|4.74|1.62
HR 2012|05 51 29.40|39 08 55.0|3.97|1.13
HR 2013|05 50 58.10|27 58 04.1|5.56|0.97
HR 2014|05 50 02.59|09 52 16.0|5.80|0.87
HR 2015|05 44 46.39|-65 44 08.2|4.35|0.21
HR 2016|05 50 28.90|14 18 20.2|5.52|1.01
HR 2017|05 47 58.10|-40 39 09.0|6.61|1.12
HR 2018|05 51 25.70|32 07 30.0|6.25|1.75
HR 2019|05 50 13.10|04 25 23.9|5.97|1.36
HR 202|00 45 00.0|-53 42 54.0|6.15|0.53
HR 2020|05 47 17.11|-51 03 59.0|3.85|0.17
HR 2021|05 49 36.50|-14 29 01.0|5.49|0.88
HR 2022|05 37 09.79|-80 28 09.1|5.65|0.60
HR 2023|05 47 13.1|-54 21 38.9|6.18|1.40
HR 2024|05 50 30.0|02 01 27.8|5.98|0.91
HR 2025|05 52 39.50|39 34 27.8|6.45|0.09
HR 2026|05 49 53.50|-22 58 18.1|5.87|0.06
HR 2027|05 54 57.79|59 53 17.9|5.20|0.02
HR 2028|05 52 40.10|33 55 03.0|5.98|1.60
HR 2029|05 54 50.81|55 42 24.8|4.99|0.05
HR 203|00 45 28.70|-12 52 50.9|6.15|0.61
HR 2030|05 52 23.40|19 52 05.2|6.06|0.54
HR 2031|05 51 22.1|-07 31 05.2|5.35|-0.20
HR 2032|05 49 34.10|-44 52 31.1|6.38|1.27
HR 2033|05 52 22.30|14 10 18.1|5.59|-0.05
HR 2034|05 53 19.61|27 36 43.9|4.58|-0.02
HR 2035|05 51 19.30|-20 52 45.1|3.81|0.99
HR 2036|05 51 28.61|-22 55 34.0|6.17|1.02
HR 2037|05 52 26.40|01 51 18.0|4.78|1.38
HR 2038|05 53 19.10|20 17 57.1|6.71|-0.07
HR 2039|05 52 07.61|-09 02 29.0|5.97|0.10
HR 204|00 46 15.10|55 18 19.1|6.52|
HR 2040|05 50 57.60|-35 46 05.9|3.12|1.16
HR 2041|05 57 34.99|66 05 46.0|6.25|1.36
HR 2042|05 49 49.70|-56 10 00.1|4.51|1.10
HR 2043|05 51 59.50|-29 26 55.0|6.45|1.48
HR 2044|05 50 28.61|-52 46 04.1|6.35|0.76
HR 2045|05 56 14.40|51 48 14.0|6.49|
HR 2046|05 54 58.99|31 42 06.1|5.90|0.14
HR 2047|05 54 22.90|20 16 34.0|4.41|0.59
HR 2048|05 54 13.39|10 35 12.8|6.12|1.47
HR 2049|05 50 53.21|-52 06 32.0|5.17|0.99
HR 205|00 46 10.90|44 51 41.0|6.05|-0.07
HR 2050|05 54 32.21|11 45 45.0|6.59|0.03
HR 2051|05 54 15.70|03 13 31.1|6.31|1.29
HR 2052|05 54 56.71|19 44 58.9|5.92|-0.17
HR 2053|05 52 33.19|-37 37 52.0|5.63|1.04
HR 2054|05 57 04.90|49 01 45.8|6.47|0.99
HR 2055|05 52 47.71|-38 31 32.9|6.70|1.08
HR 2056|05 53 06.89|-33 48 05.0|4.87|-0.15
HR 2057|05 54 44.9|00 58 05.9|6.00|1.34
HR 2058|05 54 34.70|-04 03 50.0|6.57|-0.18
HR 2059|05 30 13.90|-84 47 06.0|6.20|-0.02
HR 206|00 45 41.69|-16 25 27.1|6.47|0.31
HR 2060|05 53 57.41|-19 38 17.9|6.69|0.10
HR 2061|05 55 10.30|07 24 24.8|0.50|1.85
HR 2062|05 47 48.10|-72 42 07.9|6.53|1.08
HR 2063|05 55 49.30|20 10 30.0|5.40|0.99
HR 2064|05 49 53.59|-66 54 04.0|5.11|-0.14
HR 2065|05 54 43.61|-11 46 26.0|5.66|1.53
HR 2066|05 56 33.79|28 56 31.9|6.32|0.30
HR 2067|05 56 03.50|13 55 31.1|6.60|0.65
HR 2068|05 54 14.9|-29 08 52.1|6.36|0.37
HR 2069|05 53 22.90|-42 55 17.0|6.55|1.37
HR 207|00 46 42.41|59 34 27.8|6.39|1.09
HR 2070|05 55 30.31|-04 36 59.0|5.87|1.18
HR 2071|05 55 35.40|-04 47 17.9|6.28|0.06
HR 2072|05 52 20.30|-57 09 22.0|5.94|0.66
HR 2073|05 51 22.99|-64 02 01.0|6.36|0.86
HR 2074|05 56 56.9|24 14 58.9|6.02|0.39
HR 2075|05 56 28.1|09 30 34.9|5.99|-0.07
HR 2076|05 56 49.51|11 31 16.0|5.87|1.10
HR 2077|05 59 31.61|54 17 04.9|3.72|1.00
HR 2078|06 05 09.29|75 35 08.9|6.40|
HR 2079|05 59 45.70|55 19 14.9|6.44|0.31
HR 208|00 47 46.10|74 50 51.0|5.41|-0.08
HR 2080|05 59 48.10|54 32 49.9|6.14|1.20
HR 2081|05 59 21.79|49 55 27.8|5.89|1.23
HR 2082|05 54 52.51|-39 57 29.2|5.57|1.51
HR 2083|05 54 10.70|-50 21 42.8|6.52|0.90
HR 2084|05 57 59.69|25 57 14.0|4.82|-0.06
HR 2085|05 56 24.29|-14 10 04.1|3.71|0.33
HR 2086|05 56 14.30|-22 50 25.1|5.96|1.11
HR 2087|05 55 29.90|-37 07 14.9|4.97|1.11
HR 2088|05 59 31.70|44 56 51.0|1.90|0.03
HR 2089|05 54 41.9|-49 37 36.8|6.10|-0.13
HR 209|00 45 45.60|-47 33 06.1|5.80|0.64
HR 2090|05 56 34.51|-23 12 56.2|6.36|1.07
HR 2091|05 59 56.9|45 56 12.8|4.26|1.72
HR 2092|05 56 20.90|-31 22 57.0|5.50|
HR 2093|05 57 54.19|01 13 27.8|6.22|1.48
HR 2094|05 54 50.21|-52 38 07.1|5.29|0.31
HR 2095|05 59 43.30|37 12 45.0|2.62|-0.08
HR 2096|06 00 19.1|44 35 30.8|6.22|
HR 2097|05 58 11.71|-00 59 39.1|6.22|1.14
HR 2098|05 56 49.1|-31 58 34.0|6.44|1.07
HR 2099|05 58 53.21|12 48 31.0|5.70|0.89
HR 21|00 09 10.70|59 08 58.9|2.27|0.34
HR 210|00 46 11.81|-22 31 18.8|5.50|0.98
HR 2100|05 58 24.41|01 50 12.8|5.90|0.21
HR 2101|06 00 58.61|47 54 06.8|5.73|-0.01
HR 2102|05 54 06.10|-63 05 24.0|4.65|1.05
HR 2103|05 58 49.61|00 33 11.2|5.22|0.01
HR 2104|05 54 11.90|-64 28 55.9|6.63|0.38
HR 2105|06 01 43.10|48 57 33.8|5.96|1.45
HR 2106|05 57 32.21|-35 16 59.9|4.36|-0.18
HR 2107|05 59 01.1|-09 22 55.9|6.12|0.29
HR 2108|05 59 04.30|-09 33 29.9|5.03|0.19
HR 2109|05 59 37.70|-01 26 39.8|6.63|-0.07
HR 211|00 46 33.0|15 28 32.2|5.38|1.65
HR 2110|06 01 10.20|31 02 04.9|5.98|0.08
HR 2111|06 01 00.41|27 34 19.9|6.05|0.25
HR 2112|06 02 48.70|49 54 20.2|6.05|-0.06
HR 2113|06 00 03.41|-03 04 27.1|4.53|1.22
HR 2114|05 57 14.40|-53 25 34.0|6.45|1.48
HR 2115|06 02 53.59|43 22 43.0|6.42|
HR 2116|06 01 41.59|22 24 02.9|6.37|-0.07
HR 2117|05 58 37.61|-44 02 03.8|5.81|1.07
HR 2118|06 00 17.71|-12 53 58.9|6.22|0.36
HR 2119|06 03 18.0|42 54 42.1|6.10|0.97
HR 212|00 48 09.10|72 40 30.0|5.87|1.01
HR 2120|05 59 08.81|-42 48 55.1|3.96|1.14
HR 2121|06 05 08.30|59 23 35.2|6.34|1.10
HR 2122|06 02 55.10|32 38 08.9|6.24|0.42
HR 2123|06 04 29.9|51 34 23.9|6.45|0.18
HR 2124|06 02 22.99|09 38 51.0|4.12|0.16
HR 2125|05 50 16.70|-79 21 41.0|5.47|-0.08
HR 2126|06 06 39.19|63 27 13.0|6.39|
HR 2127|06 02 17.11|01 41 39.8|6.59|-0.05
HR 2128|06 01 50.40|-10 35 53.2|4.95|-0.12
HR 2129|06 01 13.10|-25 25 04.1|6.05|0.02
HR 213|00 47 01.51|11 58 26.0|5.50|0.97
HR 2130|06 03 27.29|19 41 26.2|5.14|-0.11
HR 2131|06 01 16.39|-33 54 42.1|5.55|1.58
HR 2132|06 05 03.41|42 58 54.1|5.87|0.30
HR 2133|06 03 24.70|11 40 50.9|6.08|-0.04
HR 2134|06 04 07.20|23 15 47.9|4.16|0.82
HR 2135|06 03 55.20|20 08 17.9|4.63|0.28
HR 2136|06 02 33.79|-14 29 49.9|6.20|0.96
HR 2137|06 05 02.59|37 57 51.1|6.34|
HR 2138|06 00 49.20|-51 12 59.0|5.67|0.20
HR 2139|06 05 34.1|33 35 57.1|6.23|-0.08
HR 214|00 47 13.61|19 34 44.0|6.13|0.27
HR 2140|06 03 15.50|-26 17 03.8|5.04|1.34
HR 2141|06 06 08.50|35 23 15.0|6.12|0.60
HR 2142|06 04 13.51|-06 42 33.1|5.21|-0.06
HR 2143|06 06 35.9|38 28 58.1|5.36|0.25
HR 2144|06 04 58.20|05 25 12.0|5.67|1.04
HR 2145|06 04 58.39|04 09 31.0|5.63|1.04
HR 2146|06 06 22.51|29 30 45.0|6.08|1.73
HR 2147|06 07 26.90|41 51 15.1|6.12|1.22
HR 2148|06 04 59.9|-16 29 03.8|4.93|0.24
HR 2149|06 04 20.30|-32 10 21.0|5.65|-0.19
HR 215|00 47 20.30|24 16 01.9|4.06|1.12
HR 2150|06 05 27.0|-10 14 34.1|5.87|0.37
HR 2151|06 02 09.19|-60 05 48.8|6.45|1.58
HR 2152|06 09 59.9|58 56 08.9|5.36|1.09
HR 2153|06 08 22.99|41 03 20.2|6.36|1.05
HR 2154|06 06 38.69|-04 11 38.0|5.38|-0.13
HR 2155|06 06 09.29|-14 56 07.1|4.67|0.05
HR 2156|06 05 45.70|-24 11 44.2|6.95|1.63
HR 2157|06 04 28.39|-45 02 12.1|6.35|0.52
HR 2158|06 04 40.20|-45 04 44.0|5.93|0.49
HR 2159|06 07 34.30|14 46 05.9|4.42|-0.17
HR 216|00 47 23.59|06 44 26.9|5.99|0.94
HR 2160|06 05 27.10|-35 30 49.0|5.80|0.02
HR 2161|06 06 51.89|-11 10 25.0|6.66|-0.15
HR 2162|06 04 46.90|-48 27 31.0|6.58|0.72
HR 2163|06 06 31.99|-23 06 38.2|5.47|0.08
HR 2164|06 06 05.50|-29 45 31.0|5.81|0.05
HR 2165|06 12 51.10|65 43 05.9|5.32|1.34
HR 2166|06 06 57.60|-21 48 46.1|5.78|1.64
HR 2167|06 08 47.21|08 40 12.0|6.55|-0.07
HR 2168|06 07 41.59|-19 09 56.9|5.31|1.68
HR 2169|06 09 32.40|22 11 24.0|5.93|1.63
HR 217|00 47 54.79|20 55 31.1|6.54|0.50
HR 2170|06 07 03.70|-34 18 42.8|5.83|-0.13
HR 2171|06 06 40.99|-42 17 55.0|6.12|0.25
HR 2172|06 11 46.1|52 38 49.9|6.30|0.14
HR 2173|06 09 43.99|23 06 47.9|5.75|0.21
HR 2174|06 08 57.89|02 29 57.8|5.73|0.07
HR 2175|06 11 36.50|48 42 47.2|6.82|
HR 2176|06 11 36.60|48 42 40.0|6.09|0.10
HR 2177|06 07 31.61|-37 15 11.2|5.02|-0.11
HR 2178|06 07 01.90|-45 05 29.0|6.51|1.16
HR 2179|06 09 36.19|-05 42 40.0|6.17|0.34
HR 218|00 47 43.30|-18 03 41.0|5.70|1.30
HR 2180|06 08 57.89|-22 25 39.0|5.50|-0.01
HR 2181|06 07 52.90|-42 09 14.0|5.50|0.00
HR 2182|06 09 20.30|-18 07 34.0|6.35|-0.03
HR 2183|06 09 34.30|-14 35 03.1|5.56|1.16
HR 2184|06 11 01.80|18 07 45.8|6.33|1.35
HR 2185|06 11 32.30|24 25 13.1|5.80|1.11
HR 2186|06 09 47.90|-22 46 27.1|5.71|0.44
HR 2187|06 08 34.61|-44 21 22.0|6.27|-0.15
HR 2188|06 13 45.31|51 10 21.0|6.04|1.06
HR 2189|06 12 20.9|32 41 35.9|5.78|1.66
HR 219|00 49 06.0|57 48 56.9|3.44|0.57
HR 2190|06 11 51.41|21 52 07.0|6.56|2.25
HR 2191|06 11 27.89|13 38 19.0|6.04|0.00
HR 2192|06 09 47.21|-26 42 02.9|6.27|1.01
HR 2193|06 12 01.30|19 47 26.2|5.75|-0.07
HR 2194|06 06 09.41|-66 02 22.9|5.71|-0.03
HR 2195|06 11 01.30|-06 45 15.1|6.15|0.01
HR 2196|06 07 03.41|-62 09 16.9|5.05|1.25
HR 2197|06 12 19.10|22 54 29.9|6.39|2.24
HR 2198|06 12 03.29|16 07 50.2|4.95|-0.14
HR 2199|06 11 56.40|14 12 32.0|4.48|-0.18
HR 22|00 09 02.40|18 12 42.8|5.53|1.04
HR 220|00 48 01.10|-21 43 21.0|5.57|-0.06
HR 2200|06 10 34.61|-27 09 15.1|5.72|1.07
HR 2201|06 15 40.61|59 59 57.1|5.35|1.34
HR 2202|06 11 43.70|-04 39 56.2|6.18|-0.08
HR 2203|06 10 10.30|-40 21 13.0|5.58|1.68
HR 2204|06 09 23.30|-49 33 46.1|6.49|0.52
HR 2205|06 11 51.79|-06 33 01.1|5.05|-0.20
HR 2206|06 11 13.51|-26 28 55.9|6.09|-0.04
HR 2207|06 13 33.41|18 40 49.1|6.58|-0.08
HR 2208|06 13 12.60|10 37 39.0|6.45|0.67
HR 2209|06 18 50.81|69 19 10.9|4.80|0.03
HR 221|00 48 17.40|07 18 00.0|5.93|1.10
HR 2210|06 12 44.40|-02 30 15.8|6.62|0.05
HR 2211|06 10 39.91|-45 16 54.8|6.31|-0.03
HR 2212|06 10 17.90|-54 58 07.0|4.81|-0.23
HR 2213|06 12 46.30|-17 45 47.2|6.52|-0.17
HR 2214|06 14 28.61|17 54 23.0|5.88|0.22
HR 2215|06 17 54.79|61 30 55.1|4.98|1.83
HR 2216|06 14 52.61|22 30 24.1|3.28|1.60
HR 2217|06 15 39.0|36 08 55.0|6.92|0.45
HR 2218|06 13 54.29|-03 44 29.0|5.83|0.94
HR 2219|06 15 22.70|29 29 53.2|4.35|1.02
HR 222|00 48 22.99|05 16 50.2|5.75|0.88
HR 2220|06 14 50.90|19 09 23.0|5.20|0.44
HR 2221|06 08 44.21|-68 50 35.9|5.06|-0.08
HR 2222|06 15 08.50|13 51 04.0|5.91|-0.23
HR 2223|06 15 25.10|16 08 35.2|5.30|-0.14
HR 2224|06 14 36.70|-04 34 05.9|5.83|-0.17
HR 2225|06 13 45.10|-23 51 42.8|6.39|0.72
HR 2226|06 13 33.29|-29 23 46.0|6.54|-0.10
HR 2227|06 14 51.31|-06 16 28.9|3.98|1.32
HR 2228|06 17 34.70|46 25 27.1|6.52|0.27
HR 2229|06 15 45.0|12 33 04.0|5.33|-0.02
HR 223|00 48 50.9|50 58 05.9|4.89|-0.11
HR 2230|06 16 19.1|23 58 12.0|6.08|0.90
HR 2231|06 15 40.10|06 03 58.0|6.07|-0.13
HR 2232|06 15 46.99|04 17 01.0|6.64|-0.17
HR 2233|06 15 34.30|-00 30 43.9|5.65|0.50
HR 2234|06 15 29.69|-04 54 55.1|5.99|0.09
HR 2235|06 16 23.81|17 10 53.0|6.39|1.58
HR 2236|06 15 54.0|01 10 09.1|6.37|0.46
HR 2237|06 15 25.99|-09 02 07.1|6.10|-0.08
HR 2238|06 19 37.39|59 00 38.9|4.48|0.01
HR 2239|06 18 16.90|46 21 38.2|6.38|1.11
HR 224|00 48 40.99|07 35 06.0|4.43|1.50
HR 2240|06 16 58.70|23 44 26.9|6.25|0.45
HR 2241|06 16 26.59|12 16 19.9|5.04|0.42
HR 2242|06 15 08.40|-20 16 19.9|5.91|1.32
HR 2243|06 15 17.50|-18 28 36.1|5.99|1.06
HR 2244|06 15 44.90|-13 43 05.9|5.01|-0.08
HR 2245|06 11 15.0|-65 35 21.8|5.01|1.62
HR 2246|06 16 21.19|01 04 49.1|6.63|-0.05
HR 2247|06 17 06.60|09 56 33.0|5.39|0.10
HR 2248|06 16 58.39|07 03 11.2|6.57|-0.12
HR 2249|06 16 07.70|-16 37 04.1|5.92|-0.17
HR 225|00 48 58.70|16 56 26.2|5.07|0.51
HR 2250|06 17 33.29|14 03 29.9|6.59|-0.03
HR 2251|06 17 16.10|05 06 01.1|5.71|0.61
HR 2252|06 15 57.19|-29 47 17.9|6.67|1.55
HR 2253|06 18 05.59|14 22 58.1|6.16|0.01
HR 2254|06 17 03.50|-22 42 54.0|6.07|0.56
HR 2255|06 17 35.21|-10 43 31.1|6.75|0.35
HR 2256|06 16 33.10|-35 08 26.2|4.37|1.00
HR 2257|06 22 03.60|59 22 19.9|5.94|
HR 2258|06 19 01.80|17 19 30.0|6.32|-0.07
HR 2259|06 18 40.49|09 02 49.9|6.24|0.87
HR 226|00 49 48.79|41 04 44.0|4.53|-0.15
HR 2260|06 17 41.71|-16 48 56.9|5.14|1.30
HR 2261|06 10 14.40|-74 45 11.2|5.09|0.72
HR 2262|06 16 35.59|-39 15 51.8|6.00|0.16
HR 2263|06 17 01.20|-37 44 15.0|5.53|1.14
HR 2264|06 21 46.10|53 27 07.9|5.36|0.43
HR 2265|06 17 09.50|-37 15 11.2|5.87|0.14
HR 2266|06 18 13.70|-19 58 00.8|5.52|-0.18
HR 2267|06 18 50.59|-09 23 25.1|5.36|1.24
HR 2268|06 18 48.79|-15 01 28.9|6.06|1.66
HR 2269|06 20 04.20|14 39 04.0|5.69|1.61
HR 227|00 49 25.61|-13 33 41.0|5.59|1.30
HR 2270|06 19 07.90|-08 35 11.0|6.22|-0.04
HR 2271|06 18 58.99|-20 55 34.0|5.81|-0.15
HR 2272|06 21 12.10|29 32 28.0|6.43|0.06
HR 2273|06 19 42.79|-07 49 23.2|5.27|-0.19
HR 2274|06 16 18.50|-59 12 49.0|6.43|0.59
HR 2275|06 19 59.59|-02 56 39.8|4.90|1.60
HR 2276|06 20 52.30|11 45 23.0|6.54|-0.10
HR 2277|06 21 25.90|17 45 49.0|6.35|
HR 2278|06 17 51.70|-52 43 59.2|6.41|1.46
HR 2279|06 19 40.99|-34 23 48.1|5.78|-0.08
HR 228|00 49 13.90|-24 08 11.0|5.90|0.95
HR 2280|06 21 25.80|02 16 07.0|6.31|0.24
HR 2281|06 18 46.80|-50 21 33.1|7.04|0.83
HR 2282|06 20 18.79|-30 03 47.9|3.02|-0.19
HR 2283|06 15 05.90|-71 42 10.1|6.64|0.56
HR 2284|06 21 24.70|-11 46 23.9|5.64|-0.02
HR 2285|06 28 14.59|70 32 08.2|5.97|
HR 2286|06 22 57.60|22 30 49.0|2.88|1.64
HR 2287|06 22 36.50|12 34 12.0|6.00|
HR 2288|06 20 36.31|-34 08 38.0|5.53|-0.19
HR 2289|06 24 53.90|49 17 17.2|4.91|1.97
HR 229|00 48 56.69|-46 41 52.1|6.27|0.90
HR 2290|06 20 06.10|-48 44 28.0|6.60|0.66
HR 2291|06 26 25.80|56 17 06.0|5.64|0.24
HR 2292|06 23 18.50|03 45 51.8|6.40|-0.15
HR 2293|06 26 48.91|58 25 01.9|5.21|1.53
HR 2294|06 22 42.0|-17 57 20.9|1.98|-0.23
HR 2295|06 23 22.70|-04 41 13.9|6.67|0.06
HR 2296|06 22 06.79|-33 26 11.0|3.85|0.88
HR 2297|06 24 52.61|29 42 25.9|6.71|-0.06
HR 2298|06 23 46.10|04 35 34.1|4.44|0.18
HR 2299|06 23 46.49|04 35 44.2|6.72|0.45
HR 23|00 09 02.40|-54 00 06.8|6.33|0.74
HR 230|00 49 52.80|27 42 38.9|7.00|0.36
HR 2300|06 24 02.30|08 53 04.9|6.26|-0.08
HR 2301|06 23 36.0|-09 52 27.8|6.19|1.84
HR 2302|06 24 52.90|16 03 24.8|6.33|1.08
HR 2303|06 23 46.1|-15 04 18.1|6.24|1.53
HR 2304|06 25 32.90|23 19 36.8|6.06|-0.03
HR 2305|06 24 10.30|-11 31 49.1|5.22|1.24
HR 2306|06 23 47.59|-19 47 07.1|6.60|-0.15
HR 2307|06 23 14.40|-31 47 24.0|6.34|0.89
HR 2308|06 25 28.10|14 43 18.8|6.24|2.34
HR 2309|06 24 20.50|-12 57 45.0|6.12|-0.08
HR 231|00 49 53.21|27 42 37.1|7.10|
HR 2310|06 25 13.10|07 05 08.9|5.98|1.22
HR 2311|06 23 55.90|-25 34 40.1|5.63|1.56
HR 2312|06 25 18.41|01 30 04.0|6.66|-0.04
HR 2313|06 25 16.39|-00 56 46.0|5.87|0.56
HR 2314|06 27 51.10|47 24 19.1|6.56|-0.04
HR 2315|06 25 46.61|02 16 19.9|6.51|-0.03
HR 2316|06 24 01.1|-36 42 28.1|5.62|1.04
HR 2317|06 25 47.11|-03 53 21.1|6.35|1.02
HR 2318|06 24 43.90|-28 46 48.0|6.39|0.62
HR 2319|06 27 35.50|32 33 47.2|6.43|1.26
HR 232|00 49 33.41|-23 21 42.1|6.28|0.13
HR 2320|06 22 55.80|-56 22 12.0|5.61|0.24
HR 2321|06 25 58.80|-07 53 39.1|6.40|0.14
HR 2322|06 23 37.70|-52 10 52.0|5.98|1.04
HR 2323|06 24 44.50|-40 17 03.1|6.31|-0.05
HR 2324|06 26 39.60|-01 30 25.9|5.87|0.08
HR 2325|06 26 34.51|-04 35 49.9|6.15|-0.14
HR 2326|06 23 57.10|-52 41 44.9|-0.72|0.15
HR 2327|06 26 58.70|00 50 26.9|6.71|0.04
HR 2328|06 26 44.90|-07 30 41.0|6.27|-0.04
HR 2329|06 25 29.90|-35 03 50.0|6.25|1.36
HR 233|00 50 43.61|64 14 51.0|5.39|0.49
HR 2330|06 27 56.59|20 29 46.0|6.22|0.01
HR 2331|06 30 47.21|58 09 46.1|5.88|0.94
HR 2332|06 28 34.10|30 29 35.2|5.55|0.68
HR 2333|06 27 20.40|02 54 29.2|5.55|1.04
HR 2334|06 27 13.80|00 17 57.1|5.20|1.18
HR 2335|06 27 15.60|-00 16 34.0|5.55|1.38
HR 2336|06 23 46.90|-58 32 38.0|6.48|0.12
HR 2337|06 23 01.30|-63 40 59.2|6.27|1.60
HR 2338|06 30 03.0|46 41 08.2|5.90|1.44
HR 2339|06 28 56.59|26 58 04.1|6.47|
HR 234|00 50 18.31|45 00 07.9|6.15|0.01
HR 2340|06 28 28.1|16 14 17.9|6.23|0.90
HR 2341|06 24 48.19|-52 48 23.0|6.51|1.70
HR 2342|06 28 18.79|10 18 14.0|6.15|1.15
HR 2343|06 28 57.79|20 12 43.9|4.15|-0.13
HR 2344|06 27 57.60|-04 45 43.9|5.06|-0.17
HR 2345|06 24 13.70|-60 16 52.0|5.80|0.00
HR 2346|06 40 16.80|79 35 57.8|6.54|
HR 2347|06 28 16.80|01 54 43.9|6.48|-0.07
HR 2348|06 25 43.61|-48 10 37.9|5.76|-0.06
HR 2349|06 27 11.21|-25 51 24.1|6.07|0.53
HR 235|00 50 07.61|-10 38 39.8|5.19|0.50
HR 2350|06 44 30.19|82 06 55.1|6.65|0.17
HR 2351|06 29 00.0|11 01 09.8|6.59|
HR 2352|06 22 38.21|-69 59 03.1|5.56|1.51
HR 2353|06 27 07.49|-37 53 44.2|6.48|0.39
HR 2354|06 24 26.30|-63 25 44.0|6.46|0.66
HR 2355|06 29 14.90|02 38 46.0|6.16|1.54
HR 2356|06 28 49.1|-07 01 58.1|4.60|-0.10
HR 2357|06 28 49.51|-07 02 03.8|5.40|-0.07
HR 2358|06 28 49.51|-07 02 03.8|5.60|
HR 2359|06 28 37.30|-17 27 58.0|5.77|1.12
HR 236|00 48 35.40|-74 55 23.9|5.07|1.37
HR 2360|06 24 55.61|-63 49 40.1|6.27|-0.13
HR 2361|06 28 10.10|-32 34 48.0|4.48|-0.17
HR 2362|06 30 05.50|09 01 45.1|6.57|0.14
HR 2363|06 40 28.80|77 59 44.9|5.73|1.47
HR 2364|06 28 39.19|-32 22 16.0|5.74|-0.17
HR 2365|06 37 54.91|73 41 44.2|6.24|0.38
HR 2366|06 31 10.10|16 56 19.0|6.20|1.16
HR 2367|06 30 11.30|-10 04 53.0|5.93|1.38
HR 2368|06 28 42.29|-41 04 27.8|6.32|0.40
HR 2369|06 27 04.1|-58 00 07.9|5.82|1.28
HR 237|00 51 16.39|61 48 20.9|6.07|1.88
HR 2370|06 31 09.50|11 15 02.9|6.14|-0.08
HR 2371|06 31 37.39|15 54 11.9|6.40|
HR 2372|06 32 27.19|32 27 16.9|5.87|0.14
HR 2373|06 30 34.70|-13 08 53.2|6.16|-0.15
HR 2374|06 31 39.19|11 47 31.9|6.65|-0.12
HR 2375|06 31 48.29|11 32 39.8|5.23|0.15
HR 2376|06 34 32.81|55 21 11.2|6.45|
HR 2377|06 25 28.61|-69 41 25.1|5.38|0.97
HR 2378|06 32 23.30|11 40 25.0|6.03|1.07
HR 2379|06 31 22.99|-12 23 30.1|5.15|1.27
HR 238|00 50 57.41|51 30 29.2|6.39|0.28
HR 2380|06 30 46.30|-27 46 09.8|5.93|-0.15
HR 2381|06 31 50.9|-08 09 29.2|5.43|1.38
HR 2382|06 32 19.20|04 51 20.9|5.84|0.99
HR 2383|06 33 42.70|33 01 27.1|6.42|0.03
HR 2384|06 29 49.10|-50 14 21.1|5.27|0.41
HR 2385|06 32 54.19|07 19 59.2|4.50|0.00
HR 2386|06 32 23.11|-05 52 08.0|5.60|0.25
HR 2387|06 31 51.31|-23 25 05.9|4.33|-0.24
HR 2388|06 31 13.1|-35 15 33.1|5.84|0.81
HR 2389|06 29 28.51|-56 51 10.1|5.22|1.09
HR 239|00 50 03.70|-43 23 40.9|6.48|0.29
HR 2390|06 30 59.81|-40 54 59.0|6.20|1.40
HR 2391|06 33 36.10|14 09 19.1|5.53|1.11
HR 2392|06 32 46.90|-11 09 59.0|6.24|1.11
HR 2393|06 31 34.99|-36 56 24.0|6.34|1.63
HR 2394|06 37 41.40|61 28 52.0|5.94|0.89
HR 2395|06 33 37.90|-01 13 13.1|5.10|-0.14
HR 2396|06 40 32.21|71 44 56.0|5.92|1.19
HR 2397|06 32 39.0|-32 01 50.2|5.69|-0.17
HR 2398|06 35 12.10|28 01 19.9|5.27|-0.03
HR 2399|06 32 21.31|-37 41 48.1|5.24|1.00
HR 24|00 09 21.0|-27 59 16.1|5.42|0.42
HR 240|00 54 53.9|83 42 25.9|5.62|0.09
HR 2400|06 31 18.29|-51 49 34.0|5.60|0.54
HR 2401|06 46 14.9|79 33 52.9|5.45|0.50
HR 2402|06 37 38.50|56 51 27.0|5.85|
HR 2403|06 33 26.59|-20 55 26.0|6.40|0.83
HR 2404|06 34 46.39|07 34 21.0|6.45|-0.02
HR 2405|06 36 32.90|38 26 43.1|5.29|2.61
HR 2406|06 35 17.59|09 59 17.9|5.88|1.51
HR 2407|06 33 10.30|-38 37 31.1|6.44|1.00
HR 2408|06 30 03.0|-65 34 05.9|6.29|0.33
HR 2409|06 35 15.79|00 53 24.0|5.80|0.00
HR 241|00 51 33.70|51 34 16.0|6.21|
HR 2410|06 31 10.61|-61 52 46.9|6.15|-0.15
HR 2411|06 33 49.51|-36 13 55.9|5.42|1.44
HR 2412|06 31 58.39|-58 45 15.1|5.70|-0.06
HR 2413|06 36 00.0|04 29 51.0|6.55|-0.06
HR 2414|06 35 03.41|-22 57 52.9|4.54|-0.05
HR 2415|06 34 35.30|-32 42 59.0|5.62|-0.08
HR 2416|06 33 26.9|-52 19 44.0|6.19|1.09
HR 2417|06 37 27.19|24 35 26.9|6.44|0.10
HR 2418|06 36 35.30|-05 12 40.0|5.52|-0.08
HR 2419|06 38 39.50|39 23 26.9|5.69|1.35
HR 242|00 50 41.21|-50 59 12.8|5.22|0.36
HR 2420|06 38 49.20|39 54 09.0|5.20|-0.07
HR 2421|06 37 42.70|16 23 57.1|1.93|0.00
HR 2422|06 37 24.10|06 08 07.1|6.06|0.05
HR 2423|06 36 22.80|-18 39 36.0|5.70|0.85
HR 2424|06 35 24.10|-36 46 48.0|5.59|-0.14
HR 2425|06 38 22.99|28 59 03.1|5.79|0.00
HR 2426|06 37 36.89|10 51 11.2|6.38|
HR 2427|06 39 19.90|42 29 20.0|4.79|1.23
HR 2428|06 36 46.70|-13 19 14.9|5.97|1.56
HR 2429|06 36 40.99|-19 15 20.9|3.95|1.06
HR 243|00 51 18.31|03 23 06.0|6.37|1.07
HR 2430|06 37 40.30|02 42 15.1|6.17|1.08
HR 2431|06 35 54.0|-36 05 20.0|6.35|0.48
HR 2432|06 37 52.70|04 57 25.9|6.15|0.14
HR 2433|06 36 40.90|-22 36 54.0|6.35|-0.11
HR 2434|06 39 58.1|44 00 50.0|6.41|
HR 2435|06 34 58.61|-52 58 32.2|4.39|-0.02
HR 2436|06 39 05.30|22 01 50.9|6.04|1.03
HR 2437|06 37 40.90|-12 59 06.0|6.12|1.00
HR 2438|06 39 33.10|28 15 47.2|6.03|-0.08
HR 2439|06 39 31.39|24 36 00.0|6.38|0.53
HR 244|00 53 04.10|61 07 27.1|4.82|0.53
HR 2440|06 38 20.50|-02 32 37.0|6.14|1.48
HR 2441|06 38 49.51|04 42 02.2|6.57|-0.07
HR 2442|06 38 38.11|01 36 49.0|6.21|0.15
HR 2443|06 37 53.40|-18 14 15.0|4.43|1.15
HR 2444|06 37 01.90|-38 08 48.1|6.04|1.03
HR 2445|06 36 51.31|-41 33 24.8|6.34|1.15
HR 2446|06 37 13.80|-36 59 26.2|5.71|-0.12
HR 2447|06 37 47.59|-32 20 22.9|5.27|1.18
HR 2448|06 38 35.40|-16 52 25.0|6.03|0.03
HR 2449|06 39 47.59|12 58 59.2|5.97|0.06
HR 245|00 51 52.10|-43 42 33.1|6.90|0.35
HR 2450|06 39 16.70|-14 08 44.9|4.82|1.50
HR 2451|06 37 45.70|-43 11 46.0|3.17|-0.11
HR 2452|06 41 37.70|35 55 54.8|6.46|0.49
HR 2453|06 41 21.0|28 11 47.0|6.42|1.09
HR 2454|06 40 31.80|06 22 18.1|6.51|-0.14
HR 2455|06 39 36.31|-23 41 44.2|6.05|-0.03
HR 2456|06 40 58.70|09 53 44.2|4.66|-0.25
HR 2457|06 41 21.79|16 23 51.0|6.28|-0.01
HR 2458|06 41 17.21|11 00 11.9|6.11|1.68
HR 2459|06 43 04.99|44 31 27.8|5.02|1.48
HR 246|00 52 53.40|38 32 55.0|6.69|0.02
HR 2460|06 39 42.70|-30 28 13.1|5.71|1.14
HR 2461|06 41 05.40|00 29 43.1|5.79|-0.10
HR 2462|06 38 37.61|-48 13 13.1|4.93|0.87
HR 2463|06 44 11.59|53 17 47.0|6.27|1.08
HR 2464|06 43 13.80|37 08 48.8|6.19|1.03
HR 2465|06 39 56.90|-38 09 32.0|6.58|1.18
HR 2466|06 42 24.29|17 38 43.1|5.21|0.06
HR 2467|06 41 59.30|06 20 42.0|6.37|-0.05
HR 2468|06 38 00.60|-61 31 59.2|6.18|0.62
HR 2469|06 41 56.40|-09 10 01.9|5.19|1.53
HR 247|00 52 40.61|-24 00 20.9|5.46|1.24
HR 2470|06 46 14.9|59 26 30.1|4.87|0.08
HR 2471|06 44 12.60|36 06 34.9|6.31|0.06
HR 2472|06 44 12.10|29 56 42.0||
HR 2473|06 43 55.90|25 07 52.0|2.98|1.40
HR 2474|06 43 06.50|03 01 59.9|6.19|1.37
HR 2475|06 41 14.9|-40 20 58.9|6.12|-0.14
HR 2476|06 40 49.30|-47 40 28.9|6.65|1.58
HR 2477|06 46 49.51|57 10 09.1|5.35|0.96
HR 2478|06 43 59.30|13 13 40.1|4.49|1.16
HR 2479|06 43 38.69|03 55 55.9|5.90|-0.02
HR 248|00 53 00.50|-01 08 39.1|4.77|1.57
HR 2480|06 44 45.50|28 58 14.9|5.44|1.45
HR 2481|06 42 45.79|-22 26 57.1|6.13|0.34
HR 2482|06 42 16.39|-38 23 55.0|6.29|0.34
HR 2483|06 46 44.30|43 34 39.0|5.25|0.56
HR 2484|06 45 17.40|12 53 44.2|3.36|0.43
HR 2485|06 48 12.89|55 42 15.8|6.33|
HR 2486|06 48 12.29|55 42 15.8|6.28|0.47
HR 2487|06 47 39.60|48 47 21.8|5.22|1.12
HR 2488|06 43 23.30|-39 11 35.9|6.30|0.26
HR 2489|06 45 54.19|12 41 37.0|6.46|
HR 249|00 53 28.20|37 25 05.2|6.06|1.14
HR 2490|06 50 57.10|67 34 18.8|5.14|-0.17
HR 2491|06 45 08.90|-16 42 58.0|-1.46|0.00
HR 2492|06 44 28.39|-31 04 14.2|5.20|-0.12
HR 2493|06 44 51.89|-27 20 29.0|6.45|0.54
HR 2494|06 46 32.40|08 35 13.9|5.93|-0.17
HR 2495|06 45 23.30|-23 27 42.8|6.05|1.20
HR 2496|06 48 17.40|41 04 43.0||
HR 2497|06 45 02.40|-30 35 10.0|6.54|-0.11
HR 2498|06 45 59.30|-14 47 46.0|5.32|0.07
HR 2499|06 47 23.50|18 11 35.9|6.20|0.07
HR 25|00 09 24.70|-45 44 51.0|3.88|1.03
HR 250|00 53 47.59|52 41 21.1|6.27|0.19
HR 2500|06 45 22.80|-31 47 37.0|5.92|0.48
HR 2501|06 45 31.30|-30 56 56.0|5.80|-0.19
HR 2502|06 46 39.0|-10 06 25.9|5.66|-0.05
HR 2503|06 47 19.80|08 02 13.9|4.77|1.40
HR 2504|06 46 51.10|-14 25 32.9|5.29|-0.04
HR 2505|06 40 57.79|-71 46 32.2|6.51|1.11
HR 2506|06 47 51.60|02 24 43.9|4.47|1.11
HR 2507|06 46 03.29|-39 32 24.0|6.62|-0.13
HR 2508|06 47 37.10|-08 59 53.9|5.07|1.80
HR 2509|06 47 01.49|-21 00 56.2|6.08|-0.19
HR 251|00 53 12.41|-24 46 36.8|6.46|0.44
HR 2510|06 46 12.10|-37 46 32.2|6.21|-0.13
HR 2511|06 53 42.19|68 53 17.9|5.12|-0.13
HR 2512|06 49 41.30|32 36 24.1|5.71|1.29
HR 2513|06 45 26.9|-52 12 04.0|6.57|1.08
HR 2514|06 48 19.1|-01 19 09.1|5.75|0.28
HR 2515|06 45 53.69|-52 24 36.0|5.80|1.53
HR 2516|06 50 45.91|41 46 53.0|5.02|1.27
HR 2517|06 49 03.70|01 00 06.8|6.15|-0.13
HR 2518|06 47 21.41|-37 55 46.9|5.26|-0.08
HR 2519|06 49 49.80|16 12 10.1|5.85|-0.13
HR 252|00 52 24.29|-69 30 15.8|6.22|0.56
HR 2520|06 53 05.9|59 26 55.0|5.33|0.65
HR 2521|06 49 16.39|-02 16 18.8|5.74|-0.10
HR 2522|06 48 57.79|-15 08 40.9|5.39|-0.10
HR 2523|06 46 52.80|-51 15 56.9|5.40|1.34
HR 2524|06 46 41.50|-54 41 40.9|6.46|0.86
HR 2525|06 50 25.49|13 24 47.9|5.65|1.34
HR 2526|06 47 18.70|-55 32 24.0|5.61|1.52
HR 2527|07 00 04.1|76 58 39.0|4.55|1.36
HR 2528|06 49 43.99|-24 04 32.9|6.33|0.04
HR 2529|06 51 33.0|21 45 40.0|5.27|-0.02
HR 253|00 55 00.10|58 58 22.1|4.83|1.21
HR 2530|06 50 49.90|-00 32 26.9|5.77|0.39
HR 2531|06 43 36.79|-73 07 05.2|6.37|0.96
HR 2532|06 53 07.61|44 50 21.8|6.26|0.21
HR 2533|06 52 00.0|23 36 06.1|5.65|1.45
HR 2534|06 50 42.29|-08 02 28.0|6.29|0.00
HR 2535|06 50 21.89|-17 05 02.0|5.79|1.44
HR 2536|06 44 56.9|-70 26 02.0|6.11|1.33
HR 2537|06 50 06.0|-27 20 02.0|7.04|-0.18
HR 2538|06 49 50.50|-32 30 31.0|3.96|-0.23
HR 2539|06 53 01.49|38 52 09.1|6.12|0.37
HR 254|00 54 35.21|19 11 17.9|5.74|-0.01
HR 2540|06 52 47.30|33 57 40.0|3.60|0.10
HR 2541|06 53 13.39|38 26 17.2|6.30|0.49
HR 2542|06 53 03.41|35 47 19.0|6.01|1.45
HR 2543|06 51 39.29|03 02 30.1|6.38|0.04
HR 2544|06 50 36.89|-25 46 41.2|6.33|-0.18
HR 2545|06 50 23.30|-31 42 22.0|5.70|0.14
HR 2546|06 49 57.79|-45 27 00.0|6.55|1.51
HR 2547|06 53 57.0|38 30 18.0|6.48|-0.05
HR 2548|06 49 54.60|-46 36 52.9|5.14|0.45
HR 2549|06 50 52.39|-34 22 01.9|4.99|1.38
HR 255|00 54 17.59|-08 44 26.9|6.16|0.92
HR 2550|06 48 11.40|-61 56 29.0|3.27|0.21
HR 2551|06 52 49.39|08 22 49.1|5.77|0.26
HR 2552|06 52 22.90|-05 18 58.0|6.30|0.99
HR 2553|06 49 56.21|-50 36 52.9|2.93|1.20
HR 2554|06 49 51.31|-53 37 19.9|4.40|0.92
HR 2555|06 53 22.51|10 59 47.0|6.24|0.97
HR 2556|06 55 15.19|45 49 35.0|6.34|0.94
HR 2557|06 55 14.69|43 54 36.0|6.13|0.32
HR 2558|06 51 42.29|-36 13 49.1|5.96|0.18
HR 2559|06 40 02.71|-80 48 49.0|5.64|0.20
HR 256|00 55 05.21|48 40 43.0|6.27|1.68
HR 2560|06 57 16.49|58 25 21.0|4.35|0.85
HR 2561|06 57 13.20|57 33 47.9|6.05|1.49
HR 2562|06 50 01.10|-60 14 57.1|6.11|0.46
HR 2563|06 51 32.81|-48 17 33.0|6.42|1.21
HR 2564|06 54 38.69|13 10 40.1|4.65|0.30
HR 2565|06 53 18.79|-19 01 58.1|5.64|0.28
HR 2566|06 53 21.70|-18 55 59.9|6.14|0.15
HR 2567|06 53 00.10|-26 57 27.0|6.40|1.53
HR 2568|06 56 32.30|46 16 27.1|5.87|-0.06
HR 2569|06 55 18.60|25 22 32.2|5.73|0.57
HR 257|00 53 37.90|-62 52 17.0|5.70|1.56
HR 2570|06 54 08.50|-05 51 09.0|6.41|0.17
HR 2571|06 53 32.90|-20 13 27.1|4.83|-0.21
HR 2572|06 54 24.60|-01 07 36.8|5.45|0.18
HR 2573|06 56 55.99|46 42 18.0|5.86|1.08
HR 2574|06 54 11.40|-12 02 19.0|4.07|1.43
HR 2575|06 52 39.70|-42 30 15.8|6.52|0.42
HR 2576|06 53 33.91|-28 32 22.9|6.04|0.71
HR 2577|06 54 42.10|-01 45 23.0|6.21|0.56
HR 2578|06 53 55.30|-24 32 21.1|6.21|0.01
HR 2579|06 52 47.11|-43 58 32.9|6.46|-0.10
HR 258|00 54 58.1|23 37 41.9|5.47|1.00
HR 2580|06 54 07.90|-24 11 02.0|3.87|1.73
HR 2581|07 01 21.50|70 48 29.2|5.68|1.33
HR 2582|06 54 58.80|-02 48 13.0|6.04|1.10
HR 2583|06 54 13.1|-23 55 41.9|6.91|-0.28
HR 2584|06 55 34.61|08 19 28.9|6.29|0.04
HR 2585|06 57 37.10|45 05 39.1|4.90|0.03
HR 2586|06 57 00.50|33 40 52.0|5.89|0.88
HR 2587|06 52 46.90|-54 05 24.0|6.57|1.08
HR 2588|06 55 02.71|-20 24 16.9|5.74|0.08
HR 2589|06 56 25.80|09 57 23.0|5.92|-0.08
HR 259|00 55 14.69|24 33 24.8|6.20|1.62
HR 2590|06 55 37.39|-20 08 11.0|4.68|0.37
HR 2591|06 54 26.71|-42 21 56.2|6.32|2.24
HR 2592|06 52 45.41|-59 20 28.0|6.41|0.18
HR 2593|06 56 06.60|-14 02 37.0|5.00|1.18
HR 2594|06 54 02.30|-50 36 42.1|6.26|0.99
HR 2595|06 55 46.80|-22 56 29.0|5.30|-0.18
HR 2596|06 56 08.21|-17 03 15.1|4.37|-0.07
HR 2597|06 57 25.70|11 54 27.0|6.27|0.34
HR 2598|06 55 54.79|-31 47 24.0|6.36|
HR 2599|06 57 00.10|-08 10 44.0|6.34|0.64
HR 26|00 10 02.30|11 08 44.2|5.51|-0.07
HR 260|00 56 12.91|57 59 48.1|6.21|1.37
HR 2600|06 59 02.81|38 03 07.9|6.00|1.23
HR 2601|06 58 47.40|26 04 52.0|6.10|0.46
HR 2602|06 51 27.0|-70 57 47.9|5.40|-0.11
HR 2603|06 57 14.81|-22 12 11.9|6.61|-0.19
HR 2604|06 56 45.70|-35 20 30.1|6.29|1.29
HR 2605|06 59 27.89|25 54 51.1|6.40|-0.11
HR 2606|06 58 39.0|07 37 18.8|6.27|0.11
HR 2607|06 57 33.91|-24 37 50.2|5.46|0.36
HR 2608|06 56 16.1|-48 43 16.0|4.95|1.69
HR 2609|07 40 30.50|87 01 12.0|5.07|1.63
HR 261|00 56 55.61|68 46 34.0|6.37|0.38
HR 2610|06 58 57.0|03 36 07.9|5.97|1.06
HR 2611|06 57 42.41|-27 32 15.0|6.23|-0.14
HR 2612|06 57 17.59|-35 30 27.0|6.23|0.46
HR 2613|06 59 20.9|07 19 00.8|6.35|-0.11
HR 2614|06 58 07.61|-27 09 52.9|6.37|-0.19
HR 2615|07 00 15.79|16 04 44.0|5.68|1.66
HR 2616|06 58 35.90|-25 24 50.0|5.59|-0.16
HR 2617|07 05 51.79|70 43 54.8|6.50|
HR 2618|06 58 37.49|-28 58 19.9|1.50|-0.21
HR 2619|06 58 25.10|-34 06 42.1|5.06|-0.16
HR 262|00 55 58.49|27 12 33.8|6.09|0.14
HR 2620|07 01 17.21|32 24 51.8|6.59|0.27
HR 2621|06 58 43.80|-30 59 52.1|6.42|-0.14
HR 2622|07 00 18.0|-05 22 00.8|6.30|0.57
HR 2623|06 59 39.29|-21 36 11.9|6.26|-0.15
HR 2624|07 00 23.69|-08 24 24.8|5.96|-0.08
HR 2625|07 00 08.11|-20 09 32.0|6.31|-0.15
HR 2626|06 58 41.81|-45 46 05.2|6.22|0.00
HR 2627|07 00 39.29|-09 12 11.2|6.49|0.21
HR 2628|07 00 19.30|-22 07 09.8|6.53|-0.17
HR 2629|07 01 41.40|04 49 05.2|6.63|0.06
HR 263|00 55 42.41|-07 20 49.9|5.85|1.52
HR 2630|07 02 24.79|24 12 55.1|5.18|0.94
HR 2631|07 02 25.49|17 45 20.2|5.94|1.63
HR 2632|07 02 17.40|15 20 10.0|5.74|
HR 2633|07 01 55.1|05 33 27.0|6.59|-0.02
HR 2634|06 58 39.60|-55 43 45.8|6.27|1.16
HR 2635|07 02 33.50|16 40 27.1|5.82|1.68
HR 2636|07 01 52.90|-01 20 44.2|6.17|1.28
HR 2637|07 00 42.60|-28 29 21.8|6.27|0.45
HR 2638|06 58 36.19|-56 23 40.9|6.45|0.39
HR 2639|07 01 56.40|-05 43 19.9|5.20|1.68
HR 264|00 56 42.50|60 43 00.1|2.47|-0.15
HR 2640|07 01 05.90|-25 12 55.1|5.63|-0.17
HR 2641|07 00 49.80|-33 27 55.1|6.40|1.05
HR 2642|07 06 01.30|59 48 06.8|6.44|
HR 2643|07 03 30.41|29 20 13.9|5.93|0.60
HR 2644|07 05 39.79|52 45 29.2|6.12|0.11
HR 2645|07 05 09.0|47 46 30.0|6.38|-0.04
HR 2646|07 01 43.10|-27 56 04.9|3.47|1.73
HR 2647|07 03 17.90|09 08 17.9|5.97|0.12
HR 2648|07 02 54.79|-04 14 21.1|4.99|-0.20
HR 2649|07 03 37.99|10 57 06.1|5.13|1.39
HR 265|00 56 39.79|59 10 52.0|4.63|0.96
HR 2650|07 04 06.50|20 34 13.1|3.79|0.79
HR 2651|07 03 51.60|12 35 39.8|5.98|1.58
HR 2652|07 00 51.50|-51 24 09.0|5.14|1.61
HR 2653|07 03 01.49|-23 49 59.9|3.02|-0.08
HR 2654|07 04 20.21|01 29 17.9|6.57|0.01
HR 2655|07 04 05.21|-05 19 25.0|5.62|1.29
HR 2656|07 03 57.29|-10 07 27.1|6.45|-0.08
HR 2657|07 03 45.50|-15 37 59.9|4.12|-0.12
HR 2658|07 02 15.60|-43 24 15.1|6.43|-0.04
HR 2659|07 05 18.41|22 38 13.9|6.02|-0.03
HR 266|00 56 47.9|60 21 46.1|5.55|-0.07
HR 2660|07 06 11.59|34 28 26.0|5.55|0.91
HR 2661|07 01 05.9|-58 56 24.0|6.02|0.30
HR 2662|06 59 50.50|-67 54 58.0|5.17|1.40
HR 2663|07 05 39.10|09 11 08.9|5.78|1.52
HR 2664|07 04 47.11|-22 01 55.9|6.09|1.22
HR 2665|07 07 22.30|34 00 33.8|5.91|1.51
HR 2666|07 04 02.81|-42 20 13.9|5.20|0.20
HR 2667|07 03 57.29|-43 36 29.2|5.54|0.64
HR 2668|07 03 58.80|-43 36 42.1|6.79|0.80
HR 2669|07 07 25.1|28 10 37.9|6.48|-0.09
HR 267|00 56 01.51|-11 16 00.1|5.31|1.52
HR 2670|07 05 49.70|-10 39 40.0|6.49|-0.05
HR 2671|07 07 21.41|22 42 13.0|7.68|2.21
HR 2672|07 03 53.69|-49 35 02.0|4.93|0.13
HR 2673|07 08 13.30|33 49 55.9|6.28|1.34
HR 2674|07 03 15.60|-59 10 41.2|5.50|-0.11
HR 2675|07 08 36.31|37 26 42.0|6.16|1.21
HR 2676|07 07 06.41|04 54 37.1|6.11|-0.13
HR 2677|07 05 31.99|-34 46 40.1|6.14|0.37
HR 2678|07 06 40.70|-11 17 39.1|5.39|0.05
HR 2679|07 06 35.90|-12 23 38.0|6.48|-0.10
HR 268|00 55 55.49|-27 46 32.2|6.10|1.67
HR 2680|07 06 00.60|-30 39 20.2|6.34|-0.16
HR 2681|07 13 58.10|71 49 00.1|6.35|1.12
HR 2682|07 07 49.51|07 28 16.0|5.75|1.18
HR 2683|07 04 18.29|-56 44 58.9|5.17|-0.04
HR 2684|07 08 22.1|15 55 50.9|5.44|1.03
HR 2685|07 06 02.30|-38 22 58.1|6.11|0.70
HR 2686|07 06 52.30|-24 57 38.2|6.08|1.34
HR 2687|07 05 16.49|-50 21 37.1|6.46|
HR 2688|07 07 00.10|-26 39 28.1|6.62|-0.17
HR 2689|06 56 34.39|-79 25 13.1|5.45|0.05
HR 269|00 56 45.19|38 29 57.8|3.87|0.13
HR 2690|07 07 22.61|-23 50 25.1|5.71|-0.10
HR 2691|07 07 07.10|-40 53 35.9|5.79|-0.17
HR 2692|07 10 06.70|21 14 48.8|6.43|0.89
HR 2693|07 08 23.50|-26 23 35.9|1.84|0.68
HR 2694|07 09 20.30|-10 20 49.9|6.21|0.03
HR 2695|07 08 49.30|-24 02 39.1|6.65|-0.19
HR 2696|07 11 39.29|39 19 14.2|4.90|1.45
HR 2697|07 11 08.40|30 14 43.1|4.41|1.26
HR 2698|07 07 13.30|-51 58 04.1|5.96|1.00
HR 2699|07 09 33.19|-16 14 04.9|6.03|0.06
HR 27|00 10 19.30|46 04 19.9|5.03|0.40
HR 270|00 55 00.31|-69 31 36.8|5.45|1.09
HR 2700|07 11 23.11|26 51 24.1|5.78|0.10
HR 2701|07 10 13.70|-04 14 13.9|4.92|1.03
HR 2702|07 08 51.10|-39 39 20.9|4.83|-0.18
HR 2703|07 13 23.40|51 25 44.0|5.47|1.67
HR 2704|07 09 42.89|-25 13 52.0|5.69|-0.16
HR 2705|07 10 09.29|-18 41 07.1|6.23|0.40
HR 2706|07 12 26.40|24 07 41.9|5.85|0.36
HR 2707|07 11 23.59|-00 18 06.8|5.45|0.29
HR 2708|07 10 19.39|-27 29 29.0|5.46|1.00
HR 2709|07 25 21.89|81 15 27.0|6.31|-0.04
HR 271|00 57 12.41|23 25 03.0|4.42|0.94
HR 2710|07 11 51.31|05 39 16.9|6.09|-0.02
HR 2711|07 12 49.1|27 13 28.9|6.43|0.49
HR 2712|07 06 14.9|-68 50 13.9|6.47|1.04
HR 2713|07 12 07.39|05 28 28.9|6.16|1.14
HR 2714|07 11 51.89|-00 29 34.1|4.15|-0.01
HR 2715|07 15 54.91|59 38 15.0|5.20|1.07
HR 2716|07 11 41.59|-20 52 59.2|5.84|-0.04
HR 2717|07 13 22.30|16 09 32.0|5.00|1.66
HR 2718|07 12 12.19|-25 56 33.0|5.92|-0.17
HR 2719|07 10 47.50|-48 55 55.9|5.14|1.24
HR 272|00 57 39.70|45 50 22.9|6.12|1.02
HR 2720|07 12 04.10|-30 49 18.1|6.10|0.27
HR 2721|07 15 50.9|47 14 24.0|5.58|0.58
HR 2722|07 14 26.59|24 42 38.9|6.89|-0.03
HR 2723|07 13 07.20|-11 15 05.0|5.78|1.51
HR 2724|07 12 24.10|-27 28 27.1|6.59|0.19
HR 2725|07 14 41.90|24 53 06.0|5.82|1.56
HR 2726|07 12 25.70|-36 32 39.8|5.96|-0.14
HR 2727|07 12 15.79|-40 29 56.0|5.31|0.06
HR 2728|07 14 32.59|12 06 56.9|5.62|1.01
HR 2729|07 14 19.99|03 06 41.0|5.35|1.19
HR 273|00 58 31.10|66 21 07.9|5.97|-0.02
HR 2730|07 13 23.90|-22 40 23.9|6.01|1.48
HR 2731|07 14 10.99|-03 54 05.0|5.75|1.58
HR 2732|07 14 15.50|-09 56 51.0|5.90|1.52
HR 2733|07 13 48.29|-22 54 23.0|6.36|-0.21
HR 2734|07 13 36.31|-27 21 23.0|6.12|-0.23
HR 2735|07 08 42.19|-70 29 49.9|5.69|0.40
HR 2736|07 08 44.90|-70 29 56.0|3.78|1.04
HR 2737|07 17 33.70|52 07 50.9|5.92|1.26
HR 2738|07 15 57.10|27 53 51.0|5.71|1.63
HR 2739|07 14 28.20|-10 19 00.1|6.03|-0.18
HR 274|00 57 50.21|28 59 31.9|5.42|1.08
HR 2740|07 12 33.60|-46 45 33.8|4.49|0.32
HR 2741|07 13 47.11|-31 05 02.0|6.60|-0.17
HR 2742|07 31 04.39|82 24 41.0|4.96|1.66
HR 2743|07 13 57.19|-30 20 24.0|6.33|-0.20
HR 2744|07 15 19.30|-00 09 41.0|6.41|0.90
HR 2745|07 14 15.19|-26 21 09.0|4.66|-0.19
HR 2746|07 13 13.39|-45 10 59.2|4.89|-0.02
HR 2747|07 15 39.41|07 58 40.1|5.82|1.60
HR 2748|07 13 32.40|-44 38 22.9|5.10|1.56
HR 2749|07 14 48.70|-26 46 22.1|3.85|-0.17
HR 275|00 58 14.21|33 57 02.9|5.98|1.00
HR 2750|07 14 51.10|-27 02 17.2|5.58|1.22
HR 2751|07 18 31.90|49 27 54.0|5.05|0.08
HR 2752|07 15 43.10|-10 35 02.0|5.95|1.18
HR 2753|07 18 02.21|40 52 59.9|5.78|0.17
HR 2754|07 12 01.99|-63 11 24.0|6.02|-0.02
HR 2755|07 15 47.50|-23 44 26.2|6.32|
HR 2756|07 15 21.0|-30 41 11.0|5.36|-0.17
HR 2757|07 18 04.10|30 57 20.9|6.24|-0.03
HR 2758|07 16 14.50|-15 35 08.9|5.46|0.08
HR 2759|07 14 57.10|-41 25 32.9|5.94|-0.16
HR 276|00 57 54.50|13 41 44.9|6.32|0.89
HR 2760|07 17 17.81|06 40 50.2|6.65|-0.11
HR 2761|07 14 45.91|-46 50 58.9|5.72|-0.11
HR 2762|07 14 38.21|-48 16 18.1|4.76|-0.10
HR 2763|07 18 05.59|16 32 25.1|3.58|0.11
HR 2764|07 16 36.79|-23 18 56.2|4.79|1.71
HR 2765|07 17 31.70|-06 40 48.0|6.29|1.62
HR 2766|07 16 34.99|-27 52 52.0|4.64|1.60
HR 2767|07 15 21.0|-52 29 58.9|5.97|1.10
HR 2768|07 16 57.19|-30 53 48.1|6.32|0.20
HR 2769|07 16 31.80|-38 19 08.0|5.80|-0.13
HR 277|00 58 18.89|21 24 15.8|6.37|0.09
HR 2770|07 16 49.51|-36 35 34.1|5.03|-0.17
HR 2771|07 16 15.50|-46 46 27.8|5.66|1.44
HR 2772|07 22 17.21|59 54 06.8|6.35|
HR 2773|07 17 08.59|-37 05 51.0|2.70|1.62
HR 2774|07 17 47.90|-26 47 51.0|6.46|-0.15
HR 2775|07 21 03.10|42 39 20.2|6.35|1.46
HR 2776|07 21 17.50|45 13 41.2|5.77|0.32
HR 2777|07 20 07.39|21 58 55.9|3.53|0.34
HR 2778|07 19 22.39|02 44 26.2|5.89|1.07
HR 2779|07 19 47.59|07 08 34.1|5.91|0.53
HR 278|01 00 31.1|70 58 59.2|6.39|0.13
HR 2780|07 20 06.89|15 08 34.1|6.45|-0.02
HR 2781|07 18 40.30|-24 33 32.0|4.98|-0.15
HR 2782|07 18 42.41|-24 57 15.1|4.40|-0.15
HR 2783|07 22 50.90|55 17 03.8|6.53|
HR 2784|07 22 52.10|55 16 53.0|5.45|
HR 2785|07 19 01.99|-19 16 49.1|6.09|0.62
HR 2786|07 18 51.19|-26 35 08.9|5.28|0.96
HR 2787|07 18 18.41|-36 44 03.1|4.66|-0.10
HR 2788|07 19 28.10|-16 23 42.0|5.70|0.35
HR 2789|07 18 04.20|-43 59 12.1|5.85|-0.12
HR 279|00 58 43.90|-11 22 48.0|5.61|0.97
HR 2790|07 18 38.21|-36 44 34.1|5.11|-0.16
HR 2791|07 18 33.60|-39 12 37.1|5.25|0.01
HR 2792|07 22 13.39|38 59 46.0|6.40|1.22
HR 2793|07 22 02.59|36 45 38.2|5.13|1.08
HR 2794|07 19 13.70|-33 43 37.9|6.30|1.31
HR 2795|07 21 56.81|20 26 37.0|5.10|1.52
HR 2796|07 20 58.20|-14 21 36.0|5.45|0.98
HR 2797|07 34 39.70|80 53 48.1|6.41|
HR 2798|07 21 16.90|-08 52 41.9|6.55|0.54
HR 2799|07 20 53.21|-22 51 06.1|6.61|-0.15
HR 28|00 10 29.69|57 09 56.2|6.74|-0.08
HR 280|00 58 36.41|-29 21 27.0|4.31|-0.16
HR 2800|07 20 55.1|-26 57 49.0|6.01|-0.17
HR 2801|07 22 03.50|00 10 37.9|5.99|-0.07
HR 2802|07 21 04.30|-25 53 29.0|5.87|1.64
HR 2803|07 16 49.80|-67 57 25.9|3.98|0.79
HR 2804|07 24 57.19|51 53 13.9|5.80|1.61
HR 2805|07 24 08.50|40 40 19.9|5.19|1.23
HR 2806|07 22 01.99|-08 58 45.1|6.43|-0.19
HR 2807|07 22 18.50|-02 58 44.0|6.23|0.68
HR 2808|07 23 28.51|25 03 02.2|5.03|0.90
HR 2809|07 27 25.80|66 19 54.1|6.47|-0.09
HR 281|00 58 22.39|-60 41 47.0|6.23|0.10
HR 2810|07 23 28.20|22 56 43.1|6.02|-0.01
HR 2811|07 22 25.39|-05 58 58.1|5.82|0.35
HR 2812|07 22 13.51|-19 01 00.1|4.96|-0.04
HR 2813|07 20 21.41|-52 18 42.1|6.05|0.42
HR 2814|07 20 21.70|-52 18 34.9|6.60|0.59
HR 2815|07 20 38.69|-52 05 10.0|5.39|-0.07
HR 2816|07 24 33.41|27 38 17.2|5.76|0.34
HR 2817|07 24 27.70|15 31 01.9|6.41|-0.18
HR 2818|07 26 42.79|49 12 41.0|4.64|-0.02
HR 2819|07 23 00.60|-31 55 26.0|5.43|-0.15
HR 282|01 00 03.41|44 42 40.0|6.84|
HR 2820|07 24 58.20|11 40 10.9|5.30|0.10
HR 2821|07 25 43.61|27 47 53.2|3.79|1.03
HR 2822|07 23 29.9|-27 50 03.1|5.38|1.53
HR 2823|07 23 31.90|-32 12 07.9|5.39|-0.18
HR 2824|07 23 54.29|-30 13 00.8|6.60|-0.20
HR 2825|07 24 40.10|-16 12 04.0|5.33|-0.05
HR 2826|07 24 17.21|-22 54 46.1|6.19|-0.09
HR 2827|07 24 05.71|-29 18 11.2|2.45|-0.08
HR 2828|07 25 38.90|09 16 34.0|4.99|1.01
HR 2829|07 23 58.30|-35 50 16.1|6.31|-0.15
HR 283|01 00 03.60|44 42 47.9|6.04|-0.01
HR 2830|07 30 52.70|68 27 56.2|5.64|1.11
HR 2831|07 24 50.71|-19 00 43.9|6.24|0.29
HR 2832|07 25 08.30|-13 45 06.8|5.78|0.42
HR 2833|07 25 51.0|-05 46 30.0|5.97|0.92
HR 2834|07 24 43.80|-31 48 32.0|5.35|1.07
HR 2835|07 26 50.21|21 32 08.9|6.54|0.46
HR 2836|07 26 27.89|10 36 29.9|6.37|0.09
HR 2837|07 26 56.30|20 15 25.9|5.93|0.30
HR 2838|07 26 03.50|-04 32 15.0|6.76|-0.01
HR 2839|07 25 19.90|-21 58 58.1|6.05|0.23
HR 284|00 59 49.70|06 28 59.2|6.11|1.67
HR 2840|07 26 41.30|11 00 33.1|6.41|-0.13
HR 2841|07 25 25.30|-25 13 04.1|5.78|-0.10
HR 2842|07 24 47.21|-37 17 24.0|6.97|0.22
HR 2843|07 24 47.30|-37 17 26.9|6.84|0.27
HR 2844|07 28 51.60|48 11 02.0|5.72|-0.10
HR 2845|07 27 09.0|08 17 21.8|2.90|-0.09
HR 2846|07 27 44.40|21 26 42.0|5.22|0.39
HR 2847|07 25 43.1|-31 44 19.0|6.31|-0.17
HR 2848|06 46 58.70|-87 01 30.0|6.47|0.42
HR 2849|07 29 55.99|49 40 21.0|5.36|0.45
HR 285|01 08 44.71|86 15 24.8|4.25|1.21
HR 2850|07 26 40.70|-23 42 43.9|6.56|0.01
HR 2851|07 28 02.11|06 56 30.8|5.25|0.22
HR 2852|07 29 06.70|31 47 03.8|4.18|0.32
HR 2853|07 27 07.99|-17 51 51.8|5.63|0.32
HR 2854|07 28 09.79|08 55 32.2|4.32|1.43
HR 2855|07 26 59.40|-23 05 10.0|5.61|-0.13
HR 2856|07 26 42.29|-34 08 26.9|5.90|-0.17
HR 2857|07 29 20.40|28 07 05.2|5.05|0.11
HR 2858|07 28 47.30|15 06 33.8|6.22|-0.05
HR 2859|07 27 51.70|-11 33 24.8|5.79|0.58
HR 286|01 33 50.40|89 00 56.2|6.46|0.11
HR 2860|07 27 42.89|-22 51 34.9|5.95|-0.09
HR 2861|07 29 48.70|27 54 58.0|5.01|1.11
HR 2862|07 26 21.89|-51 01 05.9|5.10|1.06
HR 2863|07 27 59.21|-29 09 20.9|5.54|-0.08
HR 2864|07 29 47.81|12 00 24.1|4.54|1.28
HR 2865|07 29 18.70|-01 54 19.1|5.59|1.50
HR 2866|07 29 25.70|-07 33 04.0|5.86|0.48
HR 2867|07 29 22.10|-10 19 36.1|5.75|1.62
HR 2868|07 29 21.89|-14 59 57.1|6.05|0.47
HR 2869|07 28 22.80|-37 48 37.1|6.58|0.06
HR 287|01 02 18.41|51 02 06.0|6.47|
HR 2870|07 28 51.31|-31 50 53.9|6.38|-0.17
HR 2871|07 28 51.50|-31 50 48.8|7.13|-0.15
HR 2872|07 31 55.70|38 53 47.0|6.54|0.07
HR 2873|07 29 04.90|-31 27 23.0|5.77|-0.19
HR 2874|07 29 51.41|-23 01 27.8|4.85|0.23
HR 2875|07 29 05.71|-38 48 43.9|5.43|-0.16
HR 2876|07 30 51.10|-05 13 35.0|6.24|1.18
HR 2877|07 31 48.41|17 05 10.0|5.42|1.13
HR 2878|07 29 13.80|-43 18 05.0|3.25|1.51
HR 2879|07 32 50.59|22 53 16.1|6.54|1.01
HR 288|01 01 18.31|-38 55 00.1|5.59|1.18
HR 2880|07 32 05.90|01 54 51.8|5.25|0.22
HR 2881|07 30 42.50|-30 57 43.9|4.65|0.93
HR 2882|07 30 42.41|-37 20 22.9|6.65|0.63
HR 2883|07 32 05.81|-08 52 50.9|5.90|0.54
HR 2884|07 29 59.59|-52 39 04.0|5.87|1.01
HR 2885|07 31 25.80|-36 09 10.1|6.68|-0.12
HR 2886|07 33 36.50|15 49 36.1|5.25|0.05
HR 2887|07 33 11.59|03 17 25.1|5.59|0.31
HR 2888|07 28 51.31|-64 30 36.0|6.39|1.56
HR 2889|07 31 42.79|-35 53 16.1|6.61|-0.08
HR 289|01 03 01.51|47 22 34.0|6.45|0.25
HR 2890|07 34 36.0|31 53 19.0|2.88|0.04
HR 2891|07 34 36.0|31 53 17.9|1.98|0.03
HR 2892|07 30 30.91|-54 23 57.8|5.96|1.56
HR 2893|07 34 05.9|10 34 05.9|6.28|-0.01
HR 2894|07 36 46.99|55 45 19.1|5.92|1.12
HR 2895|07 32 22.30|-35 57 41.0|6.30|-0.10
HR 2896|07 35 08.69|30 57 40.0|5.33|1.01
HR 2897|07 33 22.10|-14 20 17.9|6.21|-0.04
HR 2898|07 35 55.99|43 01 52.0|6.30|
HR 2899|07 33 19.51|-19 24 45.0|5.66|1.12
HR 29|00 10 18.79|-05 14 55.0|5.84|0.98
HR 290|01 02 54.29|41 20 42.0|5.98|0.16
HR 2900|07 33 09.70|-24 42 38.9|5.85|0.17
HR 2901|07 34 15.79|03 22 17.0|5.81|-0.02
HR 2902|07 33 47.90|-14 31 26.0|4.97|1.41
HR 2903|07 36 31.61|46 10 49.1|5.65|1.56
HR 2904|07 34 46.1|02 43 30.0|6.55|0.22
HR 2905|07 35 55.30|26 53 44.9|4.06|1.54
HR 2906|07 34 03.19|-22 17 46.0|4.45|0.51
HR 2907|07 33 13.51|-40 03 32.0|6.26|-0.12
HR 2908|07 33 13.30|-43 05 11.0|6.52|0.92
HR 2909|07 34 18.60|-23 28 25.0|5.83|0.44
HR 291|01 02 49.10|31 48 15.8|5.50|-0.05
HR 2910|07 34 19.10|-23 28 28.9|5.87|
HR 2911|07 33 51.0|-36 20 17.9|5.54|-0.06
HR 2912|07 34 28.80|-26 07 00.1|6.65|-0.01
HR 2913|07 34 12.79|-33 27 47.9|6.11|0.29
HR 2914|07 37 53.90|48 46 25.0|5.92|0.22
HR 2915|07 37 17.81|40 01 31.1|6.38|
HR 2916|07 34 34.90|-27 00 42.8|5.77|1.06
HR 2917|07 33 58.51|-39 54 20.9|6.76|1.13
HR 2918|07 36 34.70|05 51 42.1|5.91|0.60
HR 2919|07 25 37.99|-79 05 39.1|5.53|1.28
HR 292|01 03 37.1|61 04 30.0|5.92|0.49
HR 2920|07 36 16.61|-08 18 41.0|6.27|1.54
HR 2921|07 36 03.91|-14 29 34.1|5.70|-0.12
HR 2922|07 35 22.80|-28 22 09.8|4.64|-0.11
HR 2923|07 36 07.80|-22 09 38.2|6.34|0.99
HR 2924|07 38 32.81|35 02 55.0|5.56|0.93
HR 2925|07 34 39.50|-51 28 28.9|6.28|0.08
HR 2926|07 38 14.50|24 21 37.1|6.27|
HR 2927|07 37 16.70|-04 06 40.0|5.13|0.44
HR 2928|07 36 40.99|-19 42 07.9|5.74|-0.19
HR 2929|07 40 49.51|57 04 58.1|6.06|1.46
HR 293|01 02 26.40|-31 33 06.8|5.50|0.08
HR 2930|07 39 09.91|34 35 03.1|4.90|0.40
HR 2931|07 39 11.90|24 13 21.0|6.17|0.01
HR 2932|07 37 38.90|-14 26 28.0|6.53|-0.01
HR 2933|07 37 16.80|-23 46 30.0|6.37|0.54
HR 2934|07 35 39.70|-52 32 02.0|4.94|1.40
HR 2935|07 40 14.59|38 20 39.8|5.73|1.63
HR 2936|07 39 54.10|32 00 34.9|6.17|0.35
HR 2937|07 37 22.10|-34 58 07.0|4.53|-0.09
HR 2938|07 39 28.61|17 40 28.9|5.05|1.56
HR 2939|07 41 12.41|48 07 54.1|5.56|1.01
HR 294|01 02 56.59|07 53 24.0|4.28|0.96
HR 2940|07 36 43.90|-48 49 49.1|5.72|-0.06
HR 2941|07 36 01.70|-55 53 15.0|6.39|1.18
HR 2942|07 37 44.81|-35 16 37.9|6.60|1.14
HR 2943|07 39 18.10|05 13 30.0|0.38|0.42
HR 2944|07 38 18.0|-25 21 52.9|4.70|-0.11
HR 2945|07 37 45.19|-38 00 38.2|6.38|1.48
HR 2946|07 43 00.41|58 42 37.1|4.99|0.08
HR 2947|07 39 07.10|-18 40 45.1|6.72|-0.10
HR 2948|07 38 49.30|-26 48 06.1|4.50|-0.17
HR 2949|07 38 49.80|-26 48 13.0|4.62|
HR 295|01 02 01.80|-57 00 09.0|6.11|0.94
HR 2950|07 40 07.1|05 13 50.9|6.02|-0.04
HR 2951|07 40 58.51|23 01 07.0|5.89|1.58
HR 2952|07 38 24.19|-39 59 29.0|6.59|-0.05
HR 2953|07 40 47.30|13 46 14.9|6.24|
HR 2954|07 38 43.90|-36 29 48.8|5.80|-0.16
HR 2955|07 38 32.59|-38 46 52.0|6.19|1.02
HR 2956|07 39 26.90|-26 51 47.2|6.50|-0.10
HR 2957|07 38 18.19|-48 36 04.0|5.68|0.65
HR 2958|07 40 35.50|-08 11 08.9|6.01|0.15
HR 2959|07 40 23.21|-15 15 49.0|4.94|1.56
HR 296|01 03 02.59|-04 50 12.1|5.43|1.11
HR 2960|07 40 13.61|-19 39 38.9|5.93|1.16
HR 2961|07 39 27.41|-38 18 29.9|4.84|-0.19
HR 2962|07 42 43.51|34 00 01.1|6.02|
HR 2963|07 39 43.80|-38 08 21.8|5.73|-0.12
HR 2964|07 39 47.81|-38 15 38.9|5.76|-0.07
HR 2965|07 41 51.79|13 28 50.2|5.77|1.67
HR 2966|07 41 35.21|03 37 28.9|5.94|-0.04
HR 2967|07 42 03.19|14 12 29.9|5.56|1.64
HR 2968|07 39 58.1|-37 34 45.8|6.00|-0.04
HR 2969|07 44 04.20|50 26 02.0|5.27|0.00
HR 297|01 04 19.61|61 34 49.1|5.84|0.54
HR 2970|07 41 14.81|-09 33 04.0|3.93|1.02
HR 2971|07 39 00.41|-53 16 23.9|6.06|-0.11
HR 2972|07 40 43.39|-27 56 44.9|6.76|-0.16
HR 2973|07 43 18.70|28 53 01.0|4.28|1.12
HR 2974|07 40 52.70|-31 39 38.9|6.56|1.18
HR 2975|07 46 40.10|65 27 20.9|5.92|1.18
HR 2976|07 41 23.59|-22 20 13.9|6.18|1.62
HR 2977|07 46 27.41|62 49 50.2|6.49|0.26
HR 2978|07 43 22.20|22 23 57.8|6.21|0.93
HR 2979|07 35 21.70|-74 16 32.2|7.16|-0.02
HR 298|01 04 02.40|52 30 07.9|5.99|1.47
HR 2980|07 35 21.79|-74 16 32.2|7.26|
HR 2981|07 41 15.79|-38 32 01.0|5.42|-0.15
HR 2982|07 43 05.40|00 11 21.8|6.19|1.02
HR 2983|07 44 06.89|25 47 03.1|5.31|1.54
HR 2984|07 41 21.79|-44 37 55.9|6.41|0.00
HR 2985|07 44 26.81|24 23 53.2|3.57|0.93
HR 2986|07 41 58.1|-38 31 44.0|6.54|-0.09
HR 2987|07 44 13.99|12 51 33.8|6.43|
HR 2988|07 42 48.10|-26 21 04.0|5.64|0.99
HR 2989|07 44 07.39|02 24 18.0|6.47|0.20
HR 299|01 02 49.20|-46 23 51.0|5.36|0.90
HR 2990|07 45 18.91|28 01 34.0|1.14|1.00
HR 2991|07 45 09.29|20 18 59.0|6.33|0.00
HR 2992|07 43 39.10|-25 30 14.0|6.55|0.06
HR 2993|07 43 32.40|-28 24 40.0|4.59|1.63
HR 2994|07 43 12.0|-36 03 01.1|5.60|-0.13
HR 2995|07 43 07.1|-38 51 51.1|6.89|1.02
HR 2996|07 43 48.50|-28 57 16.9|3.96|0.18
HR 2997|07 56 17.30|80 15 56.2|6.56|0.73
HR 2998|07 42 57.19|-45 10 23.9|5.06|0.78
HR 2999|07 46 39.29|37 31 03.0|5.18|1.58
HR 3|00 05 20.11|-05 42 27.0|4.61|1.04
HR 30|00 10 02.9|-82 13 26.0|5.28|1.05
HR 300|01 03 17.59|-29 31 32.9|6.29|0.93
HR 3000|07 36 04.20|-77 38 03.1|6.18|1.73
HR 3001|07 43 42.89|-38 12 06.8|6.40|-0.16
HR 3002|07 43 41.90|-40 56 02.0|5.17|1.10
HR 3003|07 46 07.39|18 30 36.0|4.88|1.45
HR 3004|07 44 34.1|-24 40 26.0|5.62|-0.19
HR 3005|07 43 06.89|-49 59 34.1|6.57|0.07
HR 3006|07 42 10.20|-58 37 50.9|6.43|-0.10
HR 3007|07 44 09.60|-36 03 46.1|5.80|0.31
HR 3008|07 46 16.20|10 46 05.9|5.30|0.01
HR 3009|07 45 28.70|-14 41 10.0|6.89|
HR 301|01 03 49.1|01 22 00.1|6.04|0.27
HR 3010|07 45 29.9|-14 41 26.9|6.07|0.11
HR 3011|07 44 34.20|-37 56 35.2|5.88|-0.11
HR 3012|07 42 53.30|-58 13 48.0|6.21|1.05
HR 3013|07 47 30.31|33 24 56.2|5.14|1.60
HR 3014|07 46 02.21|-06 46 21.0|5.49|1.38
HR 3015|07 45 56.90|-14 33 50.0|5.04|0.33
HR 3016|07 45 04.61|-37 53 16.1|6.54|-0.10
HR 3017|07 45 15.31|-37 58 07.0|3.61|1.73
HR 3018|07 45 34.99|-34 10 23.2|5.37|0.60
HR 3019|07 46 44.90|-12 40 31.1|6.39|-0.02
HR 302|01 04 46.80|51 00 36.0|6.54|-0.08
HR 3020|07 45 18.10|-43 45 07.9|6.03|-0.07
HR 3021|07 48 33.60|23 08 28.0|6.18|
HR 3022|07 46 10.39|-37 56 02.0|5.88|-0.11
HR 3023|07 47 12.50|-22 31 10.9|5.90|-0.19
HR 3024|07 41 49.20|-72 36 22.0|3.95|1.04
HR 3025|07 46 33.41|-40 03 34.9|6.57|-0.13
HR 3026|07 47 38.50|-15 59 26.9|6.34|1.78
HR 3027|07 47 45.19|-16 00 51.8|6.43|1.70
HR 3028|07 51 05.71|54 07 45.1|6.02|0.46
HR 3029|07 47 56.71|-12 11 35.2|5.48|0.48
HR 303|01 04 27.60|29 39 31.0|6.19|0.43
HR 3030|07 49 01.99|13 22 14.9|6.04|1.38
HR 3031|07 45 35.59|-56 43 21.0|6.12|0.39
HR 3032|07 47 05.81|-39 19 53.0|6.31|-0.17
HR 3033|07 48 58.90|04 19 58.1|6.53|0.78
HR 3034|07 48 05.21|-25 56 13.9|4.50|-0.05
HR 3035|07 47 25.1|-38 30 40.0|5.08|-0.10
HR 3036|07 44 43.90|-66 04 18.8|6.38|0.95
HR 3037|07 47 31.49|-46 36 31.0|5.23|-0.14
HR 3038|07 44 13.1|-69 49 17.0|6.18|-0.06
HR 3039|07 52 36.60|55 12 33.8|6.38|
HR 304|01 02 42.91|-65 27 22.0|6.21|1.64
HR 3040|07 51 02.30|33 14 01.0|6.03|0.15
HR 3041|07 48 08.50|-40 39 07.9|6.14|1.58
HR 3042|07 49 28.61|-13 21 11.9|6.23|-0.09
HR 3043|07 49 01.70|-24 54 43.9|5.33|0.76
HR 3044|07 49 41.21|-17 13 41.9|5.18|1.28
HR 3045|07 49 17.71|-24 51 34.9|3.34|1.24
HR 3046|07 48 20.30|-47 04 40.1|4.71|1.06
HR 3047|07 50 10.61|-09 10 59.9|5.61|1.44
HR 3048|07 49 45.19|-20 12 24.8|6.56|0.58
HR 3049|07 49 14.69|-35 14 35.9|5.93|-0.05
HR 305|01 04 36.41|39 59 28.0|6.72|0.31
HR 3050|07 50 47.40|03 16 37.9|6.18|1.12
HR 3051|07 50 05.71|-19 31 25.0|6.12|1.26
HR 3052|07 49 35.40|-33 17 20.0|5.60|1.61
HR 3053|07 51 56.71|19 19 31.1|5.99|1.13
HR 3054|07 50 55.20|-11 07 43.0|6.16|1.13
HR 3055|07 49 14.30|-46 22 23.9|4.11|-0.18
HR 3056|07 48 19.20|-56 28 16.0|6.33|1.01
HR 3057|07 49 28.20|-44 45 06.8|6.32|0.96
HR 3058|07 49 12.89|-46 51 28.1|5.84|-0.14
HR 3059|07 51 42.0|01 46 00.8|5.14|-0.12
HR 306|01 16 13.49|87 08 43.1|6.25|1.12
HR 3060|07 51 00.0|-24 31 41.9|6.45|-0.01
HR 3061|07 52 07.20|03 16 37.9|6.31|1.59
HR 3062|07 49 06.70|-56 24 38.2|5.59|1.13
HR 3063|07 51 40.90|-12 49 09.8|6.36|0.39
HR 3064|07 51 46.30|-13 53 53.2|5.17|0.60
HR 3065|07 54 29.30|47 23 10.0|6.25|1.15
HR 3066|07 54 42.70|47 33 52.9|5.45|1.46
HR 3067|07 53 29.81|26 45 56.9|4.97|0.09
HR 3068|07 51 42.89|-21 10 26.0|5.63|0.96
HR 3069|07 50 42.41|-44 34 46.9|6.45|0.90
HR 307|01 04 52.61|05 39 23.0|6.00|1.51
HR 3070|07 49 12.89|-60 17 01.0|5.78|0.42
HR 3071|07 50 23.90|-50 30 34.9|5.91|1.09
HR 3072|07 52 47.90|-05 25 41.2|5.76|0.41
HR 3073|07 52 18.91|-14 50 47.0|5.69|0.37
HR 3074|07 51 20.50|-43 05 44.2|6.32|-0.17
HR 3075|08 00 11.71|73 55 05.2|5.41|1.42
HR 3076|07 49 54.79|-60 03 04.0|6.72|1.24
HR 3077|07 56 26.81|56 30 15.8|6.72|
HR 3078|07 51 40.30|-42 53 17.9|6.04|-0.18
HR 3079|07 52 15.70|-34 42 19.1|5.01|0.44
HR 308|01 05 05.40|14 56 46.0|5.68|0.41
HR 3080|07 52 13.1|-40 34 32.9|3.73|1.04
HR 3081|07 49 40.99|-66 11 44.9|5.79|-0.04
HR 3082|08 04 47.11|79 28 46.9|5.42|-0.06
HR 3083|07 55 40.80|35 24 46.1|6.23|0.28
HR 3084|07 52 38.69|-38 51 47.2|4.49|-0.19
HR 3085|07 53 03.50|-36 21 50.0|5.43|1.16
HR 3086|07 55 39.91|19 53 02.0|5.35|-0.04
HR 3087|07 55 31.39|08 51 46.1|5.86|0.35
HR 3088|07 52 29.69|-54 22 01.9|5.70|-0.15
HR 3089|07 53 03.70|-49 36 47.2|4.63|-0.23
HR 309|01 06 22.80|62 45 42.1|6.54|0.19
HR 3090|07 53 18.19|-48 06 11.2|4.24|-0.14
HR 3091|07 54 10.99|-35 52 39.0|5.49|-0.19
HR 3092|07 54 39.91|-34 50 48.8|6.15|1.53
HR 3093|07 56 23.90|04 29 08.9|6.17|0.98
HR 3094|07 58 16.61|43 58 39.0|6.34|1.06
HR 3095|07 56 59.40|15 47 25.1|5.78|1.28
HR 3096|07 55 13.70|-30 55 03.0|6.44|
HR 3097|07 57 15.91|08 38 29.0|6.05|1.00
HR 3098|07 57 16.20|01 07 36.8|6.35|0.50
HR 3099|07 56 22.80|-30 17 07.1|6.33|1.66
HR 31|00 10 42.79|-12 34 48.0|5.85|1.01
HR 310|01 05 40.90|21 28 23.9|5.34|-0.03
HR 3100|07 55 00.50|-52 34 59.2|6.38|-0.01
HR 3101|07 55 46.49|-43 50 42.0|6.02|-0.11
HR 3102|07 56 51.50|-22 52 48.0|4.20|0.72
HR 3103|07 58 05.81|07 12 49.0|6.41|-0.04
HR 3104|07 58 31.49|16 31 07.0|5.99|1.47
HR 3105|07 54 53.21|-57 18 11.2|5.63|1.30
HR 3106|08 01 20.71|59 02 51.0|5.77|0.39
HR 3107|07 56 24.29|-40 44 11.0|6.78|-0.18
HR 3108|08 16 53.81|84 03 28.1|6.49|0.03
HR 3109|08 01 42.41|60 19 27.8|6.01|0.14
HR 311|01 05 41.69|21 27 55.1|5.56|-0.07
HR 3110|07 58 20.59|02 13 28.9|5.29|0.92
HR 3111|07 56 57.89|-42 24 22.0|6.09|1.36
HR 3112|08 02 30.79|63 05 25.1|6.40|0.59
HR 3113|07 57 40.10|-30 20 04.9|4.79|0.15
HR 3114|07 56 57.89|-43 30 01.1|5.35|-0.18
HR 3115|07 59 35.9|13 14 31.9|6.02|1.32
HR 3116|07 57 18.41|-44 06 34.9|5.09|-0.17
HR 3117|07 56 46.70|-52 58 55.9|3.47|-0.18
HR 3118|07 57 19.99|-47 53 25.1|6.22|-0.10
HR 3119|08 02 35.81|57 16 25.0|6.49|0.62
HR 312|01 09 12.31|80 00 42.1|6.29|
HR 3120|07 56 18.60|-60 31 35.0|5.74|1.55
HR 3121|07 57 51.79|-45 34 40.1|5.17|1.27
HR 3122|07 59 44.9|-03 40 46.9|4.93|1.21
HR 3123|07 59 05.71|-23 18 38.2|5.11|1.12
HR 3124|08 00 55.90|25 23 34.1|5.83|1.02
HR 3125|08 00 48.0|19 48 58.0|6.25|1.11
HR 3126|07 56 50.71|-59 07 35.0|6.25|2.08
HR 3127|08 01 00.70|23 34 59.2|6.34|
HR 3128|08 00 47.30|17 18 31.0|5.55|1.32
HR 3129|07 58 14.40|-49 14 42.0|4.41|-0.17
HR 313|01 05 49.20|04 54 29.9|6.35|0.38
HR 3130|08 01 55.10|35 24 47.2|6.34|1.56
HR 3131|07 59 52.1|-18 23 57.1|4.61|0.08
HR 3132|08 01 43.80|25 05 22.9|6.31|0.01
HR 3133|07 58 21.41|-51 26 55.0|6.44|0.25
HR 3134|08 01 30.31|16 27 19.1|5.99|-0.02
HR 3135|08 00 44.9|-02 52 54.1|6.51|-0.07
HR 3136|08 01 13.80|04 52 46.9|5.65|0.00
HR 3137|07 59 01.80|-45 12 58.0|5.99|-0.14
HR 3138|07 57 46.90|-60 18 11.9|5.60|0.57
HR 3139|07 57 12.50|-63 17 48.8|6.14|-0.10
HR 314|01 05 51.41|04 54 33.8|7.25|0.49
HR 3140|07 59 28.39|-39 17 49.9|5.24|0.39
HR 3141|08 01 13.30|-01 23 33.0|4.68|1.49
HR 3142|07 59 12.29|-49 58 36.1|6.32|
HR 3143|07 59 13.39|-49 58 25.0|6.34|
HR 3144|08 01 50.71|08 54 50.0|6.22|0.57
HR 3145|08 02 15.91|02 20 03.8|4.39|1.25
HR 3146|08 00 19.61|-45 27 24.8|6.61|1.27
HR 3147|07 58 50.50|-60 49 27.8|5.81|-0.09
HR 3148|08 00 14.90|-48 58 53.0|6.02|0.04
HR 3149|08 03 31.10|27 47 39.1|4.94|1.12
HR 315|01 05 36.79|-09 58 45.1|6.12|1.01
HR 3150|08 02 25.99|-06 20 13.9|6.33|0.62
HR 3151|08 00 28.90|-48 52 17.0|6.12|-0.11
HR 3152|07 59 40.20|-60 12 27.0|6.33|-0.06
HR 3153|07 59 37.61|-60 35 12.8|5.17|1.74
HR 3154|08 01 37.39|-37 17 01.0|5.95|0.14
HR 3155|08 02 06.19|-37 03 02.2|6.34|1.62
HR 3156|08 00 49.90|-54 09 05.0|5.87|-0.14
HR 3157|08 01 22.90|-54 30 54.0|6.10|-0.04
HR 3158|08 04 45.19|18 50 31.9|6.15|-0.05
HR 3159|08 00 19.99|-63 34 03.0|4.82|-0.17
HR 316|01 07 00.19|56 56 06.0|6.43|1.18
HR 3160|08 03 04.10|-32 27 50.0|5.82|1.22
HR 3161|08 01 31.49|-55 27 18.0|6.28|-0.15
HR 3162|08 02 44.81|-41 18 36.0|5.52|-0.15
HR 3163|08 05 04.51|13 07 05.2|5.12|0.01
HR 3164|08 05 37.1|27 31 46.9|6.21|0.01
HR 3165|08 03 35.9|-40 00 11.9|2.25|-0.26
HR 3166|08 03 29.50|-42 56 55.0|6.29|1.01
HR 3167|08 07 09.91|43 15 37.1|6.26|-0.02
HR 3168|08 04 41.50|-19 43 41.2|6.13|-0.16
HR 3169|08 06 18.41|22 38 08.2|5.99|1.66
HR 317|01 06 05.9|-09 50 21.8|5.58|0.01
HR 3170|08 04 16.20|-32 40 30.0|5.31|1.91
HR 3171|07 59 16.10|-73 14 40.9|6.34|0.14
HR 3172|08 05 49.61|-00 34 25.0|6.41|1.05
HR 3173|08 08 27.41|51 30 24.1|4.84|0.05
HR 3174|08 06 27.50|-09 14 42.0|6.23|-0.07
HR 3175|08 10 03.79|58 14 53.2|5.93|1.39
HR 3176|08 07 45.79|21 34 54.1|5.30|0.63
HR 3177|08 05 44.90|-33 34 09.1|6.14|1.11
HR 3178|08 04 42.41|-50 35 26.2|5.95|1.21
HR 3179|08 05 20.40|-46 58 44.0|6.19|-0.15
HR 318|01 07 09.50|53 29 53.9|6.38|
HR 3180|08 05 04.1|-53 06 29.2|5.53|1.34
HR 3181|08 09 23.11|42 25 50.2|6.27|1.27
HR 3182|08 12 48.79|68 28 27.1|5.32|1.04
HR 3183|08 07 18.0|-20 33 16.9|5.38|0.10
HR 3184|08 08 42.41|13 38 26.9|6.27|0.43
HR 3185|08 07 32.59|-24 18 15.1|2.81|0.43
HR 3186|08 04 42.89|-62 50 10.0|6.30|-0.10
HR 3187|08 06 40.39|-45 15 59.0|5.05|1.50
HR 3188|08 08 35.59|-02 59 02.0|4.34|0.97
HR 3189|08 08 56.90|-11 20 22.9|6.32|0.01
HR 319|01 06 33.60|12 57 22.0|6.12|0.96
HR 3190|08 08 43.51|-20 21 47.2|6.36|0.16
HR 3191|08 10 27.19|25 30 25.9|5.73|0.81
HR 3192|08 09 01.61|-19 14 42.0|4.40|-0.15
HR 3193|08 11 21.60|38 43 53.0|6.58|0.59
HR 3194|08 09 28.51|-16 14 56.0|5.68|-0.17
HR 3195|08 08 37.61|-37 40 53.0|6.37|-0.04
HR 3196|08 09 06.70|-30 19 21.0|6.65|1.40
HR 3197|08 24 32.90|82 25 50.9|6.32|0.01
HR 3198|08 10 58.80|14 37 45.8|6.23|0.02
HR 3199|08 09 10.20|-35 27 18.0|6.20|0.89
HR 32|00 10 38.59|-73 13 27.8|6.64|0.37
HR 320|01 06 07.70|-23 59 33.0|6.14|1.09
HR 3200|08 13 50.21|56 27 07.9|5.85|1.01
HR 3201|08 11 16.61|09 49 16.0|6.07|-0.10
HR 3202|08 10 39.79|-13 47 57.1|5.54|0.49
HR 3203|08 09 09.60|-48 41 03.8|5.70|-0.12
HR 3204|08 09 35.90|-44 07 22.1|5.21|-0.19
HR 3205|08 09 47.71|-42 38 26.2|6.26|-0.04
HR 3206|08 09 29.30|-47 20 44.9|4.27|-0.23
HR 3207|08 09 31.99|-47 20 12.1|1.78|-0.22
HR 3208|08 12 12.70|17 38 52.1|5.63|0.54
HR 3209|08 12 12.70|17 38 52.1|6.02|0.54
HR 321|01 08 16.39|54 55 13.1|5.17|0.69
HR 3210|08 12 13.30|17 38 52.1|6.20|0.60
HR 3211|08 11 16.30|-12 55 36.8|4.72|0.95
HR 3212|08 11 33.0|-07 46 21.0|5.36|0.89
HR 3213|08 09 43.20|-47 56 15.0|5.23|-0.21
HR 3214|08 12 22.10|14 00 14.0|6.54|
HR 3215|08 13 08.90|29 39 24.1|5.64|-0.07
HR 3216|08 19 32.21|75 45 24.8|5.54|0.90
HR 3217|08 08 24.50|-63 48 04.0|6.28|-0.06
HR 3218|08 09 33.60|-56 05 08.2|5.66|0.21
HR 3219|08 11 01.61|-37 17 31.9|6.44|-0.01
HR 322|01 06 04.99|-46 43 07.0|3.31|0.89
HR 3220|08 09 00.70|-61 18 09.0|4.76|0.43
HR 3221|08 15 50.50|60 22 50.2|6.45|0.20
HR 3222|08 12 59.81|16 30 51.1|6.01|0.89
HR 3223|08 07 55.80|-68 37 01.9|4.35|-0.11
HR 3224|08 13 41.71|23 08 16.1|6.56|0.11
HR 3225|08 11 21.50|-39 37 07.0|4.45|1.62
HR 3226|08 11 25.90|-42 59 13.9|4.75|0.18
HR 3227|08 11 11.9|-48 27 42.8|5.82|-0.15
HR 3228|08 14 11.9|17 40 32.9|6.47|0.30
HR 3229|08 13 19.99|-15 47 17.9|4.99|1.07
HR 323|01 06 26.50|-35 39 38.9|6.61|0.14
HR 3230|08 12 46.1|-29 54 38.9|6.52|0.06
HR 3231|08 14 21.0|13 02 53.9|6.38|
HR 3232|08 12 00.0|-46 38 39.1|5.76|0.59
HR 3233|08 12 51.50|-37 55 27.8|6.43|0.10
HR 3234|08 12 30.91|-46 15 51.1|6.03|-0.11
HR 3235|08 17 50.40|59 34 16.0|5.64|0.16
HR 3236|08 20 40.30|72 24 25.9|5.98|1.54
HR 3237|08 13 29.59|-35 53 58.9|4.78|-0.11
HR 3238|08 13 41.9|-33 34 09.1|6.37|1.14
HR 3239|08 14 10.99|-32 08 26.9|6.06|-0.16
HR 324|01 08 00.89|43 56 30.8|5.03|0.11
HR 3240|08 13 58.39|-36 19 21.0|5.08|-0.19
HR 3241|08 13 58.80|-36 20 28.0|6.11|-0.18
HR 3242|08 14 13.20|-35 29 26.2|5.78|1.02
HR 3243|08 14 02.90|-40 20 53.2|4.44|1.17
HR 3244|08 13 36.19|-46 59 30.8|5.13|-0.14
HR 3245|08 19 17.30|62 30 25.9|5.71|0.89
HR 3246|08 18 15.79|54 08 37.0|6.27|1.54
HR 3247|08 13 34.10|-50 11 46.0|5.51|1.61
HR 3248|08 16 33.91|11 43 35.0|7.13|1.56
HR 3249|08 16 30.91|09 11 08.2|3.52|1.48
HR 325|01 07 13.10|-23 59 47.0|6.37|0.23
HR 3250|08 14 23.90|-45 50 03.8|5.83|-0.20
HR 3251|08 15 52.51|-30 55 32.9|6.21|0.78
HR 3252|08 17 31.70|08 51 58.0|6.29|0.98
HR 3253|08 15 58.90|-35 54 10.1|6.16|1.55
HR 3254|08 20 26.9|57 44 35.9|5.89|0.39
HR 3255|08 16 54.19|-21 19 13.1|6.60|0.02
HR 3256|08 15 23.30|-50 26 57.8|6.44|1.49
HR 3257|08 17 23.11|-16 17 06.0|6.16|0.01
HR 3258|08 20 29.9|53 34 27.8|6.49|0.28
HR 3259|08 18 23.90|-12 37 54.8|5.98|0.76
HR 326|01 08 33.31|58 15 49.0|5.79|-0.01
HR 3260|08 15 15.91|-62 54 56.9|5.16|0.09
HR 3261|08 17 58.30|-30 00 11.9|6.45|1.04
HR 3262|08 20 03.91|27 13 04.1|5.14|0.47
HR 3263|08 22 44.9|60 37 52.0|6.41|0.97
HR 3264|08 20 21.0|20 44 52.1|5.83|1.13
HR 3265|08 19 15.10|-10 09 56.9|6.32|0.33
HR 3266|08 18 17.40|-35 27 06.1|5.58|1.24
HR 3267|08 18 12.60|-37 22 27.1|6.70|0.23
HR 3268|08 20 32.11|24 01 19.9|5.98|-0.03
HR 3269|08 19 49.90|03 56 52.1|6.05|0.97
HR 327|01 08 01.30|32 00 43.9|6.25|0.40
HR 3270|08 18 33.29|-36 39 33.8|4.45|0.22
HR 3271|08 20 13.10|-00 54 33.8|6.18|0.60
HR 3272|08 20 17.11|-05 19 45.1|6.13|1.33
HR 3273|08 19 29.40|-34 35 25.1|6.43|-0.08
HR 3274|08 17 55.80|-59 10 00.8|6.42|0.39
HR 3275|08 22 50.9|43 11 17.2|4.25|1.55
HR 3276|08 20 27.41|-22 55 28.9|6.13|1.04
HR 3277|08 23 48.50|53 13 10.9|5.51|0.11
HR 3278|08 21 20.21|-01 36 07.9|6.50|0.02
HR 3279|08 21 21.19|-20 04 45.1|5.58|0.77
HR 328|01 07 57.19|20 44 21.1|5.55|0.13
HR 3280|08 18 18.91|-65 36 47.9|5.07|1.15
HR 3281|08 21 54.60|-17 35 11.0|5.75|1.05
HR 3282|08 21 22.99|-33 03 15.8|4.83|1.45
HR 3283|08 21 21.0|-36 29 03.8|5.20|-0.19
HR 3284|08 23 21.79|18 19 55.9|5.95|0.17
HR 3285|08 22 30.19|-06 10 45.1|6.15|0.22
HR 3286|08 21 24.19|-39 37 14.9|6.16|0.17
HR 3287|08 24 42.79|42 00 18.0|6.02|1.59
HR 3288|08 22 54.0|-07 32 35.9|5.96|1.67
HR 3289|08 22 46.80|-13 03 16.9|6.11|1.00
HR 329|01 07 46.20|-09 47 08.2|5.82|0.43
HR 3290|08 23 55.20|10 37 54.8|6.08|1.49
HR 3291|08 22 49.90|-26 20 53.2|5.90|0.37
HR 3292|08 25 04.90|35 00 41.0|6.06|1.27
HR 3293|08 21 12.0|-57 58 23.2|5.97|-0.09
HR 3294|08 22 31.61|-48 29 25.1|4.82|-0.15
HR 3295|08 24 36.41|-04 43 00.8|6.01|0.46
HR 3296|08 23 17.21|-38 17 08.9|6.32|1.63
HR 3297|08 24 34.99|-03 45 04.0|5.61|0.46
HR 3298|08 21 07.70|-64 06 22.0|6.12|0.93
HR 3299|08 25 49.90|17 02 46.0|6.14|0.41
HR 33|00 11 15.91|-15 28 05.2|4.89|0.49
HR 330|01 08 22.20|05 38 58.9|5.52|0.34
HR 3300|08 22 55.20|-52 07 26.0|5.85|0.01
HR 3301|08 19 49.1|-71 30 54.0|5.37|-0.06
HR 3302|08 20 00.70|-71 30 19.1|5.65|-0.10
HR 3303|08 29 46.20|67 17 51.0|5.88|0.97
HR 3304|08 26 27.70|27 53 37.0|5.57|1.40
HR 3305|08 25 35.50|02 06 07.9|5.73|1.53
HR 3306|08 25 54.79|07 33 51.8|5.13|0.94
HR 3307|08 22 30.79|-59 30 34.9|1.86|1.28
HR 3308|08 24 55.10|-23 09 13.0|5.68|0.06
HR 3309|08 27 36.79|45 39 11.2|6.32|0.62
HR 331|01 07 47.90|-41 29 12.8|5.21|0.16
HR 3310|08 26 46.80|26 56 03.8|6.32|0.18
HR 3311|08 26 46.99|26 56 07.1|6.30|0.18
HR 3312|08 26 39.79|24 32 03.1|7.02|0.32
HR 3313|08 26 40.10|24 32 07.1|7.81|0.52
HR 3314|08 25 39.60|-03 54 23.0|3.90|-0.02
HR 3315|08 25 03.70|-24 02 46.0|5.28|1.48
HR 3316|08 25 19.10|-21 02 44.9|6.01|0.40
HR 3317|08 25 39.41|-17 26 21.8|6.44|
HR 3318|08 18 31.61|-76 55 10.9|4.07|0.39
HR 3319|08 26 43.90|12 39 15.8|5.50|1.60
HR 332|01 07 18.70|-61 46 31.1|5.37|0.88
HR 3320|08 25 55.61|-14 55 46.9|5.98|0.17
HR 3321|08 26 27.19|-03 59 15.0|5.59|0.22
HR 3322|08 24 57.19|-42 46 09.8|5.98|-0.17
HR 3323|08 30 15.91|60 43 05.2|3.36|0.84
HR 3324|08 26 41.90|-12 32 03.8|5.54|1.19
HR 3325|08 27 17.21|-06 24 34.9|6.59|0.51
HR 3326|08 25 51.89|-42 09 11.9|5.47|-0.15
HR 3327|08 26 17.59|-39 03 33.8|6.53|-0.09
HR 3328|08 26 18.19|-39 03 37.1|7.25|0.08
HR 3329|08 28 36.79|24 08 40.9|6.10|0.24
HR 333|01 12 16.70|79 40 26.0|5.64|0.01
HR 3330|08 25 31.1|-51 43 41.2|5.17|-0.16
HR 3331|08 26 50.81|-29 12 55.1|6.73|-0.05
HR 3332|08 32 53.40|69 19 12.0|6.31|1.35
HR 3333|08 28 37.30|14 12 38.9|5.95|0.19
HR 3334|08 22 04.39|-73 24 00.0|5.29|0.01
HR 3335|08 27 33.29|-20 50 38.0|6.56|0.04
HR 3336|08 27 16.39|-31 40 23.2|6.33|0.90
HR 3337|08 28 29.21|-02 31 01.9|6.39|0.33
HR 3338|08 28 19.70|-08 48 58.0|6.43|1.20
HR 3339|08 27 53.50|-26 07 57.0|6.62|0.11
HR 334|01 08 35.40|-10 10 55.9|3.45|1.16
HR 3340|08 20 38.50|-77 29 03.8|4.35|1.16
HR 3341|08 26 25.20|-52 48 27.0|6.05|0.06
HR 3342|08 28 50.90|-09 44 53.9|6.00|0.42
HR 3343|08 27 59.30|-35 06 50.0|5.75|-0.15
HR 3344|08 28 35.90|-23 04 18.1|6.51|0.05
HR 3345|08 28 53.30|-20 57 01.1|6.67|-0.06
HR 3346|08 25 51.60|-64 36 02.9|5.97|0.96
HR 3347|08 25 44.21|-66 08 12.8|3.77|1.13
HR 3348|08 31 19.90|37 15 56.9|6.18|-0.03
HR 3349|08 27 27.41|-55 00 42.1|6.53|-0.02
HR 335|01 09 30.19|47 14 30.8|4.25|-0.07
HR 3350|08 27 36.50|-53 05 19.0|5.09|0.25
HR 3351|08 32 33.50|53 06 52.9|6.24|1.01
HR 3352|08 36 48.70|74 43 25.0|6.31|
HR 3353|08 29 27.60|-27 19 57.0|6.70|-0.13
HR 3354|08 34 36.19|65 08 42.0|5.47|0.18
HR 3355|08 31 30.50|24 04 52.0|5.75|0.28
HR 3356|08 29 07.61|-44 09 38.2|5.79|-0.16
HR 3357|08 31 35.71|18 05 39.8|5.35|1.56
HR 3358|08 29 04.70|-47 55 45.1|5.33|-0.14
HR 3359|08 29 27.60|-44 43 30.0|4.99|-0.16
HR 336|01 10 39.29|68 46 43.0|5.29|-0.02
HR 3360|08 32 55.1|38 00 59.0|5.90|1.11
HR 3361|08 31 54.60|09 48 51.8|6.83|-0.07
HR 3362|08 30 28.61|-32 09 33.8|5.65|1.49
HR 3363|08 29 45.60|-46 19 54.8|5.99|-0.15
HR 3364|08 30 29.59|-36 43 16.0|6.69|1.95
HR 3365|08 33 21.79|36 26 11.0|6.24|0.36
HR 3366|08 32 42.50|20 26 28.0|5.33|1.25
HR 3367|08 31 30.91|-19 34 39.0|5.42|-0.06
HR 3368|08 29 36.31|-55 11 28.0|6.36|0.80
HR 3369|08 33 00.10|24 05 04.9|6.36|1.02
HR 337|01 09 43.90|35 37 14.2|2.06|1.58
HR 3370|08 27 16.90|-70 05 35.9|5.53|-0.03
HR 3371|08 30 39.19|-44 44 13.9|6.30|-0.02
HR 3372|08 32 39.89|10 03 58.0|6.46|-0.02
HR 3373|08 31 24.60|-39 03 51.1|6.31|-0.15
HR 3374|08 32 33.29|-15 01 45.8|6.38|0.27
HR 3375|08 31 10.80|-47 52 00.1|6.39|-0.15
HR 3376|08 33 45.10|13 15 25.9|6.28|1.17
HR 3377|08 34 43.80|36 25 09.8|5.78|0.04
HR 3378|08 33 43.49|04 45 24.1|5.87|1.07
HR 3379|08 39 42.60|73 37 46.9|6.15|1.02
HR 338|01 08 23.11|-55 14 44.9|3.92|-0.08
HR 3380|08 34 13.30|08 27 06.8|6.03|0.33
HR 3381|08 33 04.80|-24 36 23.0|6.19|0.27
HR 3382|08 31 29.59|-54 23 39.1|6.34|1.31
HR 3383|08 34 01.61|-02 09 06.1|5.81|0.00
HR 3384|08 32 51.50|-31 30 02.9|6.38|0.79
HR 3385|08 32 58.61|-34 38 02.0|6.36|0.95
HR 3386|08 32 04.80|-53 12 43.9|5.69|0.58
HR 3387|08 35 19.39|19 35 24.0|6.58|0.68
HR 3388|08 33 19.90|-38 22 16.0|6.49|-0.18
HR 3389|08 33 38.30|-38 50 56.0|5.96|-0.14
HR 339|01 09 49.20|19 39 31.0|5.55|0.69
HR 3390|08 33 30.41|-46 58 16.0|6.24|1.56
HR 3391|08 39 11.71|65 01 14.9|5.64|0.62
HR 3392|08 35 24.89|02 44 37.0|6.33|1.02
HR 3393|08 24 19.80|-80 54 51.1|5.69|1.02
HR 3394|08 36 07.70|15 18 49.0|6.32|
HR 3395|08 35 51.0|06 37 12.0|5.99|0.52
HR 3396|08 35 51.29|06 37 21.0|7.25|0.71
HR 3397|08 34 31.70|-32 35 55.0|6.43|0.75
HR 3398|08 35 28.20|-07 58 55.9|5.72|-0.03
HR 3399|08 34 29.30|-37 36 41.0|6.30|1.56
HR 34|00 11 34.39|-27 47 58.9|5.41|1.34
HR 340|01 10 18.79|42 04 53.0|5.65|0.60
HR 3400|08 38 22.20|53 24 05.0|5.66|0.96
HR 3401|08 39 10.20|59 56 21.8|6.48|
HR 3402|08 35 28.80|-26 50 37.0|5.96|0.37
HR 3403|08 40 12.79|64 19 40.1|4.60|1.17
HR 3404|08 35 12.60|-39 58 12.0|6.47|0.58
HR 3405|08 39 00.0|52 55 30.0|6.42|
HR 3406|08 37 05.81|09 39 20.2|5.88|0.09
HR 3407|08 34 43.61|-49 56 39.1|5.01|1.33
HR 3408|08 39 17.59|52 42 42.1|5.91|1.17
HR 3409|08 38 19.1|32 48 06.8|5.94|1.12
HR 341|01 10 19.39|25 27 28.1|5.80|1.47
HR 3410|08 37 39.41|05 42 13.0|4.16|0.00
HR 3411|08 37 27.10|-04 56 01.0|6.19|1.05
HR 3412|08 38 05.21|09 34 28.9|6.53|-0.02
HR 3413|08 35 52.10|-50 58 12.0|5.80|-0.13
HR 3414|08 35 19.61|-58 00 33.1|4.86|1.00
HR 3415|08 35 15.41|-58 13 30.0|5.26|-0.14
HR 3416|08 38 20.30|-06 39 45.0|6.51|0.44
HR 3417|08 32 42.19|-73 21 24.1|6.12|0.95
HR 3418|08 38 45.41|03 20 29.0|4.44|1.21
HR 3419|08 37 29.69|-33 44 44.9|6.48|0.33
HR 342|01 11 25.61|64 12 10.1|5.55|-0.07
HR 3420|08 37 52.20|-26 15 18.0|5.27|-0.04
HR 3421|08 37 19.90|-40 08 51.0|6.55|0.60
HR 3422|08 41 01.10|45 50 02.0|5.37|0.99
HR 3423|08 40 18.29|31 56 30.8|6.10|
HR 3424|08 39 24.60|08 01 01.9|6.45|1.08
HR 3425|08 38 40.30|-19 44 12.8|6.33|1.59
HR 3426|08 37 38.71|-42 59 21.1|4.14|0.11
HR 3427|08 40 06.41|20 00 28.1|6.39|0.98
HR 3428|08 40 22.10|19 40 12.0|6.44|1.02
HR 3429|08 40 27.0|19 32 42.0|6.30|0.17
HR 343|01 11 06.19|55 08 58.9|4.33|0.17
HR 3430|08 39 07.99|-22 39 42.8|5.05|0.73
HR 3431|08 40 01.51|-12 28 31.1|4.98|1.42
HR 3432|08 37 18.79|-62 51 13.0|5.47|1.02
HR 3433|08 39 42.50|-29 33 40.0|4.89|0.90
HR 3434|08 39 22.10|-36 36 24.8|6.13|0.42
HR 3435|08 38 44.90|-53 05 26.2|6.47|-0.10
HR 3436|08 43 00.19|46 54 04.0|6.22|0.96
HR 3437|08 41 01.61|-09 03 06.8|6.63|-0.02
HR 3438|08 40 06.19|-35 18 29.9|3.97|0.94
HR 3439|08 40 19.30|-40 15 51.1|5.20|-0.01
HR 344|01 10 11.50|15 40 27.1|6.06|1.49
HR 3440|08 39 23.81|-53 26 22.9|5.48|-0.16
HR 3441|08 41 43.30|-15 56 35.9|4.88|1.06
HR 3442|08 39 57.60|-53 03 18.0|5.19|-0.14
HR 3443|08 39 13.20|-60 19 01.9|6.36|0.00
HR 3444|08 40 35.30|-45 11 29.0|5.71|1.65
HR 3445|08 40 37.61|-46 38 56.0|3.84|0.71
HR 3446|08 42 09.79|-11 57 58.0|6.45|0.16
HR 3447|08 40 17.59|-52 55 18.8|3.62|-0.18
HR 3448|08 40 17.40|-53 00 55.1|5.61|-0.14
HR 3449|08 43 17.9|21 28 07.0|4.66|0.02
HR 345|01 11 41.40|65 01 08.0|5.57|-0.09
HR 3450|08 43 12.31|12 40 50.9|5.64|0.39
HR 3451|08 44 10.10|36 55 05.2|6.33|
HR 3452|08 41 13.10|-47 19 00.8|4.77|0.12
HR 3453|08 41 05.30|-48 55 21.0|5.90|-0.21
HR 3454|08 43 13.49|03 23 55.0|4.30|-0.20
HR 3455|08 40 43.61|-57 32 43.1|6.34|0.20
HR 3456|08 41 56.90|-45 24 38.9|5.23|0.21
HR 3457|08 40 37.1|-59 45 40.0|4.33|-0.11
HR 3458|08 43 59.69|04 20 04.9|6.37|-0.06
HR 3459|08 43 40.39|-07 14 01.0|4.62|0.84
HR 346|01 10 12.0|-08 54 22.0|6.40|1.04
HR 3460|08 39 05.21|-70 23 12.8|5.20|0.01
HR 3461|08 44 41.9|18 09 15.1|3.94|1.08
HR 3462|08 42 16.1|-48 05 57.1|5.51|-0.18
HR 3463|08 42 57.0|-35 56 35.9|6.42|0.02
HR 3464|08 45 21.41|30 41 52.1|6.13|0.94
HR 3465|08 44 45.0|10 04 54.1|5.66|-0.11
HR 3466|08 42 18.91|-53 06 00.0|5.52|-0.15
HR 3467|08 42 25.49|-53 06 50.0|4.86|-0.17
HR 3468|08 43 35.50|-33 11 11.0|3.68|-0.18
HR 3469|08 45 01.30|05 40 50.2|6.13|0.20
HR 347|01 10 33.60|02 26 44.2|5.95|1.51
HR 3470|08 48 49.39|66 42 29.2|6.20|-0.11
HR 3471|08 42 20.90|-55 46 27.1|6.29|1.18
HR 3472|08 45 20.81|-02 36 02.9|6.41|0.52
HR 3473|08 44 55.20|-21 10 04.1|6.11|0.22
HR 3474|08 46 40.1|28 45 55.1|6.57|0.04
HR 3475|08 46 41.81|28 45 36.0|4.02|1.01
HR 3476|08 43 40.30|-49 49 22.1|5.16|-0.20
HR 3477|08 44 24.0|-42 38 57.1|4.07|0.87
HR 3478|08 46 02.50|-02 02 56.0|5.70|1.10
HR 3479|08 44 51.89|-37 08 49.9|5.76|-0.15
HR 348|01 11 10.30|37 43 27.1|5.81|-0.10
HR 3480|08 46 06.89|-11 00 23.0|6.25|1.61
HR 3481|08 46 55.99|12 06 36.0|5.87|0.11
HR 3482|08 46 46.61|06 25 08.0|3.38|0.68
HR 3483|08 45 49.30|-25 23 15.0|6.10|0.08
HR 3484|08 46 22.51|-13 32 52.1|4.32|0.90
HR 3485|08 44 42.19|-54 42 29.9|1.96|0.04
HR 3486|08 47 15.0|-01 53 49.9|5.29|0.04
HR 3487|08 46 01.70|-46 02 30.1|3.91|0.00
HR 3488|08 46 23.81|-41 07 32.2|6.21|-0.05
HR 3489|08 45 05.30|-58 43 30.0|6.21|-0.09
HR 349|01 11 06.79|31 25 28.9|5.16|0.23
HR 3490|08 46 49.20|-34 37 22.1|6.37|-0.13
HR 3491|08 43 54.31|-68 12 42.1|6.32|1.50
HR 3492|08 48 25.99|05 50 16.1|4.36|-0.04
HR 3493|08 48 04.90|-06 33 31.0|6.09|1.28
HR 3494|08 46 30.60|-45 54 46.1|5.46|0.27
HR 3495|08 44 30.0|-65 49 32.2|6.05|0.20
HR 3496|08 47 18.91|-46 09 20.2|5.75|0.56
HR 3497|08 47 40.49|-41 44 13.9|6.36|0.58
HR 3498|08 46 42.50|-56 46 10.9|4.49|-0.17
HR 3499|08 50 32.21|33 17 07.1|6.25|0.49
HR 35|00 11 43.99|-35 07 59.2|5.25|0.44
HR 350|01 10 07.39|-57 41 39.8|6.41|0.89
HR 3500|08 49 21.70|-03 26 35.2|5.31|-0.09
HR 3501|08 48 08.81|-42 27 50.0|6.43|-0.20
HR 3502|08 41 19.51|-78 57 47.9|5.47|-0.10
HR 3503|08 48 00.19|-52 51 02.2|6.30|-0.10
HR 3504|08 50 45.10|18 49 55.9|6.16|-0.01
HR 3505|08 53 22.61|61 57 43.9|5.73|0.28
HR 3506|08 53 05.90|59 03 22.0|6.25|
HR 3507|08 49 44.90|-21 02 55.0|6.47|0.23
HR 3508|08 51 56.81|43 43 36.1|5.15|0.98
HR 3509|08 52 11.59|45 18 45.0|5.99|1.26
HR 351|01 11 27.19|21 02 04.9|4.66|1.03
HR 3510|08 51 01.51|15 21 02.2|6.38|0.64
HR 3511|08 52 10.1|42 00 09.0|5.99|1.25
HR 3512|08 49 51.50|-32 46 50.2|5.21|0.87
HR 3513|08 50 02.21|-29 27 47.2|5.87|0.95
HR 3514|08 49 39.19|-40 19 14.2|5.48|0.06
HR 3515|08 51 19.0|11 48 20.0||
HR 3516|08 50 21.60|-28 37 05.2|6.17|-0.08
HR 3517|08 49 52.39|-39 08 30.1|6.39|0.23
HR 3518|08 50 31.90|-27 42 36.0|4.01|1.27
HR 3519|08 52 34.61|32 28 27.1|5.66|0.22
HR 352|01 11 39.60|30 05 22.9|4.51|1.09
HR 3520|08 49 47.69|-45 18 29.2|4.93|0.05
HR 3521|08 52 28.61|28 15 33.1|6.23|1.62
HR 3522|08 52 35.81|28 19 50.9|5.95|0.87
HR 3523|08 51 34.51|-07 10 37.9|5.54|0.15
HR 3524|08 43 12.41|-79 04 10.9|6.05|0.23
HR 3525|08 50 21.0|-42 05 24.0|6.00|-0.10
HR 3526|08 52 24.19|05 20 24.0|6.33|0.12
HR 3527|08 50 33.50|-46 31 45.1|5.10|-0.21
HR 3528|08 53 55.70|35 32 17.9|6.14|0.04
HR 3529|08 52 30.70|-13 14 01.0|6.13|1.14
HR 353|01 11 43.49|-02 15 04.0|5.94|1.40
HR 3530|08 51 27.91|-42 30 15.8|6.55|0.04
HR 3531|08 56 37.49|64 36 14.0|5.58|0.86
HR 3532|08 54 14.69|30 34 45.8|5.39|1.05
HR 3533|08 52 26.9|-32 30 33.1|6.50|1.46
HR 3534|08 52 38.59|-36 32 44.2|6.42|0.56
HR 3535|08 52 48.0|-38 43 27.1|5.82|1.50
HR 3536|08 51 36.60|-57 38 01.0|5.59|-0.11
HR 3537|08 50 34.80|-66 47 35.2|5.35|0.42
HR 3538|08 54 17.90|-05 26 03.8|6.00|0.67
HR 3539|08 52 38.59|-48 21 33.1|5.91|-0.15
HR 354|01 13 09.91|61 42 20.9|6.41|0.01
HR 3540|08 55 39.70|27 55 39.0|5.22|1.00
HR 3541|08 55 22.90|17 13 53.0|6.64|3.36
HR 3542|08 52 40.80|-52 07 45.1|6.39|0.00
HR 3543|08 45 55.20|-79 30 15.8|5.79|1.60
HR 3544|08 49 50.30|-72 33 02.9|6.11|0.20
HR 3545|08 56 49.99|45 37 54.8|5.74|1.09
HR 3546|08 56 30.50|40 12 06.1|5.89|0.35
HR 3547|08 55 23.59|05 56 44.2|3.11|1.00
HR 3548|08 53 50.69|-40 26 51.0|6.47|0.96
HR 3549|08 53 03.79|-56 38 57.8|6.03|-0.02
HR 355|01 12 34.1|45 20 16.1|6.11|1.64
HR 3550|08 55 55.61|11 37 34.0|5.41|1.46
HR 3551|08 53 50.69|-47 31 14.9|5.33|0.26
HR 3552|08 55 29.50|-07 58 13.1|6.91|
HR 3553|08 55 29.59|-07 58 16.0|6.67|0.22
HR 3554|08 55 12.41|-18 14 29.0|5.75|1.32
HR 3555|08 56 56.59|32 54 37.1|5.45|0.12
HR 3556|08 55 31.51|-27 40 54.8|4.89|0.11
HR 3557|08 56 36.89|04 14 12.1|6.14|1.00
HR 3558|08 57 08.21|17 08 38.0|6.17|1.00
HR 3559|08 55 55.90|-23 49 05.9|6.39|0.16
HR 356|01 12 59.50|30 03 51.1|6.19|1.00
HR 3560|08 53 48.70|-60 21 15.1|5.78|-0.08
HR 3561|08 57 14.90|15 19 22.1|5.20|0.15
HR 3562|08 55 19.30|-45 02 30.1|6.26|-0.16
HR 3563|08 57 58.70|30 14 01.0|6.29|0.43
HR 3564|08 56 34.10|-16 42 33.8|5.96|1.54
HR 3565|08 57 35.21|15 34 53.0|5.67|0.20
HR 3566|08 58 27.50|35 48 09.0|6.51|-0.01
HR 3567|08 57 42.0|09 23 16.1|6.19|0.98
HR 3568|08 54 54.0|-58 14 24.0|6.38|-0.11
HR 3569|08 59 12.41|48 02 30.1|3.14|0.19
HR 357|01 16 30.70|79 54 36.0|6.26|0.42
HR 3570|08 55 11.90|-54 57 56.2|5.71|0.48
HR 3571|08 55 02.81|-60 38 40.9|3.84|-0.10
HR 3572|08 58 29.21|11 51 28.1|4.25|0.14
HR 3573|08 58 08.21|01 32 30.1|6.59|0.06
HR 3574|08 56 19.39|-52 43 25.0|4.69|-0.12
HR 3575|08 59 32.59|32 25 07.0|5.20|0.93
HR 3576|09 02 32.69|67 37 46.9|4.76|1.53
HR 3577|08 59 10.80|18 08 04.9|6.38|1.55
HR 3578|08 58 43.90|-16 07 58.1|5.86|0.53
HR 3579|09 00 38.40|41 46 58.1|3.97|0.44
HR 358|01 12 23.40|-30 48 07.9|6.52|0.48
HR 3580|09 00 30.79|37 36 15.8|6.44|
HR 3581|09 15 21.19|84 10 52.0|6.33|0.30
HR 3582|08 56 58.39|-59 13 45.8|4.92|-0.19
HR 3583|08 57 55.80|-48 34 23.9|5.87|1.07
HR 3584|08 59 39.89|-19 12 29.2|6.18|0.46
HR 3585|08 59 15.70|-28 48 22.0|6.25|1.00
HR 3586|09 01 40.61|39 42 47.9|6.36|0.30
HR 3587|09 01 24.10|32 15 09.0|5.82|0.00
HR 3588|08 58 52.30|-47 14 04.9|5.18|0.25
HR 3589|09 01 48.91|27 54 10.1|6.07|
HR 359|01 12 45.41|-37 51 23.0|5.92|0.28
HR 3590|09 01 31.39|05 38 26.9|6.07|1.11
HR 3591|09 00 05.40|-41 15 14.0|4.45|0.65
HR 3592|09 04 00.41|54 17 02.0|5.75|0.02
HR 3593|09 00 22.20|-43 10 23.9|6.07|-0.16
HR 3594|09 03 37.49|47 09 24.1|3.60|0.00
HR 3595|09 02 44.30|24 27 10.1|5.45|-0.04
HR 3596|09 01 58.1|-00 28 58.1|5.67|1.15
HR 3597|09 01 11.40|-26 39 50.0|6.20|1.13
HR 3598|08 59 24.10|-59 05 01.0|5.16|0.42
HR 3599|09 02 44.81|07 17 53.2|5.85|1.11
HR 36|00 11 59.9|48 09 09.0|6.16|1.45
HR 360|01 13 44.90|24 35 01.0|4.65|1.04
HR 3600|09 01 20.81|-41 51 51.8|5.55|-0.14
HR 3601|09 04 09.89|27 53 53.9|6.38|0.00
HR 3602|09 02 06.41|-39 24 09.0|6.27|1.00
HR 3603|09 05 24.10|48 31 49.1|5.95|0.45
HR 3604|09 00 45.70|-60 57 50.0|5.79|1.21
HR 3605|09 01 44.59|-52 11 17.9|5.23|-0.12
HR 3606|09 04 55.20|32 22 36.8|6.46|0.24
HR 3607|09 03 08.81|-25 30 15.8|6.74|-0.03
HR 3608|09 06 43.10|59 20 39.8|6.45|0.04
HR 3609|09 08 23.59|66 52 23.9|5.14|1.51
HR 361|01 13 43.90|07 34 31.1|5.24|0.32
HR 3610|09 01 08.50|-68 41 02.0|5.88|1.63
HR 3611|09 03 05.21|-53 32 58.9|6.40|-0.09
HR 3612|09 06 31.80|38 27 07.9|4.56|1.04
HR 3613|09 05 58.39|05 05 31.9|4.97|1.22
HR 3614|09 04 09.31|-47 05 52.1|3.75|1.20
HR 3615|09 02 26.81|-66 23 46.0|4.00|0.14
HR 3616|09 10 23.21|67 08 04.9|4.80|0.49
HR 3617|09 07 26.90|22 58 52.0|6.40|
HR 3618|09 06 59.90|01 27 46.1|6.17|1.65
HR 3619|09 08 52.30|51 36 16.9|4.48|0.27
HR 362|01 13 45.29|07 34 41.9|6.30|0.49
HR 3620|09 08 04.10|32 32 26.2|6.50|0.36
HR 3621|09 08 00.10|29 39 15.1|5.43|0.89
HR 3622|09 04 48.0|-57 51 09.0|6.44|0.25
HR 3623|09 07 44.81|10 40 05.2|5.24|-0.11
HR 3624|09 10 55.10|63 30 49.0|4.67|0.35
HR 3625|09 08 51.10|33 52 55.9|5.93|0.60
HR 3626|09 08 47.30|26 37 45.1|5.98|0.66
HR 3627|09 09 21.50|22 02 44.2|5.14|0.97
HR 3628|09 08 02.90|-25 51 29.9|4.58|1.59
HR 3629|09 06 34.1|-55 48 11.9|6.11|-0.15
HR 363|01 14 04.99|28 31 46.9|6.43|1.70
HR 3630|09 08 42.19|-08 35 21.8|5.60|-0.06
HR 3631|09 07 14.69|-51 12 42.8|6.73|1.62
HR 3632|09 06 07.61|-64 29 58.9|6.37|1.35
HR 3633|09 14 03.19|71 39 20.9|6.55|0.96
HR 3634|09 07 59.81|-43 25 57.0|2.21|1.66
HR 3635|09 09 46.39|11 33 51.8|6.48|0.34
HR 3636|09 09 11.50|-12 21 28.1|5.77|0.94
HR 3637|09 08 43.49|-26 46 04.1|6.15|0.17
HR 3638|09 09 04.30|-18 19 43.0|5.73|0.00
HR 3639|09 10 38.71|30 57 47.2|5.95|1.67
HR 364|01 14 07.61|16 08 01.0|5.98|-0.08
HR 3640|09 10 20.90|21 59 47.0|6.01|0.90
HR 3641|09 09 35.50|-08 47 16.1|5.46|1.01
HR 3642|09 05 38.30|-70 32 20.0|4.71|-0.15
HR 3643|09 05 08.81|-72 36 10.1|4.48|0.61
HR 3644|09 09 56.40|-30 21 55.1|5.59|0.19
HR 3645|09 15 52.61|72 56 46.0|5.96|0.18
HR 3646|09 10 22.99|-23 10 36.1|6.53|0.00
HR 3647|09 09 45.10|-49 25 28.9|6.48|0.17
HR 3648|09 14 20.59|61 25 23.9|5.13|0.58
HR 3649|09 11 55.61|05 28 05.9|6.35|0.32
HR 365|01 16 12.10|71 44 38.0|7.83|0.78
HR 3650|09 12 17.59|14 59 46.0|6.51|0.73
HR 3651|09 12 12.91|03 52 01.9|6.14|-0.01
HR 3652|09 13 48.19|43 13 04.1|5.32|-0.14
HR 3653|09 11 58.70|-19 44 52.1|5.73|0.98
HR 3654|09 11 04.39|-44 52 05.2|5.00|0.23
HR 3655|09 12 25.99|-07 06 34.9|6.11|0.22
HR 3656|09 11 40.99|-39 15 32.0|6.00|-0.11
HR 3657|09 13 37.30|21 16 59.9|6.48|0.02
HR 3658|09 11 33.19|-46 35 02.0|5.79|-0.21
HR 3659|09 10 58.1|-58 58 00.8|3.44|-0.19
HR 366|01 14 24.0|-07 55 23.2|5.13|0.46
HR 3660|09 15 49.90|56 44 29.0|5.27|1.56
HR 3661|09 12 30.60|-43 36 49.0|5.57|-0.11
HR 3662|09 16 11.30|54 01 18.8|4.83|0.19
HR 3663|09 11 16.61|-62 19 01.9|3.97|-0.18
HR 3664|09 15 14.30|34 38 01.0|5.97|0.86
HR 3665|09 14 21.89|02 18 51.1|3.88|-0.06
HR 3666|09 19 55.80|74 00 59.0|6.50|
HR 3667|09 13 25.90|-38 36 59.0|6.31|0.00
HR 3668|09 13 18.60|-42 16 25.0|6.29|1.25
HR 3669|09 15 13.80|14 56 29.0|5.34|1.32
HR 367|01 14 42.41|06 59 43.1|6.03|1.08
HR 3670|09 13 34.51|-47 20 19.0|5.92|-0.05
HR 3671|09 12 02.80|-64 51 48.0||
HR 3672|09 14 08.21|-44 08 44.9|5.85|-0.12
HR 3673|09 12 55.61|-59 24 51.8|5.54|0.85
HR 3674|09 14 24.50|-43 13 39.0|5.25|-0.14
HR 3675|09 15 24.89|-15 01 28.9|6.35|0.02
HR 3676|09 17 31.20|46 49 01.9|5.97|0.04
HR 3677|09 14 57.19|-37 36 09.0|5.86|0.83
HR 3678|08 56 41.9|-85 39 47.2|5.42|0.31
HR 3679|09 14 18.0|-55 34 10.9|5.27|0.99
HR 368|01 14 49.20|-00 58 26.0|5.70|0.42
HR 3680|09 15 14.59|-45 33 20.2|6.25|-0.08
HR 3681|09 16 41.71|-06 21 11.2|5.24|1.17
HR 3682|09 15 36.70|-38 34 12.0|4.94|1.11
HR 3683|09 16 41.30|-08 44 40.9|5.47|-0.09
HR 3684|09 15 45.10|-37 24 47.9|4.62|0.45
HR 3685|09 13 12.0|-69 43 01.9|1.68|0.00
HR 3686|09 18 25.99|35 21 51.1|5.75|
HR 3687|09 17 07.49|-14 34 25.0|5.84|1.06
HR 3688|09 16 04.20|-44 53 55.0|6.04|0.28
HR 3689|09 17 51.41|11 30 04.0|6.41|0.07
HR 369|01 16 24.50|48 04 55.9|6.61|-0.05
HR 3690|09 18 50.69|36 48 09.0|3.82|0.06
HR 3691|09 15 17.50|-58 23 19.0|6.02|-0.10
HR 3692|09 16 23.11|-44 15 56.9|5.12|1.67
HR 3693|09 15 34.99|-57 34 41.2|6.32|1.04
HR 3694|09 16 57.19|-39 24 05.0|5.33|1.17
HR 3695|09 12 12.31|-76 39 47.2|6.14|1.09
HR 3696|09 16 12.19|-57 32 29.0|4.34|1.63
HR 3697|09 20 43.80|51 15 58.0|6.13|0.42
HR 3698|09 21 43.30|56 41 57.1|5.47|1.61
HR 3699|09 17 05.40|-59 16 31.1|2.25|0.18
HR 37|00 12 10.1|-17 56 17.9|5.25|1.48
HR 370|01 15 11.9|-45 31 53.0|4.96|0.58
HR 3700|09 17 42.31|-54 29 43.1|6.33|1.41
HR 3701|09 20 59.30|38 11 17.9|6.12|0.38
HR 3702|09 19 33.70|-11 18 51.1|6.62|0.08
HR 3703|09 18 05.81|-51 03 04.0|5.26|-0.07
HR 3704|09 19 33.19|-15 50 03.8|5.78|1.29
HR 3705|09 21 03.29|34 23 33.0|3.13|1.55
HR 3706|09 19 46.39|-11 58 30.0|4.79|0.93
HR 3707|09 21 27.19|32 54 06.8|6.16|1.09
HR 3708|09 18 42.19|-51 33 38.2|5.87|0.54
HR 3709|09 20 28.99|-09 33 20.9|4.80|0.93
HR 371|01 16 18.79|33 06 52.9|6.02|1.15
HR 3710|09 19 47.90|-34 06 11.9|6.39|-0.10
HR 3711|09 21 15.41|15 22 16.0|6.53|-0.01
HR 3712|09 17 17.21|-68 41 21.8|5.39|0.42
HR 3713|09 17 51.70|-67 03 02.9|6.11|1.26
HR 3714|09 20 55.49|-15 37 04.1|6.33|0.46
HR 3715|09 20 44.21|-31 45 38.2|6.82|0.00
HR 3716|09 20 29.59|-37 34 53.0|6.05|1.39
HR 3717|09 19 32.59|-55 11 12.1|6.28|-0.10
HR 3718|09 21 29.59|-25 57 56.2|4.72|1.63
HR 3719|09 27 51.60|75 05 53.9|6.29|0.07
HR 372|01 17 05.9|44 54 06.8|6.34|
HR 3720|09 17 25.39|-74 53 39.8|5.29|0.02
HR 3721|09 17 27.41|-74 44 04.9|5.86|-0.02
HR 3722|09 25 44.21|63 56 26.9|6.28|1.46
HR 3723|09 23 31.80|25 10 59.2|6.41|0.82
HR 3724|09 22 50.90|-09 50 20.0|6.53|0.22
HR 3725|09 24 55.70|51 34 26.0|6.31|0.75
HR 3726|09 21 50.90|-42 11 42.0|5.58|1.63
HR 3727|09 24 22.51|36 35 12.8|6.67|0.21
HR 3728|09 20 56.81|-62 24 16.9|4.81|0.94
HR 3729|09 22 36.70|-39 46 28.9|6.54|1.13
HR 373|01 16 36.31|-02 30 01.1|5.41|0.90
HR 3730|09 22 24.0|-46 02 51.0|5.75|0.92
HR 3731|09 24 39.31|26 10 55.9|4.46|1.23
HR 3732|09 21 49.99|-55 30 54.0|5.63|0.19
HR 3733|09 23 12.31|-28 50 02.0|4.69|0.92
HR 3734|09 22 06.79|-55 00 38.9|2.50|-0.18
HR 3735|09 23 44.81|-37 45 25.9|6.48|0.18
HR 3736|09 25 32.50|16 35 08.2|6.29|0.97
HR 3737|09 24 16.30|-39 25 32.9|6.06|0.20
HR 3738|09 25 24.0|-05 07 03.0|5.59|1.52
HR 3739|09 23 59.50|-51 44 13.9|6.08|0.57
HR 374|01 17 24.10|31 44 40.9|6.73|
HR 3740|09 23 27.41|-60 18 09.0|6.30|1.48
HR 3741|09 26 22.30|-01 27 50.0|6.01|1.32
HR 3742|09 24 05.69|-61 38 56.0|5.99|1.06
HR 3743|09 28 40.1|45 36 05.0|5.41|0.98
HR 3744|09 27 14.59|-09 13 25.0|6.54|0.05
HR 3745|09 26 44.81|-28 47 15.0|6.10|-0.10
HR 3746|09 26 28.49|-40 30 06.8|6.20|0.25
HR 3747|09 29 47.59|55 44 44.2|6.45|
HR 3748|09 27 35.21|-08 39 31.0|1.98|1.44
HR 3749|09 27 18.41|-22 20 38.0|4.69|1.14
HR 375|01 20 19.49|77 34 14.2|6.31|0.92
HR 3750|09 27 46.80|-06 04 16.0|5.38|0.64
HR 3751|09 37 05.21|81 19 35.0|4.29|1.48
HR 3752|09 25 27.10|-61 57 01.1|5.77|0.15
HR 3753|09 26 18.10|-53 22 45.1|5.11|-0.11
HR 3754|09 28 27.50|09 03 24.1|5.41|0.60
HR 3755|09 28 29.21|08 11 17.9|5.71|1.04
HR 3756|09 27 38.40|-35 00 28.1|6.65|0.20
HR 3757|09 31 31.70|63 03 42.8|3.67|0.33
HR 3758|09 29 02.21|-01 15 24.8|6.27|0.27
HR 3759|09 29 08.90|-02 46 08.0|4.60|0.46
HR 376|01 18 10.20|47 25 10.9|6.25|1.35
HR 3760|09 29 24.50|-02 12 19.1|6.14|0.22
HR 3761|09 26 44.21|-64 55 46.9|6.05|0.15
HR 3762|09 29 32.40|-04 14 49.9|6.26|0.84
HR 3763|09 29 12.60|-20 44 55.0|5.66|1.60
HR 3764|09 30 43.20|33 39 20.2|5.85|1.05
HR 3765|09 29 14.69|-35 57 05.0|4.51|1.44
HR 3766|09 29 16.30|-38 24 14.0|6.19|0.22
HR 3767|09 29 49.90|-23 20 43.1|6.24|1.57
HR 3768|09 34 53.59|72 12 20.2|5.72|0.48
HR 3769|09 31 32.40|35 06 11.2|5.37|1.53
HR 377|01 15 46.10|-68 52 34.0|4.86|0.47
HR 3770|09 29 54.50|-26 35 22.9|5.48|1.36
HR 3771|09 34 28.90|69 49 49.1|4.56|0.77
HR 3772|09 30 22.61|-15 34 37.9|5.85|1.20
HR 3773|09 31 43.20|22 58 05.2|4.31|1.54
HR 3774|09 36 06.79|74 19 04.1|6.46|-0.10
HR 3775|09 32 51.41|51 40 37.9|3.17|0.46
HR 3776|09 28 46.99|-62 16 23.2|5.92|1.10
HR 3777|09 27 06.41|-71 36 07.9|5.47|1.08
HR 3778|09 33 07.20|49 26 19.0|6.76|
HR 3779|09 31 57.60|09 42 56.9|5.07|1.37
HR 378|01 17 48.0|03 36 51.8|5.16|0.07
HR 3780|09 30 45.41|-31 53 29.0|7.00|0.09
HR 3781|09 30 46.10|-31 53 21.8|6.18|0.03
HR 3782|09 31 56.71|11 17 58.9|4.97|1.05
HR 3783|09 28 30.60|-66 42 06.8|5.91|0.01
HR 3784|09 30 05.21|-51 31 01.9|5.45|-0.10
HR 3785|09 31 38.90|-10 33 07.9|6.14|0.24
HR 3786|09 30 42.0|-40 28 00.1|3.60|0.36
HR 3787|09 31 58.90|-01 11 06.0|4.57|0.10
HR 3788|09 31 55.80|-10 22 14.2|6.13|1.19
HR 3789|09 31 32.21|-31 52 18.8|5.93|0.26
HR 379|01 18 46.99|37 23 10.0|6.46|0.23
HR 3790|09 31 32.90|-35 42 54.0|5.87|1.29
HR 3791|09 33 30.31|36 29 12.8|6.18|1.27
HR 3792|09 33 18.29|28 22 05.2|6.53|0.12
HR 3793|09 30 23.40|-58 21 42.1|5.88|1.70
HR 3794|09 32 41.40|01 51 51.1|6.11|0.62
HR 3795|09 24 09.10|-80 47 12.8|5.36|0.45
HR 3796|09 32 20.40|-19 24 01.1|5.74|0.14
HR 3797|09 34 19.61|46 54 07.9|6.52|0.22
HR 3798|09 32 18.50|-28 37 41.2|6.46|0.33
HR 3799|09 34 49.51|52 03 05.0|4.50|0.01
HR 38|00 12 50.40|37 41 35.9|6.73|-0.13
HR 380|01 17 03.60|-66 23 53.2|6.24|0.05
HR 3800|09 34 13.39|36 23 51.0|4.55|0.92
HR 3801|09 33 02.9|-08 30 19.1|6.12|0.98
HR 3802|09 32 55.80|-13 31 00.8|5.94|1.50
HR 3803|09 31 13.30|-57 02 03.8|3.13|1.55
HR 3804|09 33 59.9|23 27 14.0|6.25|1.46
HR 3805|09 33 20.11|-07 11 24.0|6.24|1.17
HR 3806|09 37 56.21|73 04 50.2|6.42|
HR 3807|09 32 19.30|-40 38 57.8|5.35|0.90
HR 3808|09 33 12.50|-21 06 56.9|5.01|1.02
HR 3809|09 35 03.79|39 37 17.0|4.81|0.99
HR 381|01 21 59.11|76 14 20.0|6.38|0.28
HR 3810|09 33 26.21|-22 51 50.0|5.91|0.02
HR 3811|09 35 22.39|39 57 47.9|6.76|0.35
HR 3812|09 33 07.80|-39 07 44.0|6.43|0.33
HR 3813|09 31 32.90|-66 43 09.8|6.27|1.35
HR 3814|09 34 32.69|-05 54 54.0|5.56|1.16
HR 3815|09 35 39.60|35 48 37.1|5.41|0.77
HR 3816|09 32 14.59|-62 47 20.0|6.10|1.43
HR 3817|09 33 44.50|-49 00 18.0|5.12|-0.12
HR 3818|09 35 52.90|14 22 46.9|6.36|0.01
HR 3819|09 34 08.81|-51 15 19.1|5.01|-0.18
HR 382|01 20 04.90|58 13 54.1|4.98|0.68
HR 3820|09 36 42.91|31 09 42.1|5.56|1.59
HR 3821|09 31 36.29|-73 04 50.9|5.47|1.56
HR 3822|09 35 33.70|-19 35 01.0|6.31|0.06
HR 3823|09 35 11.81|-35 49 26.0|6.49|0.42
HR 3824|09 39 27.91|67 16 19.9|5.94|1.52
HR 3825|09 34 26.71|-59 13 45.8|4.08|0.01
HR 3826|09 37 02.59|16 26 16.1|5.69|1.25
HR 3827|09 37 12.70|06 50 08.9|5.00|1.05
HR 3828|09 36 33.70|-24 42 10.1|6.53|0.38
HR 3829|09 38 21.70|40 14 22.9|5.25|0.22
HR 383|01 19 28.1|27 15 51.1|4.76|0.03
HR 3830|09 37 00.19|-25 17 48.1|5.70|1.12
HR 3831|09 36 25.30|-48 45 05.0|6.17|0.27
HR 3832|09 37 51.50|-09 25 27.8|6.40|-0.04
HR 3833|09 37 09.89|-32 10 43.0|5.63|1.02
HR 3834|09 38 27.31|04 38 57.1|4.68|1.32
HR 3835|09 37 28.30|-36 05 44.9|5.98|1.12
HR 3836|09 36 49.61|-49 21 19.1|4.35|0.17
HR 3837|09 36 46.30|-52 56 39.1|6.19|1.05
HR 3838|09 42 14.81|69 14 15.0|5.69|1.14
HR 3839|09 42 57.19|72 15 09.0|5.17|1.04
HR 384|01 21 05.21|64 39 29.9|6.34|0.09
HR 3840|09 37 12.31|-53 40 07.0|5.45|0.15
HR 3841|09 36 05.11|-64 57 02.2|6.56|0.10
HR 3842|09 38 01.51|-43 11 28.0|5.50|1.00
HR 3843|09 45 30.79|78 08 04.9|6.23|1.35
HR 3844|09 38 40.70|-39 36 51.1|6.70|0.49
HR 3845|09 39 51.41|-01 08 34.1|3.91|1.32
HR 3846|09 39 47.40|-10 34 13.1|6.31|-0.03
HR 3847|09 47 18.0|79 08 12.1|6.17|0.25
HR 3848|09 40 20.11|-10 46 09.1|6.37|0.08
HR 3849|09 40 18.41|-14 19 55.9|5.06|-0.15
HR 385|01 19 48.31|-00 30 32.0|5.87|0.64
HR 3850|09 41 35.21|31 16 41.2|5.89|1.60
HR 3851|09 42 00.31|39 45 28.1|5.62|0.95
HR 3852|09 41 09.0|09 53 31.9|3.52|0.49
HR 3853|09 41 38.50|25 54 46.1|6.24|1.25
HR 3854|09 42 43.10|48 25 52.0|6.39|-0.01
HR 3855|09 43 07.1|54 21 49.0|6.47|0.13
HR 3856|09 39 21.0|-61 19 41.2|4.52|-0.07
HR 3857|09 42 42.70|35 05 35.9|6.14|0.36
HR 3858|09 41 16.99|-23 35 30.1|4.77|-0.12
HR 3859|09 44 36.70|64 59 02.0|6.17|
HR 386|01 23 46.80|78 43 32.9|6.07|0.39
HR 3860|09 33 53.21|-80 56 29.0|5.11|-0.14
HR 3861|09 43 33.29|29 58 27.8|5.64|0.12
HR 3862|09 42 14.40|-23 54 56.2|4.94|0.53
HR 3863|09 40 42.50|-57 59 01.0|5.32|0.20
HR 3864|09 41 02.21|-57 15 34.9|5.80|1.09
HR 3865|09 45 55.39|63 39 11.9|6.34|0.31
HR 3866|09 43 43.90|14 01 18.1|5.35|1.63
HR 3867|09 42 41.40|-35 30 06.1|6.41|-0.06
HR 3868|09 41 47.81|-55 12 51.1|6.00|-0.13
HR 3869|09 44 30.0|18 51 49.0|6.50|
HR 387|01 20 34.49|-03 14 48.8|6.23|1.02
HR 3870|09 46 31.70|57 07 41.2|5.20|1.62
HR 3871|09 44 12.10|-27 46 09.8|4.79|0.51
HR 3872|09 43 27.50|-51 13 41.9|6.15|-0.10
HR 3873|09 45 51.10|23 46 27.1|2.98|0.80
HR 3874|09 44 15.79|-39 34 16.0|6.82|0.30
HR 3875|09 43 42.19|-53 53 30.1|5.56|-0.04
HR 3876|09 46 10.1|06 42 31.0|5.79|1.64
HR 3877|09 46 23.30|11 48 36.0|5.63|1.49
HR 3878|09 45 21.79|-30 12 10.1|6.45|-0.13
HR 3879|09 46 23.59|01 47 08.2|5.65|0.34
HR 388|01 20 27.79|-11 14 20.0|6.15|1.11
HR 3880|09 47 25.90|11 34 05.9|6.45|0.43
HR 3881|09 48 35.40|46 01 16.0|5.09|0.62
HR 3882|09 47 33.50|11 25 44.0|6.02|1.30
HR 3883|09 45 40.49|-57 11 08.2|6.46|-0.11
HR 3884|09 45 14.81|-62 30 28.1|3.69|1.22
HR 3885|09 50 23.71|65 35 35.9|6.31|0.28
HR 3886|09 46 30.41|-44 45 18.0|5.55|-0.18
HR 3887|09 45 55.39|-58 47 39.1|6.22|0.46
HR 3888|09 50 59.40|59 02 19.0|3.80|0.29
HR 3889|09 49 50.11|21 10 45.8|6.09|0.25
HR 389|01 21 07.39|28 44 17.2|5.23|1.39
HR 3890|09 47 06.10|-65 04 18.8|3.01|0.28
HR 3891|09 47 06.70|-65 04 21.0|6.26|0.08
HR 3892|09 49 28.10|-37 11 11.0|5.97|1.24
HR 3893|09 50 30.10|04 20 37.0|6.24|0.48
HR 3894|09 52 06.41|54 03 51.8|4.59|0.03
HR 3895|09 48 40.1|-56 24 42.8|6.06|0.94
HR 3896|09 51 01.99|13 03 58.0|6.46|1.58
HR 3897|09 49 51.29|-36 16 07.0|6.37|1.01
HR 3898|09 49 57.10|-45 43 58.1|5.08|-0.10
HR 3899|09 51 13.99|-04 14 35.9|6.01|0.17
HR 39|00 13 14.21|15 11 01.0|2.83|-0.23
HR 390|01 22 20.40|45 31 44.0|4.88|1.08
HR 3900|09 51 52.99|24 23 43.1|5.32|0.23
HR 3901|09 51 21.60|-06 10 54.1|6.42|0.58
HR 3902|09 46 20.59|-76 46 34.0|5.45|0.89
HR 3903|09 51 28.70|-14 50 48.1|4.12|0.92
HR 3904|09 50 42.0|-46 56 03.8|5.73|1.08
HR 3905|09 52 45.79|26 00 24.8|3.88|1.22
HR 3906|09 52 12.19|02 27 15.1|6.02|-0.04
HR 3907|09 52 12.0|00 04 32.2|6.35|0.94
HR 3908|09 51 59.59|-16 32 04.9|6.08|1.04
HR 3909|09 52 30.41|-08 06 18.0|5.05|0.04
HR 391|01 23 21.60|58 08 35.2|6.45|
HR 3910|09 51 19.80|-46 11 38.0|5.62|1.17
HR 3911|09 55 03.41|61 06 58.0|6.27|1.05
HR 3912|09 51 40.80|-46 32 52.1|4.58|1.20
HR 3913|09 51 12.10|-59 25 32.9|5.79|1.36
HR 3914|09 50 55.70|-62 44 43.1|5.57|1.32
HR 3915|09 53 42.91|05 57 29.9|5.95|1.66
HR 3916|09 52 58.1|-27 19 55.9|6.30|0.62
HR 3917|09 55 43.1|49 49 12.0|5.27|0.07
HR 3918|09 58 22.80|72 52 45.8|5.83|1.14
HR 3919|09 54 12.31|-25 55 57.0|4.88|1.23
HR 392|01 22 37.1|01 43 35.0|6.20|1.52
HR 3920|09 53 00.0|-55 22 23.9|6.48|-0.14
HR 3921|09 54 31.70|-22 29 17.9|6.24|0.04
HR 3922|09 57 13.61|57 25 05.9|5.93|0.89
HR 3923|09 54 52.20|-19 00 33.8|4.94|1.57
HR 3924|09 53 50.21|-51 08 48.8|5.93|-0.15
HR 3925|09 54 17.59|-45 17 02.0|5.71|-0.11
HR 3926|09 56 25.99|08 55 59.2|5.85|1.13
HR 3927|09 54 51.29|-50 14 38.0|5.72|-0.01
HR 3928|09 57 41.9|41 03 20.2|5.14|0.46
HR 3929|09 57 56.90|45 24 51.8|6.30|1.11
HR 393|01 22 34.80|-00 26 58.9|6.49|1.08
HR 3930|09 56 05.40|-40 49 28.9|6.41|1.61
HR 3931|09 56 46.51|-26 33 01.1|6.28|0.22
HR 3932|09 56 35.50|-33 25 07.0|5.84|1.20
HR 3933|09 56 54.0|-27 28 30.0|6.32|0.17
HR 3934|10 08 34.30|83 55 05.9|6.37|1.52
HR 3935|09 56 21.89|-51 20 10.0|6.37|-0.17
HR 3936|09 58 26.9|27 45 32.0|6.30|
HR 3937|09 58 13.39|12 26 40.9|5.26|-0.04
HR 3938|09 58 07.61|08 18 51.1|6.04|1.36
HR 3939|09 59 51.70|56 48 42.8|5.48|1.46
HR 394|01 22 30.50|-19 04 53.0|6.35|0.48
HR 3940|09 56 51.79|-54 34 04.1|3.54|-0.08
HR 3941|09 57 10.90|-52 38 20.0|6.12|-0.13
HR 3942|09 59 36.19|29 38 43.1|5.73|1.06
HR 3943|09 57 42.50|-48 24 51.8|6.05|-0.14
HR 3944|09 56 09.70|-71 23 21.8|6.35|-0.08
HR 3945|09 59 43.10|03 23 04.9|6.70|0.27
HR 3946|09 59 06.10|-23 57 01.1|6.21|-0.10
HR 3947|09 58 52.30|-35 53 28.0|5.23|0.31
HR 3948|09 57 15.19|-64 29 21.8|6.58|1.13
HR 3949|09 56 59.69|-69 06 06.8|6.20|-0.10
HR 395|01 23 40.61|37 42 54.0|5.58|0.26
HR 3950|10 00 12.79|08 02 39.1|4.70|1.60
HR 3951|10 01 00.70|31 55 25.0|5.36|0.66
HR 3952|10 02 48.91|21 56 57.1|5.66|-0.19
HR 3953|10 00 34.39|-56 56 48.1|6.52|0.98
HR 3954|10 04 36.29|53 53 30.1|5.74|0.48
HR 3955|10 01 40.49|-53 21 51.8|6.20|-0.13
HR 3956|10 02 49.30|-30 34 39.0|6.54|1.19
HR 3957|10 01 58.1|-57 20 58.9|6.20|1.12
HR 3958|10 05 10.49|52 22 14.9|6.14|
HR 3959|10 03 40.99|-09 34 26.0|6.12|1.66
HR 396|01 23 37.49|34 14 44.9|6.29|0.83
HR 3960|10 02 00.0|-60 25 14.9|5.94|0.26
HR 3961|10 04 08.40|03 12 04.0|6.45|0.40
HR 3962|10 03 41.40|-25 19 00.1|6.70|0.00
HR 3963|10 04 02.90|-18 06 06.1|5.86|-0.06
HR 3964|10 03 20.50|-46 38 10.0|6.12|0.02
HR 3965|10 04 21.0|-24 17 08.2|5.70|0.30
HR 3966|10 02 59.90|-60 10 43.0|6.19|0.17
HR 3967|10 02 49.39|-62 09 23.0|6.42|1.72
HR 3968|10 04 23.40|-39 58 32.9|6.43|1.30
HR 3969|10 05 40.90|15 45 27.0|6.37|0.37
HR 397|01 23 24.91|20 28 08.0|5.97|1.71
HR 3970|10 05 07.49|-13 03 52.9|4.60|-0.09
HR 3971|10 03 34.30|-61 53 02.0|6.14|-0.04
HR 3972|10 05 15.19|-36 23 02.0|6.27|1.11
HR 3973|10 06 47.40|05 36 41.0|6.21|0.94
HR 3974|10 07 25.80|35 14 40.9|4.48|0.18
HR 3975|10 07 19.99|16 45 46.1|3.52|-0.03
HR 3976|10 06 11.30|-47 22 12.0|5.08|0.88
HR 3977|10 07 09.50|-17 08 30.1|5.60|1.50
HR 3978|10 06 07.10|-52 11 17.2|6.52|0.98
HR 3979|10 08 15.91|31 36 15.1|6.24|0.45
HR 398|01 25 46.51|70 58 48.0|6.49|
HR 3980|10 07 54.31|09 59 51.0|4.37|1.45
HR 3981|10 07 56.30|-00 22 18.1|4.49|-0.04
HR 3982|10 08 22.30|11 58 01.9|1.35|-0.11
HR 3983|10 00 43.70|-82 12 52.9|5.52|0.03
HR 3984|10 08 01.70|-37 20 01.0|6.36|0.98
HR 3985|10 08 45.70|-10 53 04.9|6.53|0.02
HR 3986|10 08 35.50|-15 36 42.1|6.27|-0.01
HR 3987|10 10 58.90|40 39 41.0|6.32|1.25
HR 3988|10 09 56.50|-12 05 44.9|6.24|0.18
HR 3989|10 10 07.49|-08 24 29.9|5.91|0.02
HR 399|01 25 55.99|68 07 48.0|4.74|1.05
HR 3990|10 08 56.30|-51 48 40.0|4.86|-0.12
HR 3991|10 10 05.90|-12 48 58.0|5.31|0.36
HR 3992|10 09 31.80|-35 51 24.1|6.13|0.60
HR 3993|10 11 12.79|37 24 06.8|5.85|1.29
HR 3994|10 10 35.30|-12 21 15.1|3.61|1.01
HR 3995|10 08 42.60|-65 48 55.1|5.28|0.98
HR 3996|10 10 55.80|-08 25 05.9|5.65|1.30
HR 3997|10 04 07.61|-81 33 56.9|6.60|0.92
HR 3998|10 11 38.21|13 21 18.0|6.44|0.46
HR 3999|10 09 21.89|-61 32 57.1|5.60|1.60
HR 4|00 05 42.0|13 23 46.0|5.51|0.90
HR 40|00 13 24.0|26 59 13.9|6.30|0.65
HR 400|01 23 31.1|-30 56 44.2|5.84|1.61
HR 4000|10 11 17.81|-07 19 00.1|6.25|0.01
HR 4001|10 10 37.90|-41 42 54.0|5.98|1.24
HR 4002|10 09 30.50|-68 40 59.9|5.81|0.02
HR 4003|10 12 02.90|-28 36 23.0|6.28|0.01
HR 4004|10 12 48.29|04 36 52.9|5.77|1.18
HR 4005|10 12 37.80|-19 09 13.0|6.44|0.50
HR 4006|10 13 49.80|27 08 08.9|6.04|0.85
HR 4007|10 11 35.21|-58 49 41.2|6.40|1.66
HR 4008|10 15 07.70|59 59 08.2|6.25|1.60
HR 4009|10 11 46.51|-58 03 38.2|5.72|-0.08
HR 401|01 24 02.50|-08 00 27.0|6.21|0.23
HR 4010|10 12 22.99|-52 09 47.9|6.16|1.17
HR 4011|10 13 19.39|-27 01 44.0|6.25|0.31
HR 4012|10 14 29.69|21 10 04.1|6.02|0.56
HR 4013|10 13 24.79|-33 01 54.8|6.38|0.59
HR 4014|10 15 06.29|31 28 05.2|6.46|
HR 4015|10 13 45.91|-40 20 44.9|5.90|1.21
HR 4016|10 18 01.10|73 04 23.9|6.40|0.23
HR 4017|10 13 22.80|-51 13 59.9|5.28|0.25
HR 4018|10 13 01.30|-59 55 05.2|6.10|-0.08
HR 4019|10 13 56.59|-40 18 38.2|6.35|0.94
HR 402|01 24 01.39|-08 10 59.9|3.60|1.06
HR 4020|10 13 28.1|-51 45 22.0|5.78|0.14
HR 4021|10 17 50.59|71 03 38.2|6.66|0.32
HR 4022|10 13 21.19|-61 39 32.0|6.41|-0.11
HR 4023|10 14 44.21|-42 07 18.8|3.85|0.05
HR 4024|10 16 14.40|29 18 38.2|5.35|0.01
HR 4025|10 13 30.60|-66 22 23.2|5.16|0.21
HR 4026|10 18 01.99|65 06 29.9|5.82|0.12
HR 4027|10 16 28.10|28 40 57.0|6.49|0.60
HR 4028|10 16 16.10|17 44 25.1|6.55|
HR 4029|10 15 20.90|-36 31 05.2|6.19|1.06
HR 403|01 25 49.1|60 14 07.1|2.68|0.13
HR 4030|10 16 32.30|23 30 11.2|5.97|0.67
HR 4031|10 16 41.40|23 25 01.9|3.44|0.31
HR 4032|10 16 41.90|25 22 17.0|5.84|1.20
HR 4033|10 17 05.81|42 54 51.8|3.45|0.03
HR 4034|10 16 09.10|-11 12 11.9|6.08|1.10
HR 4035|10 16 40.70|13 43 41.9|5.41|1.61
HR 4036|10 15 31.51|-43 06 45.0|5.60|1.52
HR 4037|10 13 44.21|-70 02 17.2|3.32|-0.08
HR 4038|10 15 16.61|-54 58 27.1|6.16|-0.17
HR 4039|10 17 14.59|23 06 22.0|5.82|0.50
HR 404|01 24 20.59|-06 54 52.9|5.91|0.41
HR 4040|10 16 45.60|-20 40 14.2|6.57|0.48
HR 4041|10 18 10.30|27 24 55.1|6.52|-0.02
HR 4042|10 17 37.80|-08 04 08.0|5.24|0.31
HR 4043|10 16 03.10|-59 54 11.9|6.22|0.20
HR 4044|10 18 58.99|46 45 38.9|6.43|
HR 4045|10 16 40.20|-51 12 18.0|6.30|1.54
HR 4046|10 19 26.81|48 23 48.8|6.00|1.02
HR 4047|10 21 03.41|68 44 51.0|5.96|0.20
HR 4048|10 19 00.70|24 42 42.1|6.40|
HR 4049|10 18 07.61|-28 59 30.8|5.34|0.24
HR 405|01 24 39.79|-15 39 37.1|6.14|0.91
HR 4050|10 17 04.99|-61 19 55.9|3.40|1.54
HR 4051|10 20 14.81|53 46 45.1|6.45|0.54
HR 4052|10 20 31.20|54 13 00.8|6.00|1.13
HR 4053|10 18 37.80|-36 48 16.9|6.30|1.28
HR 4054|10 19 44.9|19 28 14.9|4.79|0.45
HR 4055|10 19 16.80|-12 31 41.2|6.00|0.26
HR 4056|10 18 28.20|-41 40 05.9|5.96|-0.06
HR 4057|10 19 58.30|19 50 30.1|2.61|1.15
HR 4058|10 19 58.61|19 50 26.2|3.80|
HR 4059|10 19 32.21|-05 06 20.9|6.37|0.90
HR 406|01 24 48.70|-02 50 55.0|6.15|0.96
HR 4060|10 19 59.40|-09 03 32.0|6.32|0.33
HR 4061|10 18 37.61|-56 06 36.0|5.81|0.48
HR 4062|10 29 41.50|84 15 07.9|5.50|
HR 4063|10 19 36.79|-55 01 45.8|4.57|1.62
HR 4064|10 21 01.99|02 17 22.9|6.66|-0.08
HR 4065|10 19 04.80|-64 40 35.0|5.67|0.05
HR 4066|10 20 16.70|-47 41 57.1|5.65|1.67
HR 4067|10 22 10.49|41 13 45.8|5.76|0.54
HR 4068|10 21 07.80|-17 59 06.0|6.51|0.40
HR 4069|10 22 19.70|41 29 57.8|3.05|1.59
HR 407|01 25 35.71|23 30 42.1|6.18|0.43
HR 4070|10 21 50.30|14 58 32.2|6.12|0.02
HR 4071|10 21 28.70|-23 42 38.9|6.50|0.20
HR 4072|10 24 07.90|65 33 59.0|4.97|-0.06
HR 4073|10 21 36.0|-22 31 41.9|6.51|0.07
HR 4074|10 20 54.79|-56 02 35.2|4.50|-0.12
HR 4075|10 23 06.29|33 54 29.2|5.90|0.14
HR 4076|10 22 12.91|-19 52 00.8|6.13|0.03
HR 4077|10 23 00.41|06 32 33.0|6.07|1.12
HR 4078|10 23 41.81|29 36 56.9|6.39|1.09
HR 4079|10 23 14.59|05 41 39.1|6.54|0.46
HR 408|01 24 40.80|-41 29 33.0|5.42|1.04
HR 4080|10 22 19.61|-41 39 00.0|4.83|1.12
HR 4081|10 24 08.59|33 43 07.0|5.50|1.18
HR 4082|10 23 26.50|-04 04 27.1|5.97|-0.10
HR 4083|10 23 13.10|-30 09 43.9|6.27|0.31
HR 4084|10 31 04.61|82 33 31.0|5.26|0.37
HR 4085|10 24 13.10|02 22 05.2|6.32|1.00
HR 4086|10 23 29.30|-38 00 36.0|5.33|0.25
HR 4087|10 23 40.39|-41 57 11.9|6.27|0.88
HR 4088|10 25 15.19|08 47 04.9|5.61|1.62
HR 4089|10 22 58.10|-66 54 06.1|4.99|-0.13
HR 409|01 26 18.60|43 27 28.1|5.96|0.49
HR 4090|10 25 54.89|33 47 46.0|4.74|0.25
HR 4091|10 23 50.90|-57 57 14.0|6.35|1.52
HR 4092|10 25 44.30|-07 03 34.9|5.57|1.52
HR 4093|10 25 17.21|-42 28 05.2|6.18|1.00
HR 4094|10 26 05.40|-16 50 11.0|3.81|1.48
HR 4095|10 24 59.40|-58 34 35.0|5.95|0.32
HR 4096|10 27 28.1|41 36 02.9|6.02|0.17
HR 4097|10 27 00.50|19 21 51.8|6.15|1.14
HR 4098|10 28 03.79|48 47 04.9|6.44|0.60
HR 4099|10 26 09.50|-42 44 20.0|6.13|1.13
HR 41|00 13 30.79|41 02 07.1|5.72|0.31
HR 410|01 26 08.69|34 34 46.9|6.31|0.47
HR 4100|10 27 52.99|36 42 25.9|4.21|0.90
HR 4101|10 27 39.0|09 45 45.0|6.04|-0.06
HR 4102|10 24 23.71|-74 01 54.1|4.00|0.35
HR 4103|10 28 36.50|45 12 43.9|6.35|1.32
HR 4104|10 27 09.10|-31 04 04.1|4.25|1.45
HR 4105|10 24 44.30|-73 58 18.1|6.19|0.07
HR 4106|10 29 54.31|65 37 34.0|6.32|1.14
HR 4107|10 26 49.1|-54 52 39.0|5.58|1.56
HR 4108|10 30 26.59|64 15 27.0|6.12|0.16
HR 4109|10 28 43.99|-03 44 33.0|6.05|0.05
HR 411|01 24 41.90|-44 31 41.9|6.26|1.14
HR 4110|10 27 24.41|-57 38 20.0|4.66|0.51
HR 4111|10 28 01.90|-49 24 20.2|6.10|1.51
HR 4112|10 30 37.61|55 58 50.2|4.84|0.52
HR 4113|10 30 06.41|38 55 31.1|5.77|0.08
HR 4114|10 27 52.70|-58 44 21.8|3.82|0.31
HR 4115|10 27 25.30|-65 42 16.9|6.01|0.09
HR 4116|10 29 28.70|-02 44 21.1|5.21|-0.06
HR 4117|10 29 28.99|-29 39 49.0|5.58|1.42
HR 4118|10 29 35.40|-30 36 25.9|5.56|-0.04
HR 4119|10 30 17.50|-00 38 12.8|5.09|-0.14
HR 412|01 25 37.20|-14 35 56.0|4.90|1.23
HR 4120|10 28 52.61|-64 10 19.9|5.29|1.86
HR 4121|10 36 01.70|80 29 39.8|6.52|0.95
HR 4122|10 30 58.70|-07 38 15.0|6.20|1.38
HR 4123|10 30 59.81|-13 35 17.9|5.58|-0.04
HR 4124|10 31 51.41|32 22 45.8|5.90|0.11
HR 4125|10 30 51.41|-26 29 02.0|6.51|0.54
HR 4126|10 35 05.50|75 42 47.2|4.84|0.96
HR 4127|10 32 11.81|14 08 13.9|5.46|1.68
HR 4128|10 30 39.19|-61 21 22.0|6.43|1.76
HR 4129|10 30 08.71|-66 59 06.0|6.19|0.01
HR 413|01 26 15.29|19 10 19.9|5.38|0.39
HR 4130|10 31 48.60|-28 14 15.0|6.05|0.51
HR 4131|10 33 43.61|53 29 51.0|6.45|
HR 4132|10 33 13.90|40 25 32.2|4.75|0.23
HR 4133|10 32 48.70|09 18 24.1|3.85|-0.14
HR 4134|10 31 21.79|-53 42 56.2|4.89|0.50
HR 4135|10 31 57.50|-45 04 00.1|5.74|-0.15
HR 4136|10 31 56.59|-45 04 09.8|6.09|-0.11
HR 4137|10 33 30.91|34 59 19.0|5.58|0.02
HR 4138|10 30 20.11|-71 59 35.2|4.74|0.04
HR 4139|10 32 33.60|-44 37 08.0|5.91|0.92
HR 414|01 26 41.69|19 14 25.1|5.50|1.11
HR 4140|10 32 01.39|-61 41 07.1|3.32|-0.09
HR 4141|10 35 09.70|57 04 58.1|5.16|0.34
HR 4142|10 31 01.99|-73 13 18.1|4.93|1.68
HR 4143|10 32 56.90|-47 00 11.9|5.02|1.04
HR 4144|10 32 47.59|-58 40 00.8|6.00|0.32
HR 4145|10 34 00.91|-23 44 43.1|5.08|1.60
HR 4146|10 34 48.0|06 57 13.0|5.08|0.94
HR 4147|10 33 25.30|-58 11 25.1|6.14|0.35
HR 4148|10 35 02.21|08 39 01.1|5.67|0.05
HR 4149|10 34 57.70|-23 10 34.0|6.10|0.50
HR 415|01 27 06.19|34 22 39.0|6.27|0.46
HR 4150|10 36 21.41|36 19 36.8|6.28|0.39
HR 4151|10 34 12.91|-60 59 16.1|6.23|1.40
HR 4152|10 35 38.90|-18 34 09.1|6.49|0.20
HR 4153|10 35 12.91|-39 33 46.1|5.38|2.88
HR 4154|10 35 10.49|-43 39 52.9|6.08|0.94
HR 4155|10 36 17.40|-10 34 59.9|6.57|0.29
HR 4156|10 36 16.70|-16 20 39.8|6.03|1.65
HR 4157|10 36 04.61|-26 40 30.0|6.29|0.48
HR 4158|10 36 32.40|-12 13 49.1|5.70|0.52
HR 4159|10 35 35.30|-57 33 28.1|4.45|1.62
HR 416|01 26 27.31|-00 23 55.0|6.41|1.24
HR 4160|10 37 11.59|-11 44 55.0|6.52|0.29
HR 4161|10 31 51.0|-81 55 16.0|7.07|-0.08
HR 4162|10 37 13.70|-27 24 45.0|4.89|1.62
HR 4163|10 37 33.19|-13 23 03.8|4.82|2.68
HR 4164|10 36 20.30|-59 33 52.9|5.08|1.18
HR 4165|10 39 05.69|53 40 05.9|5.52|1.27
HR 4166|10 38 43.20|31 58 34.0|4.71|0.81
HR 4167|10 37 18.10|-48 13 32.9|3.84|0.30
HR 4168|10 39 07.61|37 54 36.0|5.85|0.57
HR 4169|10 37 26.81|-58 43 59.9|5.45|0.50
HR 417|01 27 39.41|45 24 24.1|4.83|0.42
HR 4170|10 35 24.79|-76 18 33.1|6.30|1.20
HR 4171|10 38 34.99|-16 52 36.1|4.91|0.92
HR 4172|10 38 50.40|-12 26 37.0|6.04|0.00
HR 4173|10 38 02.50|-57 15 23.0|5.91|-0.14
HR 4174|10 35 28.10|-78 36 28.1|4.11|1.58
HR 4175|10 38 50.30|-42 45 13.0|6.11|0.66
HR 4176|10 41 48.29|68 26 35.9|5.75|1.30
HR 4177|10 38 45.10|-59 10 59.2|4.66|1.48
HR 4178|10 41 56.59|65 42 59.0|5.12|1.20
HR 4179|10 38 59.40|-58 49 00.8|5.92|1.65
HR 418|01 27 26.59|41 06 02.2|6.46|0.27
HR 4180|10 39 18.41|-55 36 11.9|4.28|1.04
HR 4181|10 43 04.10|69 04 34.0|5.00|1.38
HR 4182|10 41 24.19|-01 44 30.1|6.26|0.88
HR 4183|10 40 51.60|-35 44 30.1|6.37|0.92
HR 4184|10 42 11.30|31 41 48.8|6.02|1.62
HR 4185|10 40 11.30|-65 06 02.2|5.52|-0.16
HR 4186|10 39 16.61|-74 29 37.0|6.07|1.71
HR 4187|10 43 43.30|57 11 57.1|5.80|-0.02
HR 4188|10 41 17.59|-59 40 36.8|6.42|0.08
HR 4189|10 43 01.80|26 19 32.2|5.51|0.17
HR 419|01 26 53.50|03 32 07.1|6.58|-0.04
HR 4190|10 42 31.30|-13 58 30.0|6.24|1.54
HR 4191|10 43 32.90|46 12 14.0|5.18|0.33
HR 4192|10 43 25.1|23 11 17.9|5.08|0.04
HR 4193|10 43 20.90|04 44 52.1|5.79|1.17
HR 4194|10 42 43.20|-32 42 56.9|5.64|0.00
HR 4195|10 45 04.1|67 24 41.0|6.00|2.39
HR 4196|10 42 13.99|-64 27 59.0|4.82|-0.14
HR 4197|10 44 14.50|19 45 31.0|6.27|0.17
HR 4198|10 42 40.61|-59 12 56.9|5.38|0.26
HR 4199|10 42 57.41|-64 23 39.8|2.76|-0.22
HR 42|00 13 42.10|-26 01 18.8|5.94|1.55
HR 420|01 25 05.30|-64 22 09.8|5.93|1.56
HR 4200|10 43 32.9|-60 34 00.1|4.57|1.71
HR 4201|10 45 09.41|02 29 17.2|6.28|1.21
HR 4202|10 46 22.51|57 21 56.9|6.34|1.56
HR 4203|10 45 51.89|30 40 55.9|5.24|-0.06
HR 4204|10 43 51.19|-64 14 56.0|5.77|0.00
HR 4205|10 44 06.89|-63 57 40.0|4.82|-0.13
HR 4206|10 41 51.29|-79 46 59.9|5.97|-0.07
HR 4207|10 46 05.69|06 22 23.2|6.37|1.12
HR 4208|10 46 24.50|18 53 29.0|5.49|1.12
HR 4209|10 46 25.30|14 11 40.9|5.48|0.91
HR 421|01 26 51.60|-13 03 24.1|5.66|0.35
HR 4210|10 45 03.60|-59 41 03.1|6.21|0.61
HR 4211|10 44 19.39|-70 51 36.0|6.26|0.20
HR 4212|10 44 32.9|-70 51 18.0|6.46|0.23
HR 4213|10 44 26.50|-72 26 38.0|6.27|0.49
HR 4214|10 46 52.1|-17 17 48.1|5.42|0.11
HR 4215|10 48 49.99|65 07 55.9|6.39|-0.02
HR 4216|10 46 46.20|-49 25 12.0|2.69|0.90
HR 4217|10 46 16.80|-60 36 11.9|6.25|0.04
HR 4218|10 47 37.99|-15 15 42.8|6.67|-0.01
HR 4219|10 46 16.51|-64 30 54.0|5.34|-0.10
HR 422|01 27 46.99|40 20 08.2|6.60|-0.04
HR 4220|10 46 29.69|-64 15 47.9|5.23|-0.07
HR 4221|10 46 57.50|-56 45 25.9|5.23|-0.08
HR 4222|10 46 51.19|-64 22 59.9|4.85|-0.15
HR 4223|10 48 57.19|29 24 56.9|6.15|1.15
HR 4224|10 48 40.61|-01 57 32.0|5.93|1.60
HR 4225|10 48 14.21|-31 41 17.9|5.88|0.03
HR 4226|10 47 38.71|-57 28 04.1|6.36|1.62
HR 4227|10 49 15.41|10 32 43.1|5.34|0.03
HR 4228|10 48 05.40|-59 55 09.1|6.00|0.27
HR 4229|10 49 17.30|-04 01 27.1|6.61|0.22
HR 423|01 26 58.10|-32 32 35.2|5.79|3.86
HR 4230|10 49 53.71|27 58 26.0|6.04|0.37
HR 4231|10 45 15.70|-80 28 10.9|5.47|0.95
HR 4232|10 49 37.49|-16 11 37.0|3.11|1.25
HR 4233|10 49 43.49|-09 51 10.1|5.86|1.07
HR 4234|10 45 46.80|-80 32 25.1|4.45|-0.19
HR 4235|10 51 11.9|56 34 55.9|5.67|1.12
HR 4236|10 51 23.71|59 19 12.0|5.58|1.14
HR 4237|10 50 18.10|-08 53 52.1|5.79|0.16
HR 4238|10 49 57.0|-34 03 29.2|5.61|0.04
HR 4239|10 49 24.10|-59 19 25.0|5.91|0.00
HR 424|02 31 48.70|89 15 51.1|2.02|0.60
HR 4240|10 51 05.40|-03 05 33.0|5.95|1.48
HR 4241|10 52 30.79|52 33 55.1|6.65|
HR 4242|10 52 31.90|52 30 13.0|6.44|1.11
HR 4243|10 53 30.70|69 51 14.0|5.93|0.99
HR 4244|10 52 13.70|01 01 31.1|6.38|0.08
HR 4245|10 52 36.10|-00 12 05.0|6.31|1.50
HR 4246|10 53 34.51|54 35 06.0|5.10|1.36
HR 4247|10 53 18.70|34 12 54.0|3.83|1.04
HR 4248|10 53 58.70|43 11 24.0|4.71|-0.05
HR 4249|10 53 24.89|-02 15 19.1|6.12|0.90
HR 425|01 27 46.61|-10 54 06.1|6.13|1.32
HR 4250|10 52 30.91|-57 14 26.2|5.25|0.16
HR 4251|10 53 29.50|-20 08 20.0|5.24|0.47
HR 4252|10 53 32.90|-15 26 44.2|6.38|1.16
HR 4253|10 53 43.70|-02 07 45.1|5.45|0.96
HR 4254|10 54 42.19|25 29 26.9|6.20|0.28
HR 4255|10 54 17.81|-13 45 29.2|5.66|0.83
HR 4256|10 54 58.20|34 02 04.9|5.72|1.01
HR 4257|10 53 29.59|-58 51 11.9|3.78|0.95
HR 4258|10 55 44.40|33 30 24.8|5.03|1.10
HR 4259|10 55 36.79|24 44 58.9|4.50|0.01
HR 426|01 28 22.90|07 57 41.0|6.20|1.12
HR 4260|10 55 37.30|24 44 56.0|6.30|
HR 4261|10 55 11.59|-20 39 54.0|6.44|1.10
HR 4262|10 53 42.0|-70 43 13.1|5.99|-0.02
HR 4263|10 55 01.1|-42 15 04.0|6.11|-0.08
HR 4264|10 56 14.50|42 00 29.9|6.03|1.13
HR 4265|10 55 42.41|00 44 12.8|5.91|0.42
HR 4266|10 54 29.59|-61 49 36.1|5.93|1.75
HR 4267|10 56 01.51|06 11 07.1|5.81|1.45
HR 4268|10 52 27.50|-79 33 33.8|6.33|1.46
HR 4269|10 56 16.90|22 21 06.1|6.14|1.55
HR 427|01 31 13.80|70 15 52.9|5.81|0.47
HR 4270|10 56 34.39|25 30 00.0|6.35|1.03
HR 4271|10 55 17.21|-60 31 00.8|5.92|1.08
HR 4272|10 59 56.81|77 46 12.0|6.20|0.97
HR 4273|10 56 43.10|-37 08 16.1|4.60|1.03
HR 4274|10 57 07.90|-50 45 54.0|5.91|0.18
HR 4275|10 59 17.90|51 52 55.9|6.17|1.38
HR 4276|10 57 48.41|-59 43 54.8|6.11|1.10
HR 4277|10 59 28.1|40 25 49.1|5.05|0.61
HR 4278|10 59 32.81|36 05 35.2|6.00|1.59
HR 4279|10 57 15.70|-75 05 58.9|6.13|1.53
HR 428|01 30 52.30|66 05 53.2|6.14|0.08
HR 4280|11 00 14.69|45 31 34.0|5.47|1.47
HR 4281|10 59 41.9|11 42 20.9|6.55|0.43
HR 4282|10 59 13.90|-33 44 13.9|5.71|0.37
HR 4283|11 00 25.61|51 30 06.8|6.43|
HR 4284|10 59 30.91|-16 21 14.0|5.89|1.63
HR 4285|11 00 20.59|42 54 41.0|6.02|0.57
HR 4286|11 01 05.81|63 25 16.0|6.39|0.16
HR 4287|10 59 46.51|-18 17 56.0|4.08|1.09
HR 4288|11 00 50.40|39 12 43.9|5.08|0.24
HR 4289|11 00 11.59|-14 04 59.9|5.88|1.50
HR 429|01 28 21.89|-43 19 05.9|3.41|1.57
HR 4290|10 59 13.99|-61 19 13.1|6.16|-0.06
HR 4291|11 00 33.60|03 37 03.0|4.84|1.16
HR 4292|10 59 59.40|-43 48 25.9|5.81|-0.08
HR 4293|11 00 09.31|-42 13 32.9|4.39|0.11
HR 4294|11 00 44.81|06 06 05.0|4.99|0.16
HR 4295|11 01 50.50|56 22 57.0|2.37|-0.02
HR 4296|11 00 08.59|-51 49 04.1|6.15|0.18
HR 4297|11 00 57.19|-15 47 34.1|6.34|1.18
HR 4298|11 00 40.80|-31 50 21.8|6.07|0.52
HR 4299|11 01 49.70|-02 29 04.9|4.74|1.62
HR 43|00 13 44.21|-26 17 04.9|6.31|1.48
HR 430|01 30 06.19|47 00 25.9|5.27|1.00
HR 4300|11 02 19.80|20 10 46.9|4.42|0.05
HR 4301|11 03 43.70|61 45 02.9|1.79|1.07
HR 4302|11 02 24.41|-26 49 53.0|6.23|0.31
HR 4303|11 03 14.59|-00 45 09.0|6.14|0.26
HR 4304|10 59 12.91|-81 33 22.0|6.71|0.55
HR 4305|11 03 14.90|-11 18 13.0|5.50|0.94
HR 4306|11 03 36.60|-00 00 02.9|5.95|1.22
HR 4307|11 03 16.10|-31 57 38.9|6.46|1.62
HR 4308|11 03 36.50|-13 26 03.8|6.34|0.88
HR 4309|11 04 31.20|38 14 29.0|6.00|0.16
HR 431|01 28 43.30|-33 45 49.0|6.58|0.30
HR 4310|11 05 01.1|07 20 10.0|4.63|0.33
HR 4311|11 04 31.20|-47 40 45.1|5.67|0.24
HR 4312|10 59 13.80|-84 35 38.0|6.19|0.11
HR 4313|11 04 54.19|-35 48 16.9|5.43|0.03
HR 4314|11 05 19.90|-27 17 37.0|4.94|0.36
HR 4315|11 05 34.1|-11 05 20.0|6.09|0.30
HR 4316|11 05 04.20|-49 23 33.0|6.13|-0.02
HR 4317|11 05 57.60|-27 17 16.1|5.71|-0.06
HR 4318|11 06 05.81|-51 12 45.0|6.30|0.95
HR 4319|11 06 54.19|01 57 20.2|5.52|0.97
HR 432|01 29 52.90|18 21 20.2|6.02|0.14
HR 4320|11 06 38.71|-28 43 40.1|6.77|0.04
HR 4321|11 06 27.41|-50 57 24.1|6.32|1.16
HR 4322|11 07 39.70|23 19 25.0|6.46|0.16
HR 4323|11 06 29.30|-58 40 31.1|6.02|1.24
HR 4324|11 07 08.40|-32 35 13.9|6.59|0.34
HR 4325|11 06 32.40|-62 25 27.1|4.61|1.03
HR 4326|11 06 24.19|-64 50 22.9|6.41|0.12
HR 4327|11 07 16.61|-42 38 19.0|5.15|0.03
HR 4328|11 07 54.41|-30 10 28.9|6.54|0.60
HR 4329|11 06 49.90|-70 52 41.2|5.57|-0.05
HR 433|01 29 36.10|-21 37 45.8|5.12|0.02
HR 4330|11 09 39.89|67 12 37.1|6.06|0.22
HR 4331|11 08 15.79|-29 58 22.1|6.49|0.03
HR 4332|11 08 49.10|24 39 29.9|5.68|0.06
HR 4333|11 09 19.10|36 18 33.8|5.74|1.51
HR 4334|11 08 43.90|-28 04 50.2|5.44|0.07
HR 4335|11 09 39.79|44 29 55.0|3.01|1.14
HR 4336|11 09 38.50|43 12 27.0|5.89|1.57
HR 4337|11 08 35.40|-58 58 30.0|3.91|1.23
HR 4338|11 08 34.1|-61 56 49.9|5.13|0.22
HR 4339|11 09 53.40|-32 22 03.0|5.81|0.04
HR 434|01 30 11.9|06 08 38.0|4.84|1.37
HR 4340|11 12 10.99|68 16 18.8|6.40|
HR 4341|11 11 43.70|14 24 01.1|6.30|0.21
HR 4342|11 10 54.70|-58 27 19.1|6.88|-0.08
HR 4343|11 11 39.50|-22 49 32.9|4.48|0.03
HR 4344|11 12 44.50|54 53 39.1|6.63|
HR 4345|11 12 32.21|35 48 49.0|6.41|0.61
HR 4346|11 12 14.81|-32 26 02.0|6.38|1.70
HR 4347|11 12 30.41|-18 30 00.0|6.13|-0.01
HR 4348|11 12 34.61|-21 44 57.1|6.40|1.38
HR 4349|11 11 29.50|-71 26 11.0|6.35|1.37
HR 435|01 29 30.41|-46 45 23.0|6.31|1.66
HR 4350|11 12 33.10|-49 06 04.0|5.36|0.18
HR 4351|11 13 40.20|41 05 19.0|6.33|1.15
HR 4352|11 12 36.0|-60 19 03.0|4.60|0.55
HR 4353|11 12 56.90|-49 44 11.0|6.11|1.06
HR 4354|11 13 14.69|-44 22 19.9|5.80|1.66
HR 4355|11 12 45.19|-64 10 10.9|5.23|-0.06
HR 4356|11 13 45.60|-00 04 10.9|5.42|-0.03
HR 4357|11 14 06.50|20 31 25.0|2.56|0.12
HR 4358|11 14 01.80|08 03 38.2|5.79|1.12
HR 4359|11 14 14.40|15 25 45.8|3.34|-0.01
HR 436|01 30 22.90|-26 12 28.1|5.93|1.34
HR 4360|11 13 39.31|-53 13 54.1|5.76|1.32
HR 4361|11 13 30.79|-59 37 09.8|5.74|-0.10
HR 4362|11 15 12.19|23 05 44.2|4.63|1.66
HR 4363|11 16 04.1|52 46 23.2|6.50|0.43
HR 4364|11 14 54.0|-43 44 03.1|6.21|1.61
HR 4365|11 15 51.89|13 18 27.0|5.32|1.20
HR 4366|11 15 57.79|12 50 40.9|6.67|0.27
HR 4367|11 16 41.90|49 28 35.0|5.88|1.08
HR 4368|11 16 39.70|-03 39 06.1|4.47|0.21
HR 4369|11 16 58.20|-07 08 04.9|6.14|0.20
HR 437|01 31 28.99|15 20 44.9|3.62|0.97
HR 4370|11 16 27.70|-45 52 48.0|6.31|0.40
HR 4371|11 17 17.40|02 00 38.2|5.18|1.52
HR 4372|11 17 11.81|-38 00 51.8|6.27|0.10
HR 4373|11 17 39.19|-34 44 13.9|6.45|0.40
HR 4374|11 18 10.90|31 31 45.1|4.87|
HR 4375|11 18 10.99|31 31 45.1|4.41|0.59
HR 4376|11 17 43.1|-36 32 03.8|6.68|0.98
HR 4377|11 18 28.70|33 05 39.1|3.48|1.40
HR 4378|11 18 21.0|11 59 04.9|6.66|0.07
HR 4379|11 17 19.1|-67 49 25.0|6.06|1.76
HR 438|01 32 07.61|34 48 00.0|6.39|-0.12
HR 4380|11 19 07.90|38 11 08.2|4.78|0.12
HR 4381|11 18 55.1|01 39 02.2|5.91|1.04
HR 4382|11 19 20.50|-14 46 43.0|3.56|1.12
HR 4383|11 20 53.81|67 06 02.2|6.21|1.01
HR 4384|11 19 16.51|-64 34 57.0|5.99|0.46
HR 4385|11 18 34.30|-79 40 07.0|6.35|0.26
HR 4386|11 21 08.21|06 01 45.8|4.05|-0.06
HR 4387|11 19 36.29|-75 08 33.0|6.27|-0.03
HR 4388|11 21 49.30|57 04 30.0|6.43|0.15
HR 4389|11 20 03.91|-71 59 39.8|6.41|0.05
HR 439|01 33 25.80|58 19 39.0|5.70|1.52
HR 4390|11 21 00.41|-54 29 28.0|3.89|-0.15
HR 4391|11 22 51.29|64 19 50.2|6.02|0.09
HR 4392|11 22 49.61|43 28 58.1|4.99|0.99
HR 4393|11 22 23.11|-44 38 44.9|6.12|0.92
HR 4394|11 23 18.0|00 07 54.1|6.05|1.46
HR 4395|11 23 21.89|-18 46 48.0|5.09|0.42
HR 4396|11 23 12.70|-36 09 52.9|5.00|1.46
HR 4397|11 21 57.10|-77 36 29.9|6.43|0.20
HR 4398|11 23 08.11|-56 46 45.8|5.79|0.01
HR 4399|11 23 55.49|10 31 45.1|3.94|0.41
HR 44|00 14 02.30|33 12 22.0|6.25|-0.01
HR 440|01 31 15.10|-49 04 22.1|3.95|0.99
HR 4400|11 24 02.30|01 24 28.1|5.39|0.94
HR 4401|11 23 21.79|-64 57 18.0|5.11|-0.08
HR 4402|11 24 36.60|-10 51 33.8|4.83|1.56
HR 4403|11 24 22.10|-42 40 09.1|6.12|-0.18
HR 4404|11 24 58.90|11 25 49.1|5.80|1.38
HR 4405|11 24 52.90|-17 41 02.0|4.08|0.21
HR 4406|11 24 11.9|-72 15 24.1|5.59|0.06
HR 4407|11 25 57.10|55 51 02.2|5.75|
HR 4408|11 25 36.41|16 27 23.0|5.57|0.36
HR 4409|11 25 29.40|-36 03 47.2|5.22|0.99
HR 441|01 31 43.30|-30 16 59.9|5.82|1.08
HR 4410|11 25 49.99|03 51 36.0|6.37|0.33
HR 4411|11 25 33.10|-37 44 52.1|5.89|1.54
HR 4412|11 26 25.49|33 27 02.2|6.32|0.43
HR 4413|11 25 43.20|-63 58 22.1|5.17|0.50
HR 4414|11 26 45.31|03 00 47.2|6.50|0.79
HR 4415|11 26 35.30|-61 06 55.1|5.30|-0.08
HR 4416|11 27 09.50|-12 21 24.1|5.94|0.49
HR 4417|11 26 47.30|-53 09 36.0|5.81|0.52
HR 4418|11 27 56.21|02 51 22.0|4.95|1.00
HR 4419|11 27 53.71|-01 42 00.0|6.25|1.04
HR 442|01 33 55.90|59 13 54.8|4.71|1.00
HR 4420|11 27 58.49|-35 19 43.0|6.45|
HR 4421|11 29 04.61|61 46 41.9|5.83|0.36
HR 4422|11 29 04.20|39 20 12.8|5.31|0.01
HR 4423|11 28 35.11|-42 40 27.1|5.08|-0.03
HR 4424|11 29 43.49|56 44 15.0|6.28|0.15
HR 4425|11 28 18.19|-72 28 27.8|6.09|0.16
HR 4426|11 29 41.90|15 24 47.9|5.74|1.32
HR 4427|11 30 12.91|54 21 42.1|6.41|
HR 4428|11 29 38.59|-24 27 47.9|5.76|0.07
HR 4429|11 31 50.40|81 07 37.9|6.15|0.24
HR 443|01 31 39.10|-45 34 32.2|6.17|0.06
HR 4430|11 30 25.1|46 39 27.0|6.35|1.27
HR 4431|11 30 31.10|43 10 23.9|5.94|0.49
HR 4432|11 30 18.91|-03 00 13.0|4.77|1.54
HR 4433|11 30 28.99|18 24 34.9|5.52|1.05
HR 4434|11 31 24.19|69 19 52.0|3.84|1.62
HR 4435|11 30 52.90|47 55 45.1|6.42|0.88
HR 4436|11 31 10.20|48 47 21.1|6.56|0.93
HR 4437|11 31 44.90|14 21 51.8|6.20|0.57
HR 4438|11 31 15.0|-61 16 41.9|6.38|0.52
HR 4439|11 32 20.81|61 04 57.0|5.48|0.50
HR 444|01 33 03.50|-09 00 52.9|6.59|-0.04
HR 4440|11 31 47.59|-20 46 36.1|6.24|0.54
HR 4441|11 31 46.10|-59 26 31.9|5.13|1.08
HR 4442|11 31 48.79|-59 30 56.9|5.15|0.49
HR 4443|11 32 16.10|-29 15 47.9|5.81|0.53
HR 4444|11 32 16.30|-29 15 40.0|5.64|0.53
HR 4445|11 32 23.30|-26 44 48.1|6.16|1.66
HR 4446|11 32 47.50|-07 49 39.0|5.95|1.38
HR 4447|11 32 48.10|-40 26 11.0|5.64|1.58
HR 4448|11 32 19.90|-66 57 43.9|5.90|1.13
HR 4449|11 32 54.10|-31 05 13.9|5.04|1.58
HR 445|01 32 55.99|-36 51 55.1|5.51|1.02
HR 4450|11 33 00.10|-31 51 28.1|3.54|0.94
HR 4451|11 33 14.59|-16 16 50.2|6.05|0.60
HR 4452|11 33 56.30|36 48 56.2|6.40|1.05
HR 4453|11 33 37.30|-40 35 12.8|5.39|0.12
HR 4454|11 34 10.1|11 01 25.0|6.55|0.18
HR 4455|11 34 22.1|03 03 36.0|5.77|0.46
HR 4456|11 34 42.50|16 47 48.8|5.95|-0.16
HR 4457|11 35 04.90|54 47 07.1|5.63|1.02
HR 4458|11 34 29.50|-32 49 53.0|5.98|0.81
HR 4459|11 35 03.79|20 26 29.0|6.45|1.01
HR 446|01 34 16.61|37 14 13.9|5.88|-0.07
HR 4460|11 34 45.70|-54 15 51.1|4.62|-0.08
HR 4461|11 36 02.81|69 19 22.1|5.20|1.01
HR 4462|11 34 56.81|-49 08 12.1|5.50|1.04
HR 4463|11 35 13.20|-47 22 21.0|5.71|1.66
HR 4464|11 35 43.39|10 54 40.0|6.56|0.13
HR 4465|11 36 17.90|27 46 52.0|5.80|0.23
HR 4466|11 35 55.61|-47 38 30.1|5.25|0.25
HR 4467|11 35 46.80|-63 01 10.9|3.13|-0.04
HR 4468|11 36 40.90|-09 48 07.9|4.70|-0.08
HR 4469|11 36 34.99|-33 34 12.0|5.74|1.02
HR 447|01 32 36.31|-49 43 40.1|6.28|0.46
HR 4470|11 36 40.80|-37 14 16.1|6.31|0.06
HR 4471|11 36 56.90|-00 49 26.0|4.30|1.00
HR 4472|11 36 22.30|-61 03 07.9|5.83|-0.09
HR 4473|11 37 01.20|-32 59 17.2|6.29|0.46
HR 4474|11 37 52.99|50 37 05.9|6.14|1.07
HR 4475|11 37 00.60|-61 16 59.9|5.15|1.12
HR 4476|11 37 33.91|-47 44 49.9|5.44|1.24
HR 4477|11 38 20.59|43 37 32.2|5.59|0.33
HR 4478|11 38 09.79|08 53 03.1|6.17|1.08
HR 4479|11 37 15.60|-75 53 48.1|5.65|0.35
HR 448|01 33 42.89|-07 01 31.1|5.76|0.64
HR 4480|11 38 33.50|46 50 03.1|6.10|0.38
HR 4481|11 38 49.20|64 20 48.8|6.46|
HR 4482|11 38 32.21|33 37 32.2|6.27|1.32
HR 4483|11 38 27.60|08 08 03.1|5.36|1.57
HR 4484|11 38 24.10|-02 26 10.0|6.22|1.12
HR 4485|11 37 48.41|-67 37 13.1|5.96|1.02
HR 4486|11 38 44.90|45 06 31.0|6.44|0.56
HR 4487|11 38 07.30|-61 49 35.0|5.15|-0.02
HR 4488|11 38 40.10|-13 12 06.8|5.48|0.52
HR 4489|11 39 00.41|-24 43 16.0|6.42|0.82
HR 449|01 37 22.51|74 18 02.9|6.58|0.03
HR 4490|11 39 51.10|-14 28 07.0|6.21|0.00
HR 4491|11 39 50.40|-16 37 13.1|6.19|1.62
HR 4492|11 39 29.40|-65 23 52.1|5.17|0.80
HR 4493|11 40 27.41|57 58 14.2|6.37|-0.12
HR 4494|11 40 12.79|-34 44 40.9|4.70|-0.07
HR 4495|11 40 47.9|21 21 10.1|5.26|0.98
HR 4496|11 41 03.0|34 12 06.1|5.33|0.72
HR 4497|11 40 42.60|-53 58 07.0|5.96|1.66
HR 4498|11 41 08.40|-29 11 47.0|6.44|0.66
HR 4499|11 40 53.59|-62 05 24.0|4.94|1.15
HR 45|00 14 36.19|20 12 24.1|4.80|1.57
HR 450|01 34 49.10|18 27 38.2|5.89|1.52
HR 4500|11 41 43.61|55 10 21.0|6.27|1.49
HR 4501|11 41 34.30|31 44 46.0|5.73|0.43
HR 4502|11 41 19.80|-43 05 44.9|5.55|
HR 4503|11 41 43.99|-32 29 58.9|5.22|1.48
HR 4504|11 42 28.39|66 44 42.0|5.30|1.28
HR 4505|11 42 05.21|22 12 38.9|6.59|
HR 4506|11 42 03.50|-20 17 38.0|6.22|0.95
HR 4507|11 41 01.20|-83 06 00.0|6.33|1.08
HR 4508|11 43 27.19|-37 11 25.1|5.98|1.46
HR 4509|11 42 55.39|-79 18 23.0|6.39|0.90
HR 451|01 34 37.80|-15 40 34.0|5.63|0.07
HR 4510|11 43 55.10|-06 40 37.9|6.07|0.96
HR 4511|11 43 31.20|-62 29 21.8|5.03|0.80
HR 4512|11 44 13.20|25 13 05.9|6.02|1.53
HR 4513|11 43 52.90|-62 52 41.9|6.10|0.06
HR 4514|11 44 45.79|-18 21 02.9|4.73|0.97
HR 4515|11 45 17.9|08 15 29.9|4.85|0.18
HR 4516|11 45 12.60|-49 04 10.9|6.26|1.17
HR 4517|11 45 51.60|06 31 45.8|4.03|1.51
HR 4518|11 46 03.0|47 46 45.8|3.71|1.18
HR 4519|11 45 43.90|-45 41 24.0|5.29|-0.12
HR 452|01 35 52.51|41 04 35.0|6.38|1.11
HR 4520|11 45 36.41|-66 43 43.0|3.64|0.16
HR 4521|11 46 55.61|55 37 41.9|5.27|1.27
HR 4522|11 46 30.79|-61 10 41.9|4.11|0.90
HR 4523|11 46 31.10|-40 30 02.2|4.91|0.66
HR 4524|11 47 07.1|-35 54 24.8|6.17|0.96
HR 4525|11 47 15.70|-30 17 12.8|6.48|0.68
HR 4526|11 47 19.10|-57 41 47.0|5.41|1.67
HR 4527|11 47 59.9|20 13 08.0|4.53|0.55
HR 4528|11 47 54.89|08 14 44.9|5.32|0.02
HR 4529|11 48 23.50|-10 18 47.9|6.26|0.58
HR 453|01 34 50.71|-31 53 31.9|6.12|1.11
HR 4530|11 48 14.30|-66 48 52.9|4.72|1.54
HR 4531|11 48 38.71|14 17 03.1|5.88|0.29
HR 4532|11 48 45.10|-26 44 58.9|5.11|1.60
HR 4533|11 49 01.20|-00 19 07.0|6.15|0.52
HR 4534|11 49 03.60|14 34 18.8|2.14|0.09
HR 4535|11 49 14.90|16 14 34.1|6.04|0.27
HR 4536|11 49 41.71|34 55 54.1|5.70|0.46
HR 4537|11 49 41.9|-63 47 17.9|4.32|-0.15
HR 4538|11 49 56.59|-70 13 32.9|4.97|1.40
HR 4539|11 50 19.51|-15 51 50.0|6.13|0.95
HR 454|01 36 27.19|48 43 22.1|5.92|1.21
HR 4540|11 50 41.71|01 45 52.9|3.61|0.55
HR 4541|11 50 27.19|-62 38 57.8|5.70|0.26
HR 4542|11 50 37.10|-27 16 40.1|6.48|0.98
HR 4543|11 50 55.30|12 16 44.0|6.35|0.27
HR 4544|11 51 02.21|-05 19 59.9|5.64|1.06
HR 4545|11 51 09.41|33 22 30.0|6.27|0.32
HR 4546|11 51 08.71|-45 10 25.0|4.46|1.30
HR 4547|11 51 21.89|-12 11 16.1|6.35|0.40
HR 4548|11 51 41.59|-30 50 06.0|5.85|0.56
HR 4549|11 51 51.19|-65 12 22.0|4.90|-0.11
HR 455|01 35 46.39|14 39 41.0|6.22|-0.04
HR 4550|11 52 58.80|37 43 07.0|6.45|0.75
HR 4551|11 52 10.10|-56 59 16.1|5.57|0.07
HR 4552|11 52 54.60|-33 54 29.2|4.28|-0.10
HR 4553|11 53 26.81|-35 04 00.1|6.17|0.08
HR 4554|11 53 49.80|53 41 40.9|2.44|0.00
HR 4555|11 53 50.30|00 33 06.8|6.30|0.20
HR 4556|11 54 11.50|-57 24 36.0|6.06|0.05
HR 4557|11 54 25.80|-37 44 56.0|6.46|0.52
HR 4558|11 54 42.50|-25 42 50.0|5.30|0.88
HR 4559|11 55 03.10|08 26 38.0|5.58|0.94
HR 456|01 38 30.89|73 02 24.0|5.28|0.96
HR 4560|11 55 05.69|46 28 36.8|6.54|0.10
HR 4561|11 55 11.21|46 28 10.9|7.03|0.01
HR 4562|11 55 14.9|36 45 23.0|6.49|1.58
HR 4563|11 54 59.81|-63 16 44.0|5.91|0.19
HR 4564|11 55 40.49|15 38 48.1|5.53|0.11
HR 4565|11 55 40.10|-28 28 36.8|5.93|1.50
HR 4566|11 55 58.39|56 35 55.0|5.84|1.10
HR 4567|11 56 00.91|-17 09 02.9|5.18|-0.02
HR 4568|11 55 54.70|-39 41 21.1|6.13|1.02
HR 4569|11 56 53.21|61 32 57.1|6.22|0.96
HR 457|01 35 54.79|17 26 01.0|5.80|
HR 4570|11 56 43.90|-47 04 21.0|6.26|0.40
HR 4571|11 57 03.70|-33 18 55.1|6.21|-0.04
HR 4572|11 57 14.59|40 20 37.0|6.62|0.46
HR 4573|11 57 40.10|-62 26 56.0|5.57|-0.15
HR 4574|11 58 07.20|32 16 26.0|6.42|0.29
HR 4575|11 58 20.59|61 27 52.9|6.76|
HR 4576|11 58 15.19|-56 19 01.9|5.44|-0.08
HR 4577|11 58 20.30|-40 56 49.9|6.79|0.97
HR 4578|11 58 47.69|-64 20 21.1|5.61|0.18
HR 4579|11 58 54.41|-25 54 32.0|6.43|0.03
HR 458|01 36 47.81|41 24 20.2|4.09|0.54
HR 4580|11 59 03.41|00 31 50.2|6.17|1.26
HR 4581|11 59 17.59|33 10 03.0|5.96|1.15
HR 4582|11 59 10.90|-51 41 48.1|6.05|1.28
HR 4583|11 59 37.30|-78 13 18.8|4.91|-0.06
HR 4584|11 59 57.19|34 02 06.0|6.50|0.22
HR 4585|11 59 56.90|03 39 19.1|5.37|0.00
HR 4586|12 00 18.60|80 51 11.2|6.17|1.61
HR 4587|12 00 44.50|-10 26 46.0|5.55|0.77
HR 4588|12 00 42.50|-21 50 13.9|6.28|1.22
HR 4589|12 00 52.39|06 36 51.1|4.66|0.13
HR 459|01 35 58.99|-15 24 01.1|5.42|1.21
HR 4590|12 00 51.19|-19 39 32.0|5.26|-0.20
HR 4591|12 01 01.80|-01 46 05.2|6.31|1.21
HR 4592|12 01 28.99|-57 30 13.0|6.16|0.00
HR 4593|12 01 39.50|36 02 30.8|5.59|1.01
HR 4594|12 02 06.79|43 02 44.2|5.21|0.26
HR 4595|12 02 20.11|-85 37 54.1|6.05|1.29
HR 4596|12 02 28.61|-71 29 20.0|6.42|1.17
HR 4597|12 02 37.70|-69 11 31.9|5.89|-0.08
HR 4598|12 02 51.60|-07 41 01.0|6.22|1.49
HR 4599|12 03 01.51|-63 18 46.1|4.33|0.27
HR 46|00 14 27.60|-07 46 50.2|5.12|1.62
HR 460|01 35 15.19|-58 08 21.8|6.01|0.38
HR 4600|12 03 39.60|-42 26 03.1|5.15|0.41
HR 4601|12 03 44.30|-74 12 50.0|6.44|1.23
HR 4602|12 04 16.61|21 27 33.1|5.87|0.22
HR 4603|12 04 19.20|-63 09 56.2|4.72|-0.08
HR 4604|12 04 38.71|-68 19 45.1|5.35|-0.01
HR 4605|12 04 46.51|-76 31 09.1|5.04|1.49
HR 4606|12 04 28.10|85 35 13.9|6.27|0.59
HR 4607|12 04 57.10|-60 58 09.1|5.96|1.67
HR 4608|12 05 12.50|08 43 59.2|4.12|0.98
HR 4609|12 05 15.10|76 54 20.9|5.80|1.01
HR 461|01 38 07.61|57 58 39.0|5.56|1.38
HR 4610|12 05 39.70|62 55 59.2|6.13|1.17
HR 4611|12 05 53.21|-65 32 49.9|6.33|0.22
HR 4612|12 05 56.71|-35 41 38.0|6.23|-0.08
HR 4613|12 05 59.81|-03 07 54.1|6.37|1.00
HR 4614|12 06 19.80|-68 39 02.9|6.23|1.24
HR 4615|12 06 23.11|-65 42 33.1|6.06|0.65
HR 4616|12 06 52.90|-64 36 49.0|4.15|0.34
HR 4617|12 07 49.80|-75 22 00.8|5.18|1.30
HR 4618|12 08 05.21|-50 39 41.0|4.47|-0.15
HR 4619|12 08 04.80|-50 45 47.9|6.37|-0.05
HR 462|01 36 08.40|-29 54 27.0|5.69|0.33
HR 4620|12 08 14.69|-48 41 34.1|5.34|-0.01
HR 4621|12 08 21.50|-50 43 21.0|2.60|-0.12
HR 4622|12 08 24.60|-60 50 49.9|6.22|1.74
HR 4623|12 08 24.79|-24 43 44.0|4.02|0.32
HR 4624|12 08 53.81|-44 19 34.0|5.75|0.24
HR 4625|12 08 54.50|-41 13 53.0|5.48|-0.07
HR 4626|12 09 41.30|01 53 52.1|5.95|1.12
HR 4627|12 09 47.30|74 39 41.0|6.35|0.50
HR 4628|12 10 02.50|-34 42 18.0|6.17|0.03
HR 4629|12 10 03.41|05 48 24.8|5.72|0.35
HR 463|01 37 05.90|12 08 30.1|5.57|0.35
HR 4630|12 10 07.49|-22 37 10.9|3.00|1.33
HR 4631|12 10 33.79|-37 52 13.1|6.06|0.20
HR 4632|12 10 31.61|16 48 33.1|6.39|0.06
HR 4633|12 10 46.10|27 16 53.0|6.01|0.11
HR 4634|12 11 04.90|-61 16 39.0|6.08|0.39
HR 4635|12 11 03.91|-23 36 09.0|5.46|0.06
HR 4636|12 11 02.90|-45 25 22.1|6.61|1.08
HR 4637|12 11 31.39|-51 21 33.8|6.23|0.82
HR 4638|12 11 39.10|-52 22 07.0|3.96|-0.15
HR 4639|12 11 00.0|81 42 36.0|6.00|1.62
HR 464|01 37 59.59|48 37 41.9|3.57|1.28
HR 4640|12 11 51.19|25 52 13.1|5.66|1.41
HR 4641|12 11 44.90|57 03 15.8|6.43|
HR 4642|12 12 01.20|28 32 10.0|6.49|0.36
HR 4643|12 12 09.31|20 32 30.8|5.57|0.95
HR 4644|12 12 22.1|-62 57 02.9|5.92|0.29
HR 4645|12 12 46.80|-70 09 06.8|6.17|0.84
HR 4646|12 12 11.90|77 36 59.0|5.14|0.33
HR 4647|12 13 13.1|-34 07 32.2|6.50|1.66
HR 4648|12 13 25.30|-38 55 45.1|5.76|-0.13
HR 4649|12 13 55.70|-78 34 25.0|6.35|1.24
HR 465|01 38 31.70|45 24 00.0|6.36|0.04
HR 4650|12 13 25.90|10 15 43.9|5.85|0.27
HR 4651|12 13 36.70|-33 47 34.1|6.33|0.08
HR 4652|12 14 02.59|-45 43 26.0|5.31|1.43
HR 4653|12 14 16.80|-64 24 31.0|6.22|0.12
HR 4654|12 14 43.39|53 26 04.9|6.16|1.04
HR 4655|12 14 59.59|-20 50 39.1|5.83|1.05
HR 4656|12 15 08.71|-58 44 56.0|2.80|-0.23
HR 4657|12 15 10.61|-10 18 45.0|6.11|0.46
HR 4658|12 15 30.50|-41 54 47.2|6.26|1.01
HR 4659|12 15 08.50|70 12 00.0|5.71|1.19
HR 466|01 37 37.70|-09 24 14.0|6.24|0.53
HR 4660|12 15 25.61|57 01 57.0|3.31|0.08
HR 4661|12 15 46.99|-23 21 13.0|6.54|0.45
HR 4662|12 15 48.41|-17 32 30.8|2.59|-0.11
HR 4663|12 16 00.19|14 53 56.0|5.10|0.06
HR 4664|12 16 23.50|-72 36 52.9|6.22|-0.01
HR 4665|12 15 41.40|72 33 02.9|6.29|1.14
HR 4666|12 16 07.61|40 39 37.1|5.66|1.55
HR 4667|12 16 20.50|23 56 43.1|4.95|0.97
HR 4668|12 16 30.10|33 03 41.0|5.00|1.14
HR 4669|12 17 06.0|-65 41 34.1|6.06|0.03
HR 467|01 33 39.19|-78 30 16.9|6.11|0.97
HR 4670|12 17 03.29|-16 41 37.0|6.05|0.10
HR 4671|12 17 34.10|-67 57 38.9|4.11|1.58
HR 4672|12 17 29.50|53 11 28.0|5.81|1.30
HR 4673|12 17 30.50|28 56 13.9|5.70|0.16
HR 4674|12 18 20.69|-79 18 43.9|4.26|-0.12
HR 4675|12 17 47.30|-36 05 38.0|6.15|0.01
HR 4676|12 17 44.30|15 08 39.1|6.34|1.37
HR 4677|12 18 09.10|-03 57 15.8|6.99|0.36
HR 4678|12 18 09.60|-03 56 55.0|6.54|0.33
HR 4679|12 18 26.9|-64 00 11.2|4.04|-0.17
HR 468|01 36 44.81|-58 16 14.9|6.18|1.61
HR 4680|12 18 31.61|30 14 57.1|6.23|0.30
HR 4681|12 18 40.30|-00 47 13.9|5.90|0.17
HR 4682|12 18 59.69|-55 08 35.2|5.00|1.59
HR 4683|12 16 51.41|86 26 10.0|6.33|0.43
HR 4684|12 19 02.9|26 00 28.1|6.48|0.18
HR 4685|12 19 19.10|23 02 04.9|6.27|0.17
HR 4686|12 15 20.30|87 42 00.0|6.28|0.35
HR 4687|12 18 49.90|75 09 38.2|5.38|-0.02
HR 4688|12 19 29.59|28 09 24.8|6.33|0.50
HR 4689|12 19 54.41|-00 40 00.8|3.89|0.02
HR 469|01 39 21.0|44 23 10.0|4.98|0.89
HR 4690|12 19 48.70|48 59 03.1|5.29|1.66
HR 4691|12 20 10.70|-22 10 32.2|5.97|0.82
HR 4692|12 20 28.1|-65 50 34.1|6.21|-0.04
HR 4693|12 20 19.70|26 37 09.8|5.54|1.09
HR 4694|12 20 17.69|26 00 06.8|6.15|0.30
HR 4695|12 20 21.0|03 18 45.0|4.96|1.16
HR 4696|12 20 33.70|-22 12 56.9|5.21|-0.10
HR 4697|12 20 43.1|17 47 34.1|4.74|1.01
HR 4698|12 20 41.30|27 03 16.9|7.13|0.36
HR 4699|12 20 55.70|-13 33 56.2|5.14|1.05
HR 47|00 13 19.39|-84 59 39.1|5.77|1.72
HR 470|01 40 13.10|53 52 05.9|6.39|1.61
HR 4700|12 21 21.60|-60 24 04.0|3.59|1.42
HR 4701|12 20 50.81|57 51 50.0|5.55|1.43
HR 4702|12 21 57.50|-56 22 28.9|5.92|1.57
HR 4703|12 22 07.30|-67 31 18.8|5.15|0.19
HR 4704|12 22 11.90|-68 18 27.0|5.74|1.04
HR 4705|12 22 10.80|24 46 26.0|6.19|-0.01
HR 4706|12 22 49.30|-57 40 34.0|5.39|-0.10
HR 4707|12 22 30.31|25 50 46.0|4.81|0.49
HR 4708|12 22 31.99|05 18 20.2|6.40|0.60
HR 4709|12 25 37.49|-86 09 02.2|6.33|1.08
HR 471|01 38 27.41|-36 31 41.9|5.94|1.05
HR 4710|12 23 13.80|-67 37 54.1|6.36|0.89
HR 4711|12 23 21.60|-24 50 26.2|5.68|1.16
HR 4712|12 23 35.40|-35 24 46.1|5.32|-0.08
HR 4713|12 23 36.89|-39 18 11.2|6.40|0.29
HR 4714|12 23 44.90|-38 54 40.0|5.79|-0.08
HR 4715|12 23 46.99|42 32 34.1|6.06|0.33
HR 4716|12 24 01.51|51 33 43.9|4.80|0.87
HR 4717|12 24 18.50|26 05 55.0|5.18|0.08
HR 4718|12 24 44.69|-41 23 03.1|6.25|1.18
HR 4719|12 24 26.71|25 34 58.1|6.42|0.27
HR 472|01 37 42.89|-57 14 12.1|0.46|-0.16
HR 4720|12 25 17.30|-65 46 14.2|6.30|0.96
HR 4721|12 25 08.50|-42 30 51.8|6.11|0.65
HR 4722|12 25 11.71|-11 36 37.1|5.95|0.03
HR 4723|12 25 18.41|-27 44 57.1|6.09|1.27
HR 4724|12 25 21.79|-35 11 11.0|5.73|-0.06
HR 4725|12 25 15.10|23 55 34.0|6.03|1.10
HR 4726|12 25 03.19|56 46 39.0|5.81|1.62
HR 4727|12 25 06.41|63 48 10.1|6.32|0.91
HR 4728|12 25 50.90|39 01 07.0|5.02|0.96
HR 4729|12 26 30.91|-63 07 21.0|4.86|-0.12
HR 473|01 38 51.79|-21 16 31.1|5.58|0.34
HR 4730|12 26 35.90|-63 05 57.1|1.33|-0.24
HR 4731|12 26 36.50|-63 05 57.8|1.73|-0.26
HR 4732|12 26 31.61|-51 27 02.9|4.82|-0.14
HR 4733|12 26 24.10|27 16 05.9|4.95|0.27
HR 4734|12 26 48.19|-48 54 47.9|6.26|0.68
HR 4735|12 26 51.70|-32 49 48.0|5.55|0.01
HR 4736|12 27 24.60|-63 47 21.1|6.00|0.07
HR 4737|12 26 56.30|28 16 05.9|4.36|1.13
HR 4738|12 26 59.30|26 49 32.2|5.00|0.08
HR 4739|12 27 28.70|-58 59 30.8|5.50|1.45
HR 474|01 38 49.99|-25 01 18.8|6.70|-0.08
HR 4740|12 26 24.19|71 55 46.9|6.24|1.06
HR 4741|12 27 42.10|08 36 37.1|6.37|0.93
HR 4742|12 27 49.39|-16 37 54.8|6.35|0.84
HR 4743|12 28 02.40|-50 13 50.2|3.91|-0.19
HR 4744|12 28 18.91|-64 20 29.0|6.04|0.02
HR 4745|12 27 35.11|55 42 46.1|5.70|1.55
HR 4746|12 27 51.60|-04 36 55.1|6.22|0.44
HR 4747|12 28 25.49|-61 47 43.1|6.22|1.26
HR 4748|12 28 22.51|-39 02 29.0|5.44|-0.08
HR 4749|12 28 33.41|-56 24 28.1|6.15|0.92
HR 475|01 39 40.80|16 24 20.9|5.97|1.12
HR 4750|12 28 38.11|26 13 36.1|6.54|0.17
HR 4751|12 28 44.59|25 53 57.1|6.65|0.22
HR 4752|12 28 54.70|25 54 46.1|5.29|-0.05
HR 4753|12 29 26.90|24 06 32.0|5.48|0.43
HR 4754|12 29 53.90|-56 31 28.9|5.80|1.56
HR 4755|12 29 57.91|-41 44 10.0|6.02|1.52
HR 4756|12 29 43.20|20 53 46.0|5.69|0.07
HR 4757|12 29 51.89|-16 30 56.2|2.95|-0.05
HR 4758|12 30 04.80|-13 23 35.2|6.35|0.56
HR 4759|12 30 17.50|-23 41 48.1|5.63|1.67
HR 476|01 40 39.79|43 17 52.1|5.61|0.21
HR 4760|12 29 57.31|58 24 20.9|5.35|0.20
HR 4761|12 30 02.90|51 32 08.2|6.21|0.51
HR 4762|12 30 04.30|58 46 03.0|6.08|0.98
HR 4763|12 31 09.89|-57 06 47.9|1.63|1.59
HR 4764|12 31 16.70|-57 04 52.0|6.42|0.16
HR 4765|12 30 06.70|69 12 04.0|4.95|1.62
HR 4766|12 31 00.60|24 34 01.9|5.46|0.05
HR 4767|12 30 50.11|53 04 36.1|6.21|0.54
HR 4768|12 31 40.30|-59 25 26.0|5.48|0.63
HR 4769|12 32 10.1|-73 00 06.1|5.88|1.11
HR 477|01 40 34.80|40 34 36.8|4.94|-0.09
HR 4770|12 31 21.41|07 36 15.1|6.05|1.52
HR 4771|12 31 55.80|-63 30 22.0|5.95|0.27
HR 4772|12 31 38.71|-05 03 09.0|6.19|1.04
HR 4773|12 32 28.1|-72 07 59.2|3.87|-0.15
HR 4774|12 32 04.51|-32 32 01.0|6.46|0.20
HR 4775|12 32 04.20|-16 11 46.0|4.31|0.38
HR 4776|12 32 36.0|-13 51 33.1|5.74|0.40
HR 4777|12 33 02.90|10 17 44.2|6.26|0.95
HR 4778|12 33 22.39|-19 47 30.8|6.26|0.29
HR 4779|12 33 34.30|-12 49 49.1|5.58|0.86
HR 478|01 42 20.50|68 02 35.2|5.59|-0.07
HR 4780|12 33 34.20|24 16 59.2|6.29|0.11
HR 4781|12 33 46.80|-09 27 06.8|5.48|-0.03
HR 4782|12 33 59.21|-49 54 33.8|6.38|0.46
HR 4783|12 33 38.90|33 14 51.0|5.42|1.00
HR 4784|12 33 47.40|33 23 04.9|6.24|1.05
HR 4785|12 33 44.50|41 21 27.0|4.26|0.59
HR 4786|12 34 23.21|-23 23 48.1|2.65|0.89
HR 4787|12 33 28.99|69 47 17.9|3.87|-0.13
HR 4788|12 34 42.31|-44 40 23.9|5.77|0.70
HR 4789|12 34 51.10|22 37 45.1|4.81|0.00
HR 479|01 38 48.19|-53 26 20.0|6.84|0.44
HR 4790|12 35 28.99|-61 50 30.8|6.22|0.73
HR 4791|12 35 06.29|18 22 37.9|6.56|0.25
HR 4792|12 35 07.80|18 22 36.8|5.02|1.15
HR 4793|12 35 08.11|21 52 53.0|5.85|1.22
HR 4794|12 35 45.50|-41 01 18.8|5.13|0.22
HR 4795|12 34 43.99|70 01 18.8|4.94|1.31
HR 4796|12 36 01.20|-39 52 12.0|5.80|0.01
HR 4797|12 35 58.61|-20 31 37.9|6.20|0.33
HR 4798|12 37 10.99|-69 08 08.2|2.69|-0.20
HR 4799|12 36 47.40|-05 49 54.8|5.87|0.07
HR 48|00 14 38.40|-18 55 58.1|4.44|1.66
HR 480|01 42 55.90|70 37 21.0|5.18|-0.04
HR 4800|12 36 23.30|59 29 12.8|5.50|
HR 4801|12 36 58.30|17 05 21.8|5.68|1.41
HR 4802|12 37 42.19|-48 32 28.0|3.86|0.05
HR 4803|12 37 42.19|-27 08 20.0|5.45|0.32
HR 4804|12 39 14.50|-75 22 09.8|6.49|0.08
HR 4805|12 38 04.39|03 16 57.0|6.33|0.01
HR 4806|12 38 52.51|-67 11 35.2|6.25|0.06
HR 4807|12 38 22.39|01 51 16.9|5.71|1.60
HR 4808|12 38 30.0|06 59 17.9|7.08|1.44
HR 4809|12 38 44.59|-18 15 01.1|6.00|0.29
HR 481|01 42 03.0|61 02 17.9|6.71|-0.03
HR 4810|12 39 03.50|-30 25 19.9|5.89|1.21
HR 4811|12 38 46.30|40 52 27.8|6.37|0.18
HR 4812|12 39 02.9|22 39 33.8|6.38|1.10
HR 4813|12 39 14.81|-07 59 44.2|4.66|1.23
HR 4814|12 39 55.61|-66 30 42.1|6.26|-0.05
HR 4815|12 39 07.30|21 03 45.0|5.46|0.96
HR 4816|12 39 16.90|35 57 06.8|6.45|0.06
HR 4817|12 39 52.51|-39 59 15.0|4.64|-0.08
HR 4818|12 41 22.99|-46 08 44.2|5.84|1.52
HR 4819|12 41 31.1|-48 57 34.9|2.17|-0.01
HR 482|01 42 17.81|58 37 40.1|6.37|-0.02
HR 4820|12 42 05.11|-69 24 27.0|6.33|0.78
HR 4821|12 41 16.1|-13 00 49.0|6.08|
HR 4822|12 41 16.20|-13 00 54.0|5.98|0.42
HR 4823|12 41 56.59|-59 41 08.9|4.93|-0.04
HR 4824|12 41 34.39|10 25 35.0|6.19|0.19
HR 4825|12 41 39.60|-01 26 57.8|3.65|0.36
HR 4826|12 41 39.60|-01 26 57.8|3.68|
HR 4827|12 41 49.20|-19 45 31.0|6.03|0.39
HR 4828|12 41 53.11|10 14 08.2|4.88|0.09
HR 4829|12 41 57.10|06 48 24.1|5.59|0.00
HR 483|01 41 47.21|42 36 49.0|4.95|0.62
HR 4830|12 42 50.30|-63 03 31.0|5.31|0.27
HR 4831|12 42 35.40|-48 48 47.2|4.66|1.09
HR 4832|12 42 49.61|-55 56 49.9|6.08|-0.03
HR 4833|12 41 33.91|62 42 47.2|6.07|0.01
HR 4834|12 43 09.10|-56 10 34.0|6.00|-0.08
HR 4835|12 43 28.20|-58 54 11.2|6.40|1.09
HR 4836|12 43 26.30|-40 10 40.1|6.44|0.25
HR 4837|12 43 38.11|-01 34 36.8|5.93|0.86
HR 4838|12 43 58.70|-36 20 57.1|6.39|-0.06
HR 4839|12 44 00.50|-28 19 26.0|5.48|1.34
HR 484|01 41 18.41|25 44 44.9|6.17|0.44
HR 4840|12 43 04.20|61 09 20.2|6.38|1.26
HR 4841|12 45 01.70|-68 49 52.0|6.16|0.69
HR 4842|12 45 37.90|-60 58 52.0|4.69|1.05
HR 4843|12 44 27.10|44 06 11.2|6.33|0.43
HR 4844|12 46 16.90|-68 06 29.2|3.05|-0.18
HR 4845|12 44 59.50|39 16 44.0|5.95|0.55
HR 4846|12 45 07.80|45 26 25.1|4.99|2.54
HR 4847|12 45 37.10|07 40 23.9|5.22|0.33
HR 4848|12 46 22.70|-56 29 20.0|4.65|-0.16
HR 4849|12 46 22.51|09 32 24.0|5.67|0.99
HR 485|01 41 39.19|30 02 49.9|5.99|1.01
HR 4850|12 46 46.1|-33 18 56.2|5.86|1.34
HR 4851|12 46 38.71|16 34 39.0|5.12|1.35
HR 4852|12 44 25.99|80 37 16.0|6.40|0.12
HR 4853|12 47 43.20|-59 41 19.0|1.25|-0.23
HR 4854|12 47 02.30|05 57 02.9|6.34|-0.05
HR 4855|12 47 13.61|11 57 29.2|6.07|0.12
HR 4856|12 47 33.41|-06 18 06.8|6.26|0.55
HR 4857|12 47 53.71|-24 51 06.1|6.44|-0.06
HR 4858|12 47 51.41|03 34 22.1|6.41|1.60
HR 4859|12 47 18.91|62 46 50.9|5.89|
HR 486|01 39 47.40|-56 11 53.2|5.87|0.90
HR 4860|12 48 26.40|-27 35 51.0|5.66|0.95
HR 4861|12 48 14.30|13 33 11.2|6.56|0.01
HR 4862|12 49 44.90|-71 59 11.0|5.55|1.17
HR 4863|12 47 34.39|66 47 25.1|5.43|1.56
HR 4864|12 48 46.99|24 50 25.1|6.31|0.70
HR 4865|12 48 54.19|14 07 21.0|5.70|0.02
HR 4866|12 48 41.81|48 28 00.8|6.27|0.18
HR 4867|12 48 39.41|60 19 12.0|5.85|0.46
HR 4868|12 50 12.0|-60 24 02.9|6.75|0.35
HR 4869|12 49 17.40|27 33 07.9|5.78|0.03
HR 487|01 39 47.81|-56 11 40.9|5.76|0.87
HR 4870|12 54 58.61|-85 07 23.9|5.46|1.02
HR 4871|12 50 19.61|-48 27 34.9|6.24|0.05
HR 4872|12 50 57.91|-52 47 15.0|5.73|0.13
HR 4873|12 50 17.40|22 51 47.9|6.43|1.00
HR 4874|12 50 41.21|-33 59 57.8|4.91|-0.04
HR 4875|12 50 10.70|37 31 00.8|5.89|0.15
HR 4876|12 51 17.81|-60 19 46.9|5.72|0.38
HR 4877|12 51 22.90|-10 20 17.9|6.41|1.02
HR 4878|12 51 36.89|03 03 24.1|6.02|1.29
HR 4879|12 51 56.81|-39 40 50.9|5.98|-0.10
HR 488|01 42 58.39|61 25 18.1|6.34|0.01
HR 4880|12 52 05.30|-48 05 39.1|6.33|0.03
HR 4881|12 51 57.91|-26 44 17.2|6.15|0.23
HR 4882|12 52 24.60|-53 49 45.8|6.24|1.13
HR 4883|12 51 41.90|27 32 26.2|4.94|0.67
HR 4884|12 52 12.31|17 04 26.0|6.32|1.59
HR 4885|12 53 03.91|-54 57 09.0|5.93|1.31
HR 4886|12 52 27.60|16 07 21.0|6.30|0.16
HR 4887|12 53 21.79|-60 19 43.0|5.76|0.33
HR 4888|12 53 06.89|-48 56 35.9|4.33|1.37
HR 4889|12 53 26.21|-40 10 44.0|4.27|0.21
HR 489|01 41 25.90|05 29 15.0|4.44|1.36
HR 4890|12 53 49.10|-60 22 36.8|5.90|0.20
HR 4891|12 53 11.21|-03 33 11.2|6.11|0.50
HR 4892|12 49 06.60|83 25 05.2|5.85|-0.06
HR 4893|12 49 13.61|83 24 46.1|5.28|-0.03
HR 4894|12 53 17.81|21 14 42.0|4.90|0.90
HR 4895|12 54 22.1|-58 25 50.2|6.58|0.76
HR 4896|12 53 38.11|-04 13 26.0|6.44|1.10
HR 4897|12 54 39.19|-59 08 48.1|4.62|-0.15
HR 4898|12 54 35.59|-57 10 40.1|4.03|-0.17
HR 4899|12 54 36.79|-57 10 05.9|5.17|-0.12
HR 49|00 14 56.11|22 17 03.1|6.24|-0.01
HR 490|01 42 03.50|35 14 44.2|5.64|-0.07
HR 4900|12 53 49.70|12 25 07.0|6.25|0.27
HR 4901|12 54 18.70|-11 38 55.0|6.00|0.08
HR 4902|12 54 21.19|-09 32 20.0|4.79|1.60
HR 4903|12 54 58.49|-44 09 06.8|5.89|0.64
HR 4904|12 54 13.10|33 32 03.8|6.26|0.20
HR 4905|12 54 01.70|55 57 34.9|1.77|-0.02
HR 4906|12 55 19.39|-42 54 56.9|5.47|1.68
HR 4907|12 56 31.51|-72 11 07.1|5.93|1.13
HR 4908|12 55 57.0|-56 50 10.0|5.32|0.01
HR 4909|12 54 56.50|47 11 48.1|5.84|1.55
HR 491|01 43 19.70|60 33 04.0|5.78|-0.02
HR 4910|12 55 36.19|03 23 51.0|3.38|1.58
HR 4911|12 55 53.30|-15 19 36.8|6.17|0.00
HR 4912|12 56 30.10|-26 27 37.1|6.62|0.68
HR 4913|12 57 04.39|-51 11 55.0|5.16|-0.06
HR 4914|12 56 00.41|38 18 52.9|5.60|0.34
HR 4915|12 56 01.70|38 19 05.9|2.90|-0.12
HR 4916|12 55 28.49|65 26 19.0|5.24|0.28
HR 4917|12 56 17.59|54 05 57.8|5.82|0.19
HR 4918|12 57 33.19|-22 45 14.0|6.31|1.07
HR 4919|12 57 07.70|46 10 36.8|6.12|1.01
HR 492|01 41 44.71|-11 19 28.9|5.75|0.44
HR 4920|12 58 55.39|17 24 33.8|4.78|1.56
HR 4921|12 59 39.50|-03 48 42.8|5.79|0.18
HR 4922|13 00 32.59|-33 30 19.1|6.02|0.38
HR 4923|13 02 16.20|-71 32 56.0|3.62|1.18
HR 4924|13 00 16.51|30 47 06.0|4.90|1.17
HR 4925|13 00 35.90|-03 22 07.0|5.99|1.12
HR 4926|13 00 38.81|18 22 23.2|6.20|0.42
HR 4927|12 58 47.30|75 28 21.0|6.01|0.99
HR 4928|12 59 55.10|66 35 49.9|5.32|1.29
HR 4929|13 01 09.60|17 07 23.2|5.96|0.96
HR 493|01 42 29.81|20 16 07.0|5.24|0.84
HR 4930|13 03 05.21|-71 28 34.0|6.03|0.05
HR 4931|13 00 43.80|56 21 59.0|4.93|0.36
HR 4932|13 02 10.61|10 57 33.1|2.83|0.94
HR 4933|13 03 33.19|-49 31 37.9|4.85|0.02
HR 4934|13 01 46.80|63 36 37.1|6.00|0.41
HR 4935|13 03 46.10|-20 34 59.2|5.58|0.56
HR 4936|13 02 40.39|59 42 58.0|6.53|0.05
HR 4937|13 03 54.41|-03 39 47.9|6.59|0.29
HR 4938|13 04 48.10|-41 11 48.1|6.26|1.68
HR 4939|13 05 30.79|-52 06 54.0|6.43|1.70
HR 494|01 41 27.31|-38 07 59.2|6.17|0.42
HR 4940|13 06 16.70|-48 27 49.0|4.71|-0.14
HR 4941|13 06 35.11|-41 35 19.0|5.59|1.05
HR 4942|13 06 54.60|-49 54 22.0|4.27|-0.19
HR 4943|13 05 44.50|35 47 56.0|5.25|-0.08
HR 4944|13 07 24.19|-59 51 38.2|5.99|0.48
HR 4945|13 05 52.30|45 16 07.0|5.63|1.13
HR 4946|13 06 21.19|21 09 11.9|5.99|0.39
HR 4947|13 06 54.31|-35 51 42.8|6.54|-0.02
HR 4948|13 06 10.20|29 01 45.8|6.54|0.05
HR 4949|13 06 22.61|22 36 58.0|5.60|1.59
HR 495|01 43 16.51|45 19 19.9|6.34|1.01
HR 4950|13 04 49.70|73 01 31.1|6.31|
HR 4951|13 07 38.30|-53 27 34.9|5.71|-0.07
HR 4952|13 08 07.1|-65 18 23.0|5.51|-0.02
HR 4953|13 06 22.70|62 02 30.8|6.14|0.99
HR 4954|13 07 10.70|27 37 28.9|4.80|1.48
HR 4955|13 07 53.81|-10 44 25.1|5.19|1.14
HR 4956|13 07 53.59|27 33 20.9|6.19|1.36
HR 4957|13 08 32.50|-08 59 03.8|5.55|1.18
HR 4958|13 09 03.29|-23 07 05.2|4.95|1.05
HR 4959|13 09 14.40|-09 32 17.9|6.32|1.02
HR 496|01 43 39.60|50 41 19.0|4.07|-0.04
HR 4960|13 09 12.41|10 01 19.9|5.78|1.00
HR 4961|13 09 45.31|-10 19 45.8|5.94|1.49
HR 4962|13 09 47.81|16 50 55.0|5.91|1.45
HR 4963|13 09 57.0|-05 32 20.0|4.38|-0.01
HR 4964|13 09 38.71|37 25 23.2|6.02|1.15
HR 4965|13 10 58.39|-52 34 00.8|6.06|-0.09
HR 4966|13 11 51.60|-69 56 30.8|5.91|0.42
HR 4967|13 09 42.0|38 32 02.0|6.28|-0.12
HR 4968|13 09 59.30|17 31 45.8|5.22|0.45
HR 4969|13 09 59.30|17 31 45.8|5.22|
HR 497|01 42 08.59|-32 19 36.8|5.25|1.05
HR 4970|13 11 08.81|-42 13 59.2|5.79|0.52
HR 4971|13 10 03.19|38 29 56.0|5.91|0.29
HR 4972|13 11 53.11|-63 18 10.1|6.33|0.44
HR 4973|13 11 23.21|-43 22 08.0|5.25|1.05
HR 4974|13 09 50.21|62 13 45.1|6.54|-0.02
HR 4975|13 12 17.40|-59 55 14.9|4.60|-0.08
HR 4976|13 14 17.21|-78 26 49.9|5.85|1.07
HR 4977|13 12 48.91|-66 13 36.8|5.90|0.06
HR 4978|13 11 39.19|-26 33 06.1|6.50|0.19
HR 4979|13 12 03.19|-37 48 11.2|4.85|0.70
HR 498|01 42 03.0|-36 49 57.0|5.72|-0.01
HR 4980|13 12 55.99|-59 49 00.1|6.16|0.60
HR 4981|13 12 03.50|-16 11 55.0|5.04|0.46
HR 4982|13 12 50.90|-42 41 58.9|6.22|1.06
HR 4983|13 11 52.39|27 52 41.2|4.26|0.57
HR 4984|13 12 08.40|24 15 29.2|6.33|0.98
HR 4985|13 13 23.50|-50 42 00.0|5.89|-0.02
HR 4986|13 12 32.90|11 33 22.0|5.77|1.51
HR 4987|13 12 35.90|18 45 06.1|6.53|0.88
HR 4988|13 14 12.10|-58 41 02.0|5.89|1.08
HR 4989|13 14 14.81|-59 06 11.9|4.92|0.48
HR 499|01 44 17.90|57 32 11.0|6.21|0.10
HR 4990|13 13 26.81|-18 49 36.1|6.28|0.09
HR 4991|13 13 57.50|-43 08 20.0|6.16|1.38
HR 4992|13 13 12.41|18 43 36.8|6.11|1.20
HR 4993|13 15 14.90|-67 53 39.8|4.80|-0.08
HR 4994|13 15 25.70|-69 40 46.9|6.37|1.21
HR 4995|13 14 10.90|-19 55 50.9|5.33|0.87
HR 4996|13 14 43.10|-48 57 24.1|5.89|1.06
HR 4997|13 13 43.1|40 09 10.1|4.92|1.06
HR 4998|13 14 31.30|11 19 54.1|5.67|1.50
HR 4999|13 15 09.70|-36 22 16.0|6.19|0.97
HR 5|00 06 16.1|58 26 12.1|5.96|0.67
HR 50|00 14 58.80|08 49 14.9|5.79|0.31
HR 500|01 42 43.49|-03 41 25.1|4.99|1.38
HR 5000|13 16 44.81|-65 08 17.9|6.07|0.44
HR 5001|13 15 58.80|-19 56 35.2|5.22|1.03
HR 5002|13 17 13.1|-66 47 01.0|4.87|1.50
HR 5003|13 13 31.99|72 47 56.0|6.59|0.08
HR 5004|13 15 31.99|40 51 19.1|5.79|0.19
HR 5005|13 16 25.49|-01 23 26.2|6.68|0.31
HR 5006|13 16 53.11|-31 30 22.0|5.10|0.96
HR 5007|13 16 14.30|19 03 06.1|6.45|0.98
HR 5008|13 17 13.90|-43 58 45.8|5.84|0.20
HR 5009|13 12 25.39|80 28 17.0|6.25|0.94
HR 501|01 41 41.9|-50 02 20.0|6.64|0.12
HR 5010|13 16 32.30|19 47 07.1|6.45|0.25
HR 5011|13 16 46.51|09 25 27.1|5.22|0.59
HR 5012|13 19 18.91|-72 02 08.2|6.04|1.35
HR 5013|13 17 15.60|13 40 32.2|5.33|1.31
HR 5014|13 17 29.90|-00 40 36.1|6.37|0.26
HR 5015|13 17 36.29|05 28 10.9|4.80|1.67
HR 5016|13 18 34.61|-51 17 10.0|6.19|0.01
HR 5017|13 17 32.50|40 34 21.0|4.73|0.30
HR 5018|13 16 28.61|68 24 29.2|6.20|-0.06
HR 5019|13 18 24.31|-18 18 41.0|4.74|0.71
HR 502|01 44 46.10|57 05 21.1|6.25|0.04
HR 5020|13 18 55.30|-23 10 18.1|3.00|0.92
HR 5021|13 18 51.10|03 41 16.1|6.62|0.06
HR 5022|13 18 27.79|34 05 53.2|5.82|1.35
HR 5023|13 18 14.50|49 40 54.8|5.15|-0.07
HR 5024|13 20 34.90|-59 46 23.9|6.18|0.43
HR 5025|13 19 04.20|35 07 41.2|6.02|0.24
HR 5026|13 20 37.80|-52 44 53.2|5.48|-0.13
HR 5027|13 20 48.29|-55 48 02.2|6.02|0.29
HR 5028|13 20 35.81|-36 42 43.9|2.75|0.04
HR 5029|13 20 57.70|-46 52 50.2|5.77|1.12
HR 503|01 43 49.99|32 11 30.1|6.34|
HR 5030|13 22 52.61|-72 08 48.1|6.05|0.09
HR 5031|13 20 41.59|02 56 30.1|6.26|0.10
HR 5032|13 20 19.1|40 09 02.2|5.60|1.20
HR 5033|13 21 29.90|-19 29 20.0|6.21|0.09
HR 5034|13 22 35.69|-60 58 19.9|6.18|0.01
HR 5035|13 22 37.90|-60 59 17.9|4.53|-0.13
HR 5036|13 22 16.20|-52 10 59.2|5.83|0.12
HR 5037|13 21 41.59|02 05 13.9|5.69|0.06
HR 5038|13 22 52.70|-47 56 35.2|6.16|0.18
HR 5039|13 23 02.59|-48 33 46.1|6.38|-0.07
HR 504|01 44 26.50|46 08 22.9|6.35|
HR 5040|13 22 09.70|05 09 16.9|5.87|0.12
HR 5041|13 24 00.50|-64 32 08.9|4.53|0.85
HR 5042|13 25 07.10|-74 53 16.1|5.05|1.11
HR 5043|13 23 08.71|-33 11 24.0|6.22|1.65
HR 5044|13 23 01.10|-17 44 07.1|5.37|0.99
HR 5045|13 22 03.79|43 54 11.2|6.35|0.24
HR 5046|13 23 52.30|-49 49 23.2|6.48|0.96
HR 5047|13 23 18.91|-04 55 27.8|5.89|1.43
HR 5048|13 25 13.90|-64 29 07.1|5.31|0.40
HR 5049|13 25 50.11|-70 37 39.0|5.67|-0.03
HR 505|01 41 48.0|-60 47 21.8|5.71|1.27
HR 5050|13 24 33.19|-05 09 50.0|5.75|0.42
HR 5051|13 27 18.29|-74 41 30.8|6.63|-0.06
HR 5052|13 23 54.0|37 02 02.0|6.07|1.68
HR 5053|13 24 30.50|12 25 54.8|6.44|1.06
HR 5054|13 23 55.49|54 55 31.1|2.27|0.02
HR 5055|13 23 56.40|54 55 18.1|3.95|0.13
HR 5056|13 25 11.59|-11 09 41.0|0.98|-0.23
HR 5057|13 25 06.70|23 51 15.8|5.78|0.06
HR 5058|13 26 07.80|-39 45 19.1|5.09|1.20
HR 5059|13 26 11.40|-01 11 33.0|5.97|0.19
HR 506|01 42 29.30|-53 44 26.2|5.52|0.53
HR 5060|13 26 56.9|-41 29 53.2|5.69|1.47
HR 5061|13 27 06.29|-49 08 38.0|6.31|
HR 5062|13 25 13.49|54 59 17.2|4.01|0.16
HR 5063|13 27 20.81|-49 22 50.9|6.28|-0.12
HR 5064|13 26 43.20|-12 42 28.1|5.25|1.52
HR 5065|13 27 14.69|-40 09 47.2|6.40|0.98
HR 5066|13 28 46.39|-69 37 41.2|6.20|0.02
HR 5067|13 26 16.61|46 01 41.2|5.88|0.97
HR 5068|13 27 27.19|-15 58 25.0|4.76|1.09
HR 5069|13 29 07.61|-64 40 32.9|6.11|0.11
HR 507|01 43 54.79|-04 45 56.2|6.19|1.54
HR 5070|13 25 59.90|63 15 40.0|6.50|0.74
HR 5071|13 29 25.20|-51 09 55.1|5.06|0.07
HR 5072|13 28 25.80|13 46 44.0|4.98|0.71
HR 5073|13 26 08.11|72 23 29.0|5.79|1.63
HR 5074|13 27 04.61|64 44 08.2|6.66|0.37
HR 5075|13 27 10.70|64 43 09.8|7.04|0.39
HR 5076|13 27 59.50|52 44 44.9|6.34|0.23
HR 5077|13 28 26.21|40 43 46.9|6.47|0.92
HR 5078|13 29 14.90|-01 21 51.8|6.43|1.11
HR 5079|13 28 11.71|50 35 13.9|6.80|
HR 508|01 44 55.80|20 04 59.2|6.27|0.75
HR 5080|13 29 42.79|-23 16 53.0|4.97|1.60
HR 5081|13 29 13.1|10 49 05.9|5.65|1.05
HR 5082|13 33 14.81|-77 34 05.9|6.48|0.48
HR 5083|13 28 45.70|50 43 05.9|6.43|0.37
HR 5084|13 40 55.49|-85 47 10.0|5.58|0.18
HR 5085|13 28 27.10|59 56 44.9|5.40|-0.01
HR 5086|13 30 00.10|07 10 44.0|6.17|1.47
HR 5087|13 29 57.60|06 00 47.9|6.51|0.96
HR 5088|13 30 25.70|-06 28 13.1|6.09|0.33
HR 5089|13 31 02.69|-39 24 27.0|3.88|1.17
HR 509|01 44 04.10|-15 56 15.0|3.50|0.72
HR 5090|13 31 33.29|-28 06 46.1|6.47|0.10
HR 5091|13 26 56.71|78 38 38.0|5.77|0.77
HR 5092|13 32 05.30|-38 23 57.1|6.16|1.04
HR 5093|13 33 35.69|-65 37 57.0|6.37|-0.02
HR 5094|13 32 02.81|-18 43 44.0|6.01|0.18
HR 5095|13 31 57.91|-06 15 20.9|4.69|1.62
HR 5096|13 31 15.79|42 06 22.0|6.08|1.05
HR 5097|13 32 35.90|-28 41 34.1|5.69|0.04
HR 5098|13 32 34.51|-29 33 55.1|6.45|0.44
HR 5099|13 32 51.70|-15 21 47.2|5.55|1.23
HR 51|00 14 54.50|-09 34 10.9|5.75|-0.08
HR 510|01 45 23.59|09 09 28.1|4.26|0.96
HR 5100|13 32 58.10|-10 09 54.0|5.21|0.96
HR 5101|13 33 00.70|-07 11 42.0|6.68|1.28
HR 5102|13 32 48.10|24 20 47.0|6.11|0.96
HR 5103|13 34 28.90|-48 16 19.9|6.33|-0.05
HR 5104|13 34 43.61|-33 18 38.9|6.44|1.26
HR 5105|13 34 07.90|03 39 32.0|4.94|0.03
HR 5106|13 34 40.49|-13 12 51.8|5.91|0.02
HR 5107|13 34 41.59|-00 35 44.9|3.37|0.11
HR 5108|13 34 21.79|38 47 21.1|6.37|0.21
HR 5109|13 34 07.30|55 20 55.0|5.60|-0.03
HR 511|01 47 44.81|63 51 07.9|5.63|0.81
HR 5110|13 34 47.81|37 10 57.0|4.98|0.40
HR 5111|13 35 31.30|-05 23 46.0|5.73|0.95
HR 5112|13 34 27.31|49 00 58.0|4.70|0.12
HR 5113|13 37 12.19|-61 41 30.8|5.63|0.50
HR 5114|13 35 33.29|10 12 16.9|6.49|1.03
HR 5115|13 39 11.90|-75 41 02.0|6.34|0.01
HR 5116|13 35 14.9|44 11 48.8|6.84|0.20
HR 5117|13 36 50.50|-34 28 04.1|6.50|1.03
HR 5118|13 37 06.0|-44 08 35.9|5.98|0.94
HR 5119|13 38 45.70|-70 26 42.0|6.10|1.42
HR 512|01 37 55.61|-82 58 30.0|5.87|0.61
HR 5120|13 36 48.41|-26 29 42.0|5.78|0.22
HR 5121|13 37 23.71|-46 25 41.9|5.90|-0.12
HR 5122|13 38 07.61|-58 24 54.0|6.42|1.12
HR 5123|13 36 59.9|24 36 47.9|5.74|1.55
HR 5124|13 38 49.10|-57 37 23.2|6.01|1.14
HR 5125|13 40 00.60|-70 47 17.9|6.59|1.30
HR 5126|13 36 39.79|49 29 12.1|6.49|
HR 5127|13 37 27.60|36 17 42.0|4.82|0.23
HR 5128|13 38 42.0|-29 33 38.9|5.83|0.40
HR 5129|13 38 07.90|14 18 06.1|6.52|0.25
HR 513|01 45 59.30|-05 43 59.9|5.34|1.52
HR 5130|13 40 10.90|-64 34 36.8|5.79|0.39
HR 5131|13 34 42.79|76 32 48.1|6.57|
HR 5132|13 39 53.21|-53 27 59.0|2.30|-0.22
HR 5133|13 37 43.1|50 42 52.9|6.48|1.55
HR 5134|13 39 59.69|-49 57 01.1|6.00|1.50
HR 5135|13 39 40.80|-39 44 53.2|6.27|1.66
HR 5136|13 39 48.60|-40 03 06.8|5.60|1.30
HR 5137|13 39 02.30|18 15 55.1|6.48|1.20
HR 5138|13 39 34.61|10 44 46.0|5.57|0.33
HR 5139|13 37 10.99|71 14 31.9|5.50|1.20
HR 514|01 45 38.81|-25 03 09.0|5.31|0.39
HR 5140|13 42 01.10|-58 47 13.9|5.38|-0.03
HR 5141|13 41 44.69|-54 33 36.0|5.01|-0.05
HR 5142|13 39 30.41|52 55 17.0|5.46|0.10
HR 5143|13 40 15.60|31 00 42.8|6.21|0.96
HR 5144|13 40 40.49|19 57 20.2|5.75|0.01
HR 5145|13 40 39.10|28 03 55.1|6.23|1.28
HR 5146|13 41 30.91|-23 26 58.9|6.59|0.06
HR 5147|13 41 45.70|-33 35 48.8|6.05|1.44
HR 5148|13 40 23.21|50 31 09.8|6.32|0.54
HR 5149|13 41 02.30|22 29 44.9|5.62|1.01
HR 515|01 46 35.30|17 24 47.2|6.55|0.25
HR 5150|13 41 36.79|-08 42 11.2|5.01|1.63
HR 5151|13 42 56.9|-56 46 05.2|6.00|-0.08
HR 5152|13 42 54.60|-50 47 26.2|6.41|1.67
HR 5153|13 40 21.29|57 12 27.0|6.29|0.10
HR 5154|13 40 44.30|54 40 54.1|4.66|1.64
HR 5155|13 42 55.1|-41 24 04.0|5.98|1.02
HR 5156|13 42 12.70|08 23 17.9|6.16|0.42
HR 5157|13 43 40.1|-42 04 03.0|5.98|-0.08
HR 5158|13 44 15.91|-51 00 47.2|6.47|-0.13
HR 5159|13 43 03.70|03 32 17.2|5.36|1.11
HR 516|01 41 21.31|-79 08 53.9|6.33|0.94
HR 5160|13 42 28.80|41 40 27.1|6.30|0.86
HR 5161|13 42 43.39|34 59 20.0|5.98|0.85
HR 5162|13 41 29.90|64 49 21.0|5.85|0.07
HR 5163|13 43 54.31|-05 29 56.0|6.51|0.05
HR 5164|13 43 45.19|22 42 01.1|6.13|1.42
HR 5165|13 44 29.81|-16 10 45.1|5.60|0.81
HR 5166|13 44 45.70|-25 30 02.9|6.21|1.38
HR 5167|13 45 36.89|-26 06 58.0|5.81|0.02
HR 5168|13 45 41.21|-33 02 38.0|4.23|0.38
HR 5169|13 43 54.70|52 03 51.8|6.02|0.00
HR 517|01 46 01.1|-27 20 57.1|6.39|0.36
HR 5170|13 45 35.11|-15 46 03.0|6.19|0.05
HR 5171|13 47 10.70|-62 35 24.0|6.51|1.98
HR 5172|13 46 39.31|-51 25 58.1|4.65|0.96
HR 5173|13 45 56.30|-12 25 36.1|5.51|0.90
HR 5174|13 46 56.40|-36 15 06.8|5.15|-0.02
HR 5175|13 47 27.60|-50 14 57.8|5.91|0.29
HR 5176|13 47 38.40|-50 19 16.0|5.45|1.36
HR 5177|13 45 13.20|55 52 45.8|6.50|0.47
HR 5178|13 47 13.49|-09 42 33.1|6.05|1.42
HR 5179|13 46 13.49|41 05 19.0|5.87|0.21
HR 518|01 47 48.0|46 13 46.9|6.32|0.43
HR 5180|13 46 19.1|38 30 14.0|5.94|0.94
HR 5181|13 47 25.39|-17 51 36.0|5.43|1.62
HR 5182|13 46 43.30|25 42 07.9|5.95|0.49
HR 5183|13 46 57.10|06 21 02.2|6.33|0.63
HR 5184|13 42 39.31|78 03 51.8|5.91|1.01
HR 5185|13 47 15.70|17 27 24.1|4.50|0.48
HR 5186|13 46 59.81|38 32 34.1|5.50|1.03
HR 5187|13 46 35.69|54 25 58.1|5.70|-0.08
HR 5188|13 55 38.71|-82 39 58.0|5.95|1.46
HR 5189|13 48 55.10|-35 42 14.0|6.53|0.57
HR 519|01 46 05.81|-50 48 59.0|5.49|1.60
HR 5190|13 49 30.31|-41 41 16.1|3.41|-0.22
HR 5191|13 47 32.40|49 18 47.9|1.86|-0.19
HR 5192|13 49 26.71|-34 27 02.9|4.19|1.50
HR 5193|13 49 37.1|-42 28 26.0|3.04|-0.17
HR 5194|13 51 47.40|-69 24 05.0|5.75|1.73
HR 5195|13 48 38.71|31 11 25.1|5.62|1.01
HR 5196|13 49 52.30|-18 08 03.1|4.97|1.06
HR 5197|13 50 06.50|-29 04 53.0|6.18|-0.03
HR 5198|13 50 19.39|-39 54 04.0|6.44|0.99
HR 5199|13 48 57.19|39 32 34.1|7.40|
HR 52|00 15 07.1|31 32 08.9|6.45|
HR 520|01 46 06.31|-53 31 18.8|5.04|0.04
HR 5200|13 49 28.61|15 47 52.1|4.07|1.52
HR 5201|13 49 42.79|21 15 51.1|4.91|1.43
HR 5202|13 50 34.51|-19 53 49.9|6.53|0.51
HR 5203|13 42 23.11|82 45 09.0|5.98|1.01
HR 5204|13 49 45.0|36 37 58.1|6.38|
HR 5205|13 50 24.70|05 29 49.9|6.01|0.90
HR 5206|13 51 47.21|-46 53 57.1|5.77|-0.16
HR 5207|13 52 04.80|-52 48 42.1|5.25|-0.09
HR 5208|13 51 36.60|-36 25 59.9|6.35|0.48
HR 5209|13 51 20.40|-24 23 26.9|6.45|0.69
HR 521|01 48 38.90|37 57 10.1|5.94|0.97
HR 5210|13 51 49.61|-32 59 39.8|4.56|-0.13
HR 5211|13 51 50.11|-32 59 40.9|6.06|-0.04
HR 5212|13 52 00.91|-31 37 09.8|6.12|0.48
HR 5213|13 49 45.50|61 29 21.1|5.96|0.96
HR 5214|13 51 04.51|34 46 21.0|6.65|0.12
HR 5215|13 51 09.19|34 39 51.8|5.87|1.62
HR 5216|13 50 27.70|58 32 21.8|6.46|0.09
HR 5217|13 53 43.10|-53 22 25.0|5.89|0.01
HR 5218|13 54 48.91|-67 39 09.0|5.71|1.49
HR 5219|13 51 47.50|34 26 39.1|4.74|1.66
HR 522|01 48 10.90|16 57 20.2|5.84|-0.03
HR 5220|13 52 18.41|12 09 55.1|6.04|0.04
HR 5221|13 53 12.50|-31 55 40.1|4.73|-0.14
HR 5222|13 53 32.81|-35 39 51.1|5.54|0.44
HR 5223|13 53 56.90|-47 07 41.2|6.10|-0.07
HR 5224|13 53 52.20|-35 18 51.8|6.19|1.02
HR 5225|13 53 12.91|17 55 58.1|5.70|0.84
HR 5226|13 51 25.90|64 43 23.9|4.65|1.58
HR 5227|13 50 59.21|68 18 55.1|6.40|1.17
HR 5228|13 54 16.61|-28 34 10.9|6.04|1.13
HR 5229|13 53 10.30|28 38 53.2|5.90|0.20
HR 523|01 48 41.59|32 41 25.1|5.79|0.55
HR 5230|13 55 12.19|-52 09 40.0|5.71|-0.08
HR 5231|13 55 32.40|-47 17 17.9|2.55|-0.22
HR 5232|13 54 42.10|-01 30 11.2|5.15|1.08
HR 5233|13 54 58.20|-08 03 32.0|6.19|0.53
HR 5234|13 56 19.80|-54 07 54.8|6.14|0.07
HR 5235|13 54 41.9|18 23 52.1|2.68|0.58
HR 5236|13 56 33.0|-54 42 15.8|6.00|0.78
HR 5237|13 55 44.50|-31 17 06.0|6.51|0.90
HR 5238|13 53 51.0|53 43 43.0|5.70|-0.05
HR 5239|13 56 19.51|-46 35 33.0|5.83|1.14
HR 524|01 47 16.80|-41 45 36.0|6.18|1.54
HR 5240|14 00 32.81|-78 35 24.0|6.09|0.03
HR 5241|13 57 38.90|-63 41 12.1|4.71|1.11
HR 5242|13 58 31.20|-65 48 02.2|6.20|1.05
HR 5243|13 55 49.99|14 03 23.0|6.16|0.50
HR 5244|13 56 27.91|01 03 02.2|5.91|0.20
HR 5245|13 56 10.49|32 01 57.0|6.32|0.37
HR 5246|13 57 27.70|-23 01 22.1|6.14|1.43
HR 5247|13 56 34.20|27 29 30.8|5.01|1.42
HR 5248|13 58 16.30|-42 06 02.9|3.83|-0.21
HR 5249|13 58 40.80|-44 48 13.0|3.87|-0.20
HR 525|01 37 28.1|-84 46 10.9|5.69|0.94
HR 5250|13 58 31.10|-24 58 19.9|5.15|-0.10
HR 5251|13 59 17.30|-50 22 12.0|5.91|0.96
HR 5252|14 00 17.30|-61 28 53.0|6.49|0.33
HR 5253|14 00 52.20|-66 16 07.0|5.97|0.35
HR 5254|13 58 39.89|14 38 57.8|6.00|1.44
HR 5255|13 58 38.90|21 41 46.0|5.76|-0.03
HR 5256|13 57 32.9|61 29 34.1|6.37|
HR 5257|14 00 00.10|-25 00 37.1|5.77|0.48
HR 5258|13 59 49.30|-03 32 58.9|6.40|0.49
HR 5259|14 01 19.1|-40 13 19.9|6.13|1.25
HR 526|01 49 15.70|47 53 48.8|5.82|0.29
HR 5260|14 01 43.39|-45 36 13.0|4.34|0.60
HR 5261|14 05 19.80|-76 47 48.1|5.50|1.55
HR 5262|14 01 20.40|08 53 40.9|5.99|0.09
HR 5263|14 01 10.49|27 23 12.1|6.23|0.17
HR 5264|14 01 38.81|01 32 39.8|4.26|0.10
HR 5265|14 02 22.80|-27 25 48.0|5.48|1.34
HR 5266|14 03 26.21|-56 12 49.0|5.92|1.22
HR 5267|14 03 49.39|-60 22 23.2|0.61|-0.23
HR 5268|14 03 01.70|-31 41 02.0|6.18|0.48
HR 5269|14 03 27.50|-41 25 23.9|6.11|-0.11
HR 527|01 48 25.99|03 41 08.2|5.91|0.97
HR 5270|14 02 31.80|09 41 11.0|6.20|0.90
HR 5271|14 02 12.19|45 45 13.0|6.27|1.32
HR 5272|14 03 53.11|-22 25 18.1|6.30|0.45
HR 5273|14 03 32.30|10 47 12.1|6.30|0.74
HR 5274|14 03 36.79|07 32 47.0|6.26|0.94
HR 5275|14 03 55.80|04 54 02.9|6.24|0.39
HR 5276|14 04 14.59|-05 22 53.0|6.39|1.32
HR 5277|14 04 27.0|-14 58 18.1|6.28|1.08
HR 5278|14 05 46.51|-54 40 09.8|6.17|0.23
HR 5279|14 08 27.10|-74 51 01.1|6.02|0.58
HR 528|01 47 47.81|-37 09 34.9|6.32|1.02
HR 5280|14 02 59.69|50 58 18.8|6.15|0.01
HR 5281|14 06 25.10|-59 42 56.2|6.42|0.12
HR 5282|14 01 50.59|68 40 43.0|6.34|1.40
HR 5283|14 04 37.49|02 17 51.0|6.28|1.02
HR 5284|14 05 13.99|-16 20 08.9|6.56|0.10
HR 5285|14 06 02.81|-41 10 46.9|4.36|-0.19
HR 5286|14 06 10.90|-43 05 30.8|6.20|0.98
HR 5287|14 06 22.30|-26 40 57.0|3.27|1.12
HR 5288|14 06 40.99|-36 22 12.0|2.06|1.01
HR 5289|14 08 14.30|-63 12 29.2|6.40|1.02
HR 529|01 50 57.10|51 55 59.9|5.90|0.43
HR 5290|14 06 42.79|-09 18 47.9|5.46|0.34
HR 5291|14 04 23.30|64 22 32.9|3.65|-0.05
HR 5292|14 08 56.30|-59 16 36.1|6.34|0.05
HR 5293|14 10 30.91|-70 18 20.2|6.05|1.74
HR 5294|14 08 51.89|-43 28 16.0|6.17|-0.06
HR 5295|14 11 01.90|-69 43 10.9|6.06|0.18
HR 5296|14 09 34.99|-51 30 16.9|6.00|-0.06
HR 5297|14 09 54.79|-53 26 21.1|4.75|0.94
HR 5298|14 09 00.60|-10 20 03.8|6.47|1.00
HR 5299|14 07 55.80|43 51 15.8|5.27|1.59
HR 53|00 15 10.61|27 16 59.2|6.35|-0.02
HR 530|01 50 08.50|22 16 31.1|5.86|0.74
HR 5300|14 08 17.30|49 27 29.2|5.25|1.65
HR 5301|14 10 50.50|-16 18 06.8|4.91|1.72
HR 5302|14 08 46.1|59 20 16.1|6.46|1.02
HR 5303|14 18 13.80|-81 00 28.1|4.91|0.25
HR 5304|14 10 23.90|25 05 30.1|4.83|0.54
HR 5305|14 06 56.40|74 35 37.0|6.45|0.14
HR 5306|14 16 54.89|-77 39 50.0|6.47|1.42
HR 5307|14 11 31.20|01 21 43.9|6.43|0.48
HR 5308|14 13 16.39|-53 39 56.9|5.56|1.44
HR 5309|14 12 24.50|-24 21 51.1|6.34|1.35
HR 531|01 49 35.9|-10 41 11.0|4.67|0.33
HR 5310|14 11 15.10|32 17 44.2|6.11|1.26
HR 5311|14 13 39.89|-54 37 32.9|6.11|0.05
HR 5312|14 12 46.1|-27 15 40.0|5.08|1.16
HR 5313|14 12 15.79|02 24 33.8|5.01|-0.12
HR 5314|14 13 13.20|-26 36 43.9|6.24|1.08
HR 5315|14 12 53.81|-10 16 25.0|4.19|1.33
HR 5316|14 14 57.0|-57 05 08.9|5.07|-0.08
HR 5317|14 13 40.80|-00 50 44.2|5.91|0.47
HR 5318|14 14 42.60|-41 50 15.0|5.61|0.93
HR 5319|14 15 21.19|-53 30 34.9|6.39|1.57
HR 532|01 49 19.49|-31 04 22.1|6.34|1.22
HR 5320|14 16 38.59|-66 35 16.1|5.75|-0.06
HR 5321|14 08 50.90|77 32 51.0|4.82|1.36
HR 5322|14 14 21.29|-05 56 51.0|6.36|0.60
HR 5323|14 14 05.21|12 57 33.8|5.54|0.54
HR 5324|14 15 01.30|-29 16 54.8|6.08|
HR 5325|14 15 38.81|-45 00 02.9|6.31|0.60
HR 5326|14 16 34.20|-59 54 50.0|6.39|2.04
HR 5327|14 24 23.30|-82 50 55.0|6.42|0.02
HR 5328|14 13 27.70|51 47 16.1|6.69|0.39
HR 5329|14 13 28.99|51 47 25.1|4.54|0.20
HR 533|01 51 59.30|55 08 51.0|5.52|-0.18
HR 5330|14 14 50.81|10 06 02.2|5.29|1.00
HR 5331|14 14 52.99|03 20 10.0|6.45|1.60
HR 5332|14 15 24.10|-18 12 02.9|5.43|-0.03
HR 5333|14 14 40.99|21 52 23.9|6.39|0.18
HR 5334|14 12 04.1|69 25 57.0|5.24|1.58
HR 5335|14 14 23.50|41 31 08.0|6.24|1.04
HR 5336|14 22 22.70|-80 06 32.0|5.06|-0.10
HR 5337|14 16 18.29|-33 14 29.0|6.55|0.30
HR 5338|14 16 00.91|-06 00 02.2|4.08|0.52
HR 5339|14 26 54.89|-83 40 04.1|4.32|1.31
HR 534|01 50 52.1|11 02 35.9|5.94|0.30
HR 5340|14 15 39.70|19 10 57.0|-0.04|1.23
HR 5341|14 16 21.50|-06 37 18.8|6.44|0.28
HR 5342|14 16 30.10|-03 11 47.0|6.15|-0.01
HR 5343|14 16 04.20|18 54 42.8|5.98|0.26
HR 5344|14 17 03.79|-18 35 07.1|6.22|0.98
HR 5345|14 15 16.90|52 32 08.9|6.58|0.10
HR 5346|14 16 32.81|20 07 17.0|6.25|0.49
HR 5347|14 16 24.19|39 44 40.9|6.38|0.36
HR 5348|14 18 23.81|-33 13 14.2|6.54|0.27
HR 5349|14 19 51.50|-61 16 23.2|5.23|0.29
HR 535|01 49 48.79|-38 24 14.0|6.37|0.52
HR 5350|14 16 09.89|51 22 01.9|4.75|0.20
HR 5351|14 16 22.99|46 05 17.9|4.18|0.08
HR 5352|14 17 28.39|15 15 47.9|5.80|1.71
HR 5353|14 18 00.60|-07 32 33.0|6.47|0.73
HR 5354|14 19 24.19|-46 03 28.1|3.55|-0.18
HR 5355|14 18 38.30|-18 42 58.0|5.90|0.00
HR 5356|14 19 00.79|-25 48 56.2|5.87|0.50
HR 5357|14 19 23.90|-37 00 13.0|5.94|0.08
HR 5358|14 20 19.51|-56 23 12.1|4.33|0.12
HR 5359|14 19 06.60|-13 22 16.0|4.52|0.13
HR 536|01 52 09.41|50 47 34.1|5.79|-0.07
HR 5360|14 17 21.10|51 18 25.9|6.20|0.04
HR 5361|14 17 59.81|35 30 33.8|4.81|1.06
HR 5362|14 20 09.70|-43 03 32.0|5.56|0.92
HR 5363|14 17 49.20|48 00 06.1|6.32|0.44
HR 5364|14 20 42.50|-45 11 13.9|4.77|0.31
HR 5365|14 19 16.30|13 00 15.1|5.41|0.38
HR 5366|14 19 32.50|-02 15 56.2|5.14|1.02
HR 5367|14 20 33.41|-37 53 07.1|4.05|-0.03
HR 5368|14 19 40.90|00 23 03.1|6.19|0.20
HR 5369|14 18 55.70|38 46 03.0|6.86|1.06
HR 537|01 50 20.21|-47 48 59.0|6.14|1.01
HR 5370|14 19 45.19|16 18 24.8|4.86|1.23
HR 5371|14 22 37.1|-58 27 33.8|4.92|0.86
HR 5372|14 18 55.80|54 51 51.1|6.53|
HR 5373|14 19 47.69|38 47 38.0|6.33|0.05
HR 5374|14 20 08.71|30 25 45.1|6.44|0.15
HR 5375|14 22 38.71|-48 19 13.1|6.09|-0.13
HR 5376|14 22 19.70|-34 47 12.8|5.56|-0.09
HR 5377|14 23 20.30|-50 46 19.9|6.02|1.36
HR 5378|14 23 02.21|-39 30 43.9|4.42|-0.18
HR 5379|14 25 06.29|-68 11 43.1|5.61|0.49
HR 538|01 52 50.81|51 28 28.9|6.26|
HR 5380|14 23 48.41|-53 10 36.1|6.00|1.10
HR 5381|14 23 05.81|-27 45 14.0|4.77|1.31
HR 5382|14 25 39.50|-66 10 23.9|6.36|0.13
HR 5383|14 23 25.61|-11 42 51.1|6.21|0.99
HR 5384|14 23 15.31|01 14 30.1|6.27|0.63
HR 5385|14 23 22.61|08 26 42.0|6.86|0.43
HR 5386|14 23 22.70|08 26 48.1|5.12|-0.02
HR 5387|14 23 06.79|25 20 17.2|6.22|0.37
HR 5388|14 24 00.91|08 14 37.0|5.95|0.06
HR 5389|14 29 36.79|-76 43 45.1|6.07|1.18
HR 539|01 51 27.60|-10 20 06.0|3.73|1.14
HR 5390|14 24 48.60|-24 48 23.0|5.32|0.96
HR 5391|14 27 07.10|-65 49 18.1|5.85|1.50
HR 5392|14 24 11.30|05 49 12.0|5.10|0.12
HR 5393|14 24 40.90|-11 40 10.9|6.49|0.42
HR 5394|14 24 18.29|08 05 06.0|6.19|1.20
HR 5395|14 26 08.21|-45 13 17.0|4.56|-0.15
HR 5396|14 26 10.80|-45 22 45.8|4.35|0.43
HR 5397|14 25 29.81|-19 58 10.9|6.61|0.14
HR 5398|14 26 13.39|-42 19 09.1|6.32|1.19
HR 5399|14 25 47.69|-26 51 09.0|6.48|0.94
HR 54|00 14 58.20|-34 54 15.8|6.17|1.34
HR 540|01 53 48.50|55 35 53.2|6.45|0.18
HR 5400|14 26 49.90|-39 52 26.0|6.35|-0.08
HR 5401|14 27 12.19|-46 08 03.8|5.83|0.31
HR 5402|14 25 29.21|38 23 35.2|6.27|1.23
HR 5403|14 28 43.49|-59 11 52.1|6.45|0.14
HR 5404|14 25 11.81|51 51 02.9|4.05|0.50
HR 5405|14 26 27.41|19 13 36.8|5.39|0.23
HR 5406|14 27 24.41|-06 07 13.1|6.17|0.09
HR 5407|14 28 10.39|-29 29 30.1|4.97|-0.07
HR 5408|14 31 16.51|-67 43 01.9|5.83|1.00
HR 5409|14 28 12.10|-02 13 41.2|4.81|0.70
HR 541|01 50 54.50|-50 12 22.0|5.94|0.14
HR 5410|14 28 41.71|-06 54 02.2|5.42|1.49
HR 5411|14 27 27.31|41 01 30.0|6.63|0.37
HR 5412|14 30 08.59|-45 19 18.1|5.50|-0.08
HR 5413|14 30 20.90|-49 31 09.1|5.37|0.05
HR 5414|14 28 31.51|28 17 21.1|7.62|-0.01
HR 5415|14 28 33.29|28 17 26.9|7.12|-0.03
HR 5416|14 28 16.39|36 11 48.8|6.10|
HR 5417|14 30 56.50|-40 50 42.0|6.39|1.44
HR 5418|14 29 50.50|00 49 44.0|5.94|0.16
HR 5419|14 31 10.80|-38 52 10.9|5.97|1.06
HR 542|01 54 23.69|63 40 12.0|3.38|-0.15
HR 5420|14 28 37.80|49 50 40.9|5.59|0.85
HR 5421|14 32 32.90|-56 53 16.1|6.93|0.91
HR 5422|14 29 49.70|31 47 28.0|6.06|-0.03
HR 5423|14 29 36.79|41 47 44.9|6.35|0.70
HR 5424|14 30 45.41|04 46 19.9|6.02|1.42
HR 5425|14 32 36.89|-50 27 24.8|4.42|-0.19
HR 5426|14 33 32.40|-54 59 53.9|5.87|0.48
HR 5427|14 33 29.90|-52 40 48.0|5.87|1.09
HR 5428|14 33 09.60|-30 42 51.1|6.09|1.03
HR 5429|14 31 49.80|30 22 17.0|3.58|1.30
HR 543|01 53 17.30|40 43 46.9|5.40|1.32
HR 5430|14 27 31.51|75 41 46.0|4.25|1.44
HR 5431|14 34 07.99|-42 05 58.9|6.60|0.06
HR 5432|14 35 17.21|-60 00 56.9|6.40|1.26
HR 5433|14 32 20.21|26 40 37.9|6.01|0.22
HR 5434|14 32 32.50|22 15 36.0|5.92|0.35
HR 5435|14 32 04.70|38 18 29.9|3.03|0.19
HR 5436|14 30 46.10|63 11 08.2|6.09|0.41
HR 5437|14 31 42.79|60 13 32.2|6.27|0.24
HR 5438|14 34 50.69|-20 26 21.1|6.50|0.14
HR 5439|14 35 31.51|-41 31 01.9|5.87|-0.08
HR 544|01 53 04.90|29 34 44.0|3.41|0.49
HR 5440|14 35 30.41|-42 09 28.1|2.31|-0.19
HR 5441|14 33 20.30|36 57 33.8|6.43|
HR 5442|14 32 30.91|55 23 52.1|5.76|1.50
HR 5443|14 37 46.30|-67 55 55.9|6.04|0.50
HR 5444|14 36 19.1|-46 14 43.1|5.55|1.48
HR 5445|14 34 11.71|32 32 03.8|6.33|0.40
HR 5446|14 36 24.19|-39 35 49.9|6.13|1.05
HR 5447|14 34 40.80|29 44 42.0|4.46|0.36
HR 5448|14 34 38.50|36 37 32.9|6.03|1.38
HR 5449|14 36 44.21|-40 12 42.1|5.74|-0.12
HR 545|01 53 31.80|19 17 44.9|4.83|
HR 5450|14 37 20.11|-46 08 02.0|5.41|1.01
HR 5451|14 34 15.91|57 03 55.1|6.48|0.49
HR 5452|14 34 39.60|49 22 05.9|5.74|1.56
HR 5453|14 37 53.21|-49 25 32.9|4.05|-0.15
HR 5454|14 36 06.89|23 15 01.1|6.38|1.06
HR 5455|14 36 59.81|-12 18 19.1|6.20|0.46
HR 5456|14 38 19.61|-38 47 39.1|6.02|1.43
HR 5457|14 39 10.99|-46 35 03.1|6.07|0.51
HR 5458|14 39 24.70|-49 03 20.2|6.39|0.44
HR 5459|14 39 35.90|-60 50 07.1|-0.01|0.71
HR 546|01 53 31.80|19 17 37.0|4.75|-0.04
HR 5460|14 39 36.10|-60 50 08.2|1.33|0.88
HR 5461|14 40 32.81|-56 26 26.9|6.30|1.18
HR 5462|14 38 13.99|18 17 53.9|5.91|1.10
HR 5463|14 42 30.41|-64 58 31.1|3.19|0.24
HR 5464|14 38 12.50|43 38 30.8|5.70|1.48
HR 5465|14 41 55.70|-58 36 58.0|6.22|0.45
HR 5466|14 41 01.39|-36 08 06.0|5.67|-0.08
HR 5467|14 38 15.19|54 01 23.9|5.85|-0.01
HR 5468|14 38 50.21|44 24 15.8|5.39|0.00
HR 5469|14 41 55.80|-47 23 17.9|2.30|-0.20
HR 547|01 52 52.10|-16 55 45.1|5.80|0.27
HR 5470|14 47 51.60|-79 02 40.9|3.83|1.43
HR 5471|14 41 57.60|-37 47 37.0|4.00|-0.17
HR 5472|14 40 21.89|21 58 32.2|6.10|0.40
HR 5473|14 40 42.41|13 32 03.1|5.91|0.21
HR 5474|14 41 51.10|-30 55 59.9|6.37|-0.09
HR 5475|14 40 43.61|16 25 05.9|4.94|-0.03
HR 5476|14 40 43.90|16 25 04.1|5.88|0.24
HR 5477|14 41 08.90|13 43 41.9|4.83|
HR 5478|14 41 08.90|13 43 41.9|4.43|0.05
HR 5479|14 33 38.30|79 39 37.1|6.26|1.30
HR 548|01 56 00.0|68 41 07.1|4.99|-0.10
HR 5480|14 41 38.81|08 09 42.1|4.86|1.00
HR 5481|14 41 43.49|11 39 38.2|5.56|0.94
HR 5482|14 45 17.30|-62 52 32.9|5.36|0.29
HR 5483|14 41 54.19|21 07 25.0|6.38|
HR 5484|14 43 13.61|-24 59 51.0|5.73|-0.01
HR 5485|14 43 39.41|-35 10 25.0|4.05|1.35
HR 5486|14 44 55.49|-58 28 40.1|6.11|1.02
HR 5487|14 43 03.60|-05 39 29.9|3.88|0.38
HR 5488|14 45 10.90|-55 36 06.8|6.10|-0.06
HR 5489|14 44 59.21|-35 11 30.8|4.92|0.01
HR 549|01 53 33.31|03 11 15.0|4.62|0.94
HR 5490|14 43 25.39|26 31 40.1|4.81|1.66
HR 5491|15 28 19.10|-88 07 59.2|6.48|0.30
HR 5492|14 42 03.19|61 15 42.8|6.25|0.41
HR 5493|14 43 44.40|40 27 33.1|5.73|1.39
HR 5494|14 46 29.9|-47 26 28.0|5.74|0.07
HR 5495|14 47 01.30|-52 23 01.0|5.21|0.98
HR 5496|14 45 11.71|-01 25 04.1|6.07|1.61
HR 5497|14 46 00.10|-25 26 35.2|4.94|0.35
HR 5498|14 47 12.31|-52 12 20.2|6.07|0.09
HR 5499|14 46 06.79|-23 09 11.2|5.81|0.98
HR 55|00 16 13.99|76 57 02.9|6.35|-0.07
HR 550|01 47 46.51|-80 10 36.1|6.06|0.34
HR 5500|14 48 44.40|-66 35 38.0|5.91|-0.07
HR 5501|14 45 30.19|00 43 01.9|5.69|-0.03
HR 5502|14 45 14.50|16 57 51.8|4.60|0.98
HR 5503|14 45 57.79|-15 27 34.9|6.33|1.19
HR 5504|14 46 10.90|-21 10 34.0|6.40|0.58
HR 5505|14 44 59.21|27 04 30.0|5.12|
HR 5506|14 44 59.21|27 04 27.1|2.70|0.97
HR 5507|14 45 20.69|18 53 04.9|6.13|0.83
HR 5508|14 47 05.11|-38 17 26.9|5.94|1.33
HR 5509|14 47 32.9|-43 33 27.0|6.30|1.08
HR 551|01 54 53.81|40 42 06.8|6.24|1.25
HR 5510|14 45 13.70|32 47 17.9|6.28|1.58
HR 5511|14 46 14.90|01 53 34.1|3.72|-0.01
HR 5512|14 46 06.0|15 07 54.8|5.63|1.57
HR 5513|14 47 13.70|-21 19 28.9|6.06|1.65
HR 5514|14 47 22.51|-25 37 27.8|5.63|
HR 5515|14 49 06.89|-56 40 04.1|6.23|1.13
HR 5516|14 47 44.81|-26 05 15.0|5.24|0.94
HR 5517|14 47 57.50|-26 38 47.0|5.77|-0.02
HR 5518|14 47 54.89|-12 50 22.9|6.35|1.10
HR 5519|14 48 38.11|-36 38 04.9|6.04|1.54
HR 552|01 54 57.50|37 07 41.9|6.26|1.17
HR 5520|14 53 13.70|-73 11 24.0|5.60|0.82
HR 5521|14 49 18.70|-24 15 06.1|5.68|1.30
HR 5522|14 48 54.10|-00 50 52.1|6.14|-0.04
HR 5523|14 49 19.10|-14 08 56.0|5.31|0.07
HR 5524|14 48 23.30|24 22 00.1|6.14|0.48
HR 5525|15 01 50.81|-83 13 40.1|5.65|0.95
HR 5526|14 50 17.30|-27 57 37.1|4.41|1.40
HR 5527|14 52 34.99|-63 48 36.0|5.87|0.72
HR 5528|14 51 38.40|-43 34 32.2|4.32|-0.15
HR 5529|14 49 06.70|37 48 40.0|6.16|0.36
HR 553|01 54 38.40|20 48 29.2|2.64|0.13
HR 5530|14 50 41.21|-15 59 49.9|5.15|0.41
HR 5531|14 50 52.70|-16 02 30.1|2.75|0.15
HR 5532|14 49 58.39|28 36 56.9|5.80|0.05
HR 5533|14 49 18.70|46 06 58.0|5.74|0.48
HR 5534|14 50 15.79|23 54 42.8|5.85|0.56
HR 5535|14 51 01.1|-02 17 57.1|4.94|0.98
HR 5536|14 51 00.10|-00 15 25.9|6.18|1.40
HR 5537|14 49 32.30|51 22 28.9|6.51|0.40
HR 5538|14 49 41.30|48 43 14.2|5.69|0.47
HR 5539|14 54 42.41|-65 59 29.0|6.09|-0.06
HR 554|01 53 23.21|-38 35 40.9|6.10|1.12
HR 5540|14 57 52.90|-76 39 46.1|5.34|1.45
HR 5541|14 50 29.59|37 16 18.8|5.48|1.02
HR 5542|14 52 33.10|-30 34 36.8|6.29|0.60
HR 5543|14 52 51.10|-37 48 11.9|5.03|-0.16
HR 5544|14 51 23.30|19 06 04.0|4.55|0.76
HR 5545|15 04 46.70|-83 02 17.9|5.65|1.30
HR 5546|14 55 34.61|-60 06 51.1|5.20|1.16
HR 5547|15 00 11.81|-77 09 37.1|5.93|1.05
HR 5548|14 54 20.11|-24 38 31.9|5.30|1.32
HR 5549|14 54 37.99|-33 18 02.2|5.82|1.42
HR 555|01 53 38.81|-46 18 09.0|4.41|1.59
HR 5550|14 53 23.30|15 42 15.8|6.40|0.57
HR 5551|14 56 43.99|-62 46 50.9|5.11|0.00
HR 5552|14 51 26.40|59 17 38.0|5.46|1.36
HR 5553|14 53 23.71|19 09 10.1|6.01|0.83
HR 5554|14 54 22.90|-11 53 53.9|5.80|0.97
HR 5555|14 59 55.99|-75 01 57.0|6.20|-0.04
HR 5556|14 56 17.30|-52 48 34.9|5.38|0.13
HR 5557|15 11 08.30|-84 47 15.0|5.91|-0.06
HR 5558|14 55 44.69|-33 51 20.9|5.32|0.04
HR 5559|14 56 31.99|-47 52 45.1|5.64|-0.04
HR 556|01 55 54.41|37 16 40.1|5.89|1.63
HR 5560|14 57 01.39|-51 26 48.8|6.64|1.70
HR 5561|14 56 35.81|-39 24 58.0|6.36|0.06
HR 5562|14 56 30.91|-32 38 12.1|6.06|1.41
HR 5563|14 50 42.31|74 09 20.2|2.08|1.47
HR 5564|14 56 46.10|-11 24 34.9|5.46|1.49
HR 5565|14 57 13.61|-29 09 28.1|6.29|-0.04
HR 5566|14 58 08.81|-48 51 47.2|6.35|0.71
HR 5567|14 56 13.20|14 26 47.0|5.77|-0.06
HR 5568|14 57 28.1|-21 24 56.2|5.74|1.11
HR 5569|14 55 58.70|32 18 01.1|6.12|0.10
HR 557|01 56 09.29|37 15 06.1|5.67|1.06
HR 5570|14 57 10.99|-04 20 47.0|4.49|0.32
HR 5571|14 58 31.90|-43 08 02.0|2.68|-0.22
HR 5572|14 58 36.79|-39 54 24.1|6.15|1.23
HR 5573|14 57 33.29|-00 10 03.0|5.53|1.13
HR 5574|14 57 03.60|21 33 19.1|6.49|-0.01
HR 5575|14 57 11.71|16 23 17.9|5.71|0.94
HR 5576|14 59 09.70|-42 06 15.1|3.13|-0.20
HR 5577|14 58 39.19|-27 39 25.9|5.65|0.24
HR 5578|14 58 13.39|-11 09 18.0|6.60|0.01
HR 5579|14 59 13.90|-37 52 53.0|6.47|-0.08
HR 558|01 54 22.1|-42 29 48.8|5.11|-0.06
HR 5580|14 59 27.10|-43 09 36.0|6.10|0.60
HR 5581|14 56 22.99|49 37 43.0|5.63|0.50
HR 5582|14 58 53.59|-11 08 39.1|5.87|1.26
HR 5583|14 58 52.80|-04 59 21.1|6.09|0.50
HR 5584|14 59 23.11|04 34 04.1|5.93|1.60
HR 5585|15 01 13.1|-38 03 29.9|5.89|1.24
HR 5586|15 00 58.39|-08 31 08.0|4.92|0.00
HR 5587|15 01 58.10|-34 21 32.0|6.22|0.24
HR 5588|14 59 36.89|39 15 55.1|5.64|0.31
HR 5589|14 57 34.99|65 55 57.0|4.60|1.59
HR 559|01 55 51.0|23 34 37.9|5.74|1.19
HR 5590|15 01 19.80|-02 45 18.0|5.52|1.68
HR 5591|15 02 06.41|-28 03 38.2|5.85|0.16
HR 5592|15 00 52.39|22 02 44.2|6.38|
HR 5593|15 04 48.19|-64 01 54.1|5.17|0.93
HR 5594|15 01 48.91|-00 08 26.2|5.71|1.52
HR 5595|15 02 59.30|-32 38 35.9|5.44|-0.12
HR 5596|14 50 20.40|82 30 42.8|5.64|0.68
HR 5597|15 00 38.71|47 16 40.1|6.37|-0.14
HR 5598|15 07 08.71|-71 54 19.1|6.52|1.59
HR 5599|15 02 44.90|-03 01 53.0|6.61|0.20
HR 56|00 16 21.60|43 35 40.9|6.15|0.05
HR 560|01 55 53.81|01 50 58.9|6.01|0.56
HR 5600|15 02 06.50|25 00 29.2|4.81|1.50
HR 5601|15 02 54.0|02 05 29.0|4.40|1.04
HR 5602|15 01 56.81|40 23 26.2|3.50|0.97
HR 5603|15 04 04.20|-25 16 54.8|3.29|1.70
HR 5604|15 04 42.91|-40 51 41.0|6.41|1.46
HR 5605|15 05 07.20|-47 03 04.0|4.72|-0.14
HR 5606|15 05 07.20|-47 03 04.0|4.82|
HR 5607|15 05 19.10|-41 04 01.9|5.15|1.01
HR 5608|15 01 27.10|60 12 15.8|5.93|0.09
HR 5609|15 03 06.10|35 12 20.9|5.51|1.02
HR 561|01 58 33.31|61 41 53.2|6.02|-0.04
HR 5610|15 04 06.41|05 29 33.0|6.50|0.31
HR 5611|15 07 56.81|-65 16 32.2|6.17|1.47
HR 5612|15 03 06.60|44 38 39.8|6.65|0.46
HR 5613|15 03 36.50|34 33 58.0|6.59|1.02
HR 5614|15 05 47.69|-25 47 22.9|6.67|-0.01
HR 5615|15 06 13.90|-36 15 51.1|6.27|1.65
HR 5616|15 04 26.71|26 56 51.0|4.54|1.24
HR 5617|15 07 25.90|-49 05 17.9|5.77|0.92
HR 5618|15 03 47.40|47 39 15.8|4.76|0.65
HR 5619|15 06 33.29|-30 55 08.0|5.96|-0.08
HR 562|01 57 56.40|41 41 39.8|6.78|-0.06
HR 5620|15 06 27.10|-22 01 54.8|6.17|1.05
HR 5621|15 09 29.90|-67 05 03.1|5.76|0.69
HR 5622|15 06 37.61|-16 15 24.8|5.20|1.58
HR 5623|15 09 25.49|-63 38 34.1|6.28|0.06
HR 5624|15 08 12.10|-40 35 02.0|5.79|-0.14
HR 5625|15 08 39.10|-42 52 04.1|5.85|-0.11
HR 5626|15 08 50.59|-45 16 46.9|4.05|-0.18
HR 5627|15 05 25.80|48 09 04.0|5.57|0.00
HR 5628|15 12 33.79|-72 46 13.1|6.01|0.00
HR 5629|15 03 57.79|65 55 10.9|6.13|
HR 563|01 57 21.10|17 49 03.0|5.10|0.92
HR 5630|15 06 35.11|36 27 20.2|6.35|0.52
HR 5631|15 07 40.30|05 29 53.2|6.16|0.94
HR 5632|15 10 44.59|-61 25 21.0|6.30|0.63
HR 5633|15 07 20.40|18 26 30.1|6.02|0.06
HR 5634|15 07 18.10|24 52 09.1|4.93|0.43
HR 5635|15 06 16.70|54 33 23.0|5.25|0.96
HR 5636|15 10 07.49|-38 47 33.0|5.98|
HR 5637|15 11 16.1|-55 20 46.0|5.54|1.14
HR 5638|15 08 23.81|26 18 04.0|5.67|1.24
HR 5639|15 08 53.40|13 14 06.0|6.10|0.96
HR 564|01 57 43.80|27 48 15.8|5.82|1.60
HR 5640|15 08 35.50|25 06 31.0|5.81|1.24
HR 5641|15 10 18.60|-26 19 58.1|5.76|1.05
HR 5642|15 11 34.90|-45 16 39.0|6.44|1.04
HR 5643|15 11 31.90|-45 16 45.8|7.39|1.08
HR 5644|15 14 19.10|-70 04 45.8|5.81|3.38
HR 5645|15 13 01.1|-61 44 38.0|6.32|1.90
HR 5646|15 11 56.9|-48 44 16.1|3.87|-0.05
HR 5647|15 11 57.60|-48 44 37.0|5.69|0.14
HR 5648|15 08 19.51|50 03 18.0|6.39|1.03
HR 5649|15 12 17.9|-52 05 57.1|3.41|0.92
HR 565|01 56 40.20|-22 31 36.8|4.85|1.42
HR 5650|15 12 31.30|-48 13 07.0|6.33|1.12
HR 5651|15 12 49.51|-44 30 02.2|4.82|-0.17
HR 5652|15 12 13.30|-19 47 30.1|4.54|-0.08
HR 5653|15 13 07.39|-36 05 29.0|6.10|-0.08
HR 5654|15 12 04.30|18 58 32.9|5.89|1.53
HR 5655|15 13 17.50|-24 00 29.9|6.47|-0.04
HR 5656|15 13 19.20|-19 38 51.0|6.08|0.12
HR 5657|15 13 28.70|-25 18 33.1|6.45|0.70
HR 5658|15 13 53.30|-26 11 37.0|5.84|1.14
HR 5659|15 12 43.49|19 17 08.9|6.68|0.68
HR 566|01 55 57.50|-51 36 32.0|3.70|0.85
HR 5660|15 14 37.30|-31 31 09.1|4.91|0.37
HR 5661|15 16 36.41|-60 54 14.0|5.73|-0.08
HR 5662|15 14 33.70|-17 46 07.0|6.17|-0.05
HR 5663|15 15 53.81|-48 04 27.1|5.95|0.21
HR 5664|15 16 56.71|-60 57 27.0|5.09|-0.06
HR 5665|15 13 31.90|22 58 59.9|6.30|0.06
HR 5666|15 17 38.90|-63 36 38.2|4.86|1.25
HR 5667|15 16 04.1|-41 29 28.0|5.16|0.58
HR 5668|15 16 10.49|-43 29 04.9|6.04|-0.14
HR 5669|15 14 50.69|-05 30 10.1|6.28|1.47
HR 567|01 59 37.99|64 37 17.0|5.26|0.01
HR 5670|15 17 30.79|-58 48 04.0|4.07|0.09
HR 5671|15 18 54.60|-68 40 45.8|2.89|0.00
HR 5672|15 10 44.9|67 46 53.0|6.17|
HR 5673|15 13 35.59|38 15 52.9|6.20|1.20
HR 5674|15 14 06.10|31 47 17.2|5.99|1.52
HR 5675|15 15 11.40|04 56 21.8|5.33|1.09
HR 5676|15 14 29.21|29 09 51.1|5.26|0.03
HR 5677|15 14 10.30|42 10 17.0|6.13|1.66
HR 5678|15 16 22.99|-22 23 57.8|5.50|1.38
HR 5679|15 15 49.10|00 22 19.9|5.63|0.18
HR 568|01 58 33.60|49 12 15.1|5.69|1.01
HR 5680|15 18 48.91|-60 29 47.0|5.46|-0.10
HR 5681|15 15 30.19|33 18 52.9|3.47|0.95
HR 5682|15 18 09.41|-41 03 38.9|6.28|0.18
HR 5683|15 18 31.99|-47 52 30.0|4.27|-0.08
HR 5684|15 20 40.70|-67 28 53.0|6.28|-0.09
HR 5685|15 17 00.41|-09 22 59.2|2.61|-0.11
HR 5686|15 17 49.90|-30 08 56.0|4.34|1.10
HR 5687|15 18 56.40|-40 47 17.9|5.59|-0.10
HR 5688|15 18 41.30|-31 12 33.8|6.18|1.23
HR 5689|15 19 31.61|-37 05 48.1|6.20|0.96
HR 569|01 57 55.70|23 35 46.0|4.79|0.28
HR 5690|15 18 26.21|-00 27 41.0|5.89|1.51
HR 5691|15 14 38.30|67 20 48.1|5.13|0.53
HR 5692|15 18 24.50|20 34 22.1|5.70|0.97
HR 5693|15 14 51.89|68 56 43.1|6.51|
HR 5694|15 19 18.79|01 45 55.1|5.06|0.54
HR 5695|15 21 22.30|-40 38 51.0|3.22|-0.22
HR 5696|15 21 35.30|-40 44 58.9|6.20|0.07
HR 5697|15 21 30.10|-38 13 09.1|6.48|-0.06
HR 5698|15 22 08.30|-47 55 40.1|5.00|0.50
HR 5699|15 21 48.19|-48 19 04.1|5.65|0.65
HR 57|00 16 08.90|-31 26 47.0|5.67|1.35
HR 570|01 54 56.9|-67 38 49.9|4.69|0.95
HR 5700|15 23 10.39|-60 39 24.8|5.67|0.48
HR 5701|15 20 53.71|-18 09 31.0|6.17|1.02
HR 5702|15 19 30.19|32 30 55.1|6.32|0.24
HR 5703|15 21 01.39|-15 32 53.9|6.30|0.41
HR 5704|15 23 22.70|-59 19 14.9|4.51|0.19
HR 5705|15 21 48.41|-36 15 41.0|3.56|1.54
HR 5706|15 20 47.9|-02 24 47.9|6.35|1.06
HR 5707|15 21 07.61|-05 49 28.9|5.54|1.04
HR 5708|15 22 40.90|-44 41 21.8|3.37|-0.18
HR 5709|15 20 08.50|29 36 58.0|5.51|1.02
HR 571|01 55 46.39|-60 51 41.0|6.06|0.37
HR 5710|15 21 01.99|00 42 55.1|5.35|1.19
HR 5711|15 21 06.89|24 57 28.1|6.39|1.23
HR 5712|15 23 09.41|-36 51 31.0|4.54|-0.15
HR 5713|15 26 14.69|-68 18 33.1|5.89|1.02
HR 5714|15 17 05.90|71 49 26.0|5.02|1.37
HR 5715|15 20 05.21|51 57 31.0|5.66|0.11
HR 5716|15 20 41.59|44 26 03.1|6.19|0.39
HR 5717|15 22 23.21|12 34 03.0|6.28|-0.02
HR 5718|15 21 48.60|32 56 02.0|5.37|-0.07
HR 5719|15 24 44.90|-39 42 37.1|5.37|-0.11
HR 572|02 02 57.19|77 54 59.0|6.04|1.14
HR 5720|15 23 52.20|-12 22 09.8|5.72|1.04
HR 5721|15 23 43.70|-01 01 21.0|6.12|0.25
HR 5722|15 25 06.60|-38 10 09.8|7.03|0.09
HR 5723|15 24 11.90|-10 19 19.9|4.94|0.44
HR 5724|15 25 20.21|-38 44 01.0|4.60|0.00
HR 5725|15 27 33.10|-64 31 53.0|5.71|1.64
HR 5726|15 22 37.39|39 34 53.0|5.50|1.59
HR 5727|15 23 12.31|30 17 16.1|5.58|0.58
HR 5728|15 23 12.31|30 17 16.1|6.08|
HR 5729|15 43 16.80|-84 27 55.1|5.57|0.11
HR 573|01 57 00.10|-51 45 58.0|6.10|0.48
HR 5730|15 31 30.79|-73 23 21.8|5.49|-0.12
HR 5731|15 22 37.30|62 02 49.9|5.98|-0.03
HR 5732|15 24 05.11|45 16 16.0|6.01|1.20
HR 5733|15 24 29.40|37 22 37.9|4.31|0.31
HR 5734|15 24 30.91|37 20 52.1|6.50|0.59
HR 5735|15 20 43.70|71 50 02.0|3.05|0.05
HR 5736|15 27 18.19|-36 46 04.1|5.45|-0.15
HR 5737|15 22 38.40|63 20 29.0|5.79|1.27
HR 5738|15 28 27.19|-51 35 51.0|6.10|1.09
HR 5739|15 25 47.40|15 25 41.2|5.17|1.66
HR 574|01 57 10.1|-47 23 06.0|4.83|0.88
HR 5740|15 25 53.30|19 28 50.9|6.27|0.60
HR 5741|15 26 17.40|34 20 08.9|5.46|1.40
HR 5742|15 29 24.31|-46 43 58.1|5.24|1.74
HR 5743|15 28 15.41|-16 42 59.0|5.64|1.55
HR 5744|15 24 55.80|58 57 58.0|3.29|1.16
HR 5745|15 27 38.90|25 06 06.1|6.02|1.62
HR 5746|15 28 38.21|01 50 31.9|5.17|0.23
HR 5747|15 27 49.70|29 06 20.9|3.68|0.28
HR 5748|15 26 32.50|54 01 12.0|6.45|0.05
HR 5749|15 30 36.29|-20 43 41.9|6.22|0.17
HR 575|02 01 57.41|70 54 24.8|4.54|0.16
HR 5750|15 30 40.39|-16 36 33.8|5.82|1.06
HR 5751|15 32 04.39|-38 37 23.2|6.25|0.20
HR 5752|15 28 44.50|47 12 05.0|6.15|0.10
HR 5753|15 31 50.30|-32 52 52.0|6.46|0.09
HR 5754|15 27 40.80|62 16 32.2|6.50|0.14
HR 5755|15 27 51.41|60 40 13.1|5.90|1.44
HR 5756|15 31 43.39|-20 09 52.9|6.22|0.22
HR 5757|15 39 18.29|-77 55 05.2|6.18|1.20
HR 5758|15 30 55.39|08 34 45.1|6.57|0.37
HR 5759|15 28 56.81|55 11 42.0|6.43|0.08
HR 576|01 58 26.69|-33 04 00.1|6.35|1.02
HR 5760|15 30 22.70|31 17 10.0|6.46|0.19
HR 5761|15 30 27.91|36 48 15.1|6.37|
HR 5762|15 32 36.70|-19 40 14.2|5.52|0.18
HR 5763|15 30 55.80|40 49 59.2|5.02|1.59
HR 5764|15 32 55.20|-16 51 10.1|5.50|-0.14
HR 5765|15 33 09.10|-24 29 21.8|7.00|0.27
HR 5766|15 36 17.40|-65 36 47.9|6.51|0.35
HR 5767|15 34 01.61|-40 03 58.0|5.82|1.68
HR 5768|15 29 21.19|62 05 58.9|6.38|
HR 5769|15 31 22.39|36 36 59.0|6.38|0.50
HR 577|01 59 35.71|21 03 29.9|5.87|1.03
HR 5770|15 32 09.70|16 03 22.0|6.22|-0.05
HR 5771|15 36 43.20|-66 19 00.8|4.11|1.17
HR 5772|15 32 57.91|-01 11 11.0|5.51|1.09
HR 5773|15 34 20.90|-39 20 57.8|6.36|-0.03
HR 5774|15 31 46.99|40 53 57.8|5.02|0.07
HR 5775|15 34 37.30|-28 02 48.8|5.15|1.30
HR 5776|15 35 08.50|-41 10 00.8|2.78|-0.20
HR 5777|15 34 10.70|-10 03 51.8|4.62|1.01
HR 5778|15 32 55.80|31 21 33.1|4.14|-0.13
HR 5779|15 34 20.81|-05 41 42.0|6.51|0.58
HR 578|01 59 25.90|12 17 40.9|6.09|0.19
HR 5780|15 34 26.59|-09 10 59.9|5.17|-0.09
HR 5781|15 35 53.21|-44 57 31.0|4.54|-0.18
HR 5782|15 40 21.19|-73 26 48.1|5.65|-0.04
HR 5783|15 33 52.80|17 08 16.1|6.45|
HR 5784|15 36 12.10|-44 23 48.8|5.43|1.50
HR 5785|15 30 55.70|64 12 31.0|5.79|0.96
HR 5786|15 41 54.60|-76 04 54.8|5.95|-0.04
HR 5787|15 35 31.61|-14 47 21.8|3.91|1.01
HR 5788|15 34 48.10|10 32 15.0|3.80|0.26
HR 5789|15 34 48.10|10 32 21.1|3.80|0.26
HR 579|02 03 10.51|73 51 02.2|6.23|
HR 5790|15 36 11.40|-33 05 34.1|6.24|
HR 5791|15 35 04.61|01 40 08.0|6.56|0.28
HR 5792|15 40 11.50|-70 13 40.1|6.44|0.08
HR 5793|15 34 41.30|26 42 52.9|2.23|-0.02
HR 5794|15 37 01.51|-28 08 06.0|3.58|1.38
HR 5795|15 35 33.19|17 39 20.2|6.12|0.94
HR 5796|15 35 53.40|11 15 56.2|6.07|1.09
HR 5797|15 38 03.19|-42 34 03.0|4.33|1.42
HR 5798|15 38 49.51|-52 22 22.1|5.44|0.00
HR 5799|15 36 33.70|-00 33 42.1|6.51|0.72
HR 58|00 15 55.20|-75 54 41.0|6.49|1.00
HR 580|02 03 26.9|72 25 17.0|3.98|-0.01
HR 5800|15 35 15.0|39 00 36.0|5.11|1.64
HR 5801|15 37 28.49|-26 16 48.0|6.19|0.01
HR 5802|15 36 29.59|10 00 36.0|5.26|0.95
HR 5803|15 39 56.50|-59 54 29.9|5.95|0.48
HR 5804|15 36 29.30|16 07 08.0|5.93|0.29
HR 5805|15 38 32.69|-39 09 38.9|6.57|-0.07
HR 5806|15 37 48.10|-23 08 30.1|5.78|1.10
HR 5807|15 38 42.31|-39 07 41.2|6.04|0.21
HR 5808|15 35 49.30|38 22 26.0|6.42|
HR 5809|15 38 15.70|-28 12 24.1|6.32|1.17
HR 581|02 05 07.39|77 16 53.0|5.38|0.31
HR 5810|15 38 16.30|-21 00 58.0|5.84|1.08
HR 5811|15 35 16.30|53 55 18.8|5.97|1.18
HR 5812|15 38 39.41|-29 46 40.1|3.66|-0.17
HR 5813|15 36 53.40|29 59 28.0|6.52|
HR 5814|15 38 54.50|-19 18 06.8|5.38|0.86
HR 5815|15 38 40.1|-08 47 39.8|6.50|0.53
HR 5816|15 38 40.10|-08 47 28.0|6.48|0.52
HR 5817|15 36 04.10|52 04 10.9|6.74|0.32
HR 5818|15 35 57.10|54 37 50.2|5.74|
HR 5819|15 39 21.29|-23 09 01.1|6.34|0.02
HR 582|02 00 09.19|03 05 49.9|5.88|0.62
HR 5820|15 39 46.1|-34 24 42.8|4.67|0.99
HR 5821|15 40 58.30|-47 44 08.2|6.23|1.63
HR 5822|15 40 15.41|-31 12 49.0|6.34|1.43
HR 5823|15 37 49.61|40 21 11.9|5.24|0.88
HR 5824|15 40 16.90|-23 49 05.2|4.96|1.33
HR 5825|15 41 11.30|-44 39 40.0|4.64|0.40
HR 5826|15 31 24.89|77 20 57.8|4.96|1.58
HR 5827|15 38 48.91|34 40 30.0|6.11|1.02
HR 5828|15 37 31.99|54 30 32.0|5.87|1.07
HR 5829|15 29 10.99|80 26 55.0|6.58|0.67
HR 583|01 59 46.10|-20 49 27.8|5.41|1.65
HR 5830|15 38 16.20|46 47 52.1|5.75|0.36
HR 5831|15 40 10.39|12 03 11.2|6.25|0.94
HR 5832|15 42 37.20|-49 29 21.8|6.04|1.31
HR 5833|15 39 22.20|36 38 12.1|6.00|
HR 5834|15 39 22.70|36 38 08.9|5.07|-0.12
HR 5835|15 38 34.30|50 25 23.9|5.84|0.83
HR 5836|15 43 55.10|-60 17 13.9|6.48|1.05
HR 5837|15 42 38.30|-37 25 30.0|5.24|0.98
HR 5838|15 41 56.81|-19 40 44.0|4.74|1.57
HR 5839|15 42 40.99|-34 42 38.2|4.75|-0.14
HR 584|01 57 53.59|-65 25 28.9|6.37|0.90
HR 5840|15 40 59.21|16 01 28.9|6.01|0.90
HR 5841|15 39 09.50|57 55 27.8|6.45|1.09
HR 5842|15 41 33.10|19 40 13.1|4.52|0.04
HR 5843|15 41 47.40|12 50 51.0|5.33|0.04
HR 5844|15 37 39.10|69 16 59.9|5.62|1.35
HR 5845|15 41 54.70|18 27 50.0|5.81|0.20
HR 5846|15 44 22.61|-41 49 09.8|5.94|0.00
HR 5847|15 43 24.89|-15 02 35.9|6.31|1.16
HR 5848|15 44 04.39|-15 40 22.1|5.41|0.23
HR 5849|15 42 44.59|26 17 44.2|3.84|0.00
HR 585|02 00 00.29|-21 04 40.1|4.00|1.57
HR 5850|15 43 10.61|13 40 04.1|6.48|0.86
HR 5851|15 47 53.59|-65 26 33.0|6.18|0.22
HR 5852|15 47 53.71|-65 26 33.0|6.39|0.24
HR 5853|15 44 01.80|02 30 54.0|5.88|0.68
HR 5854|15 44 16.10|06 25 32.2|2.65|1.17
HR 5855|15 43 59.30|32 30 56.9|5.56|1.06
HR 5856|15 46 12.79|-28 03 42.1|6.51|0.32
HR 5857|15 42 50.69|52 21 38.9|5.51|-0.07
HR 5858|15 44 42.10|17 15 51.1|6.14|0.00
HR 5859|15 45 23.50|05 26 48.8|5.58|0.04
HR 586|02 02 52.70|64 54 05.0|6.00|0.03
HR 5860|15 46 44.21|-34 40 57.0|5.61|-0.11
HR 5861|15 45 39.70|00 53 29.0|6.33|1.19
HR 5862|15 47 25.39|-40 11 39.1|6.42|0.88
HR 5863|15 46 05.59|-01 48 15.8|5.40|-0.03
HR 5864|15 47 28.99|-37 54 59.0|6.01|0.72
HR 5865|15 48 50.30|-52 26 17.2|6.07|1.38
HR 5866|15 46 45.41|-06 07 13.1|6.24|1.17
HR 5867|15 46 11.30|15 25 18.8|3.67|0.06
HR 5868|15 46 26.59|07 21 11.2|4.43|0.60
HR 5869|15 50 06.89|-53 12 33.8|5.77|-0.08
HR 587|02 00 26.90|-08 31 25.0|5.51|1.52
HR 5870|15 47 17.30|14 06 55.1|5.71|0.09
HR 5871|15 49 57.50|-48 54 42.8|5.84|0.07
HR 5872|15 50 16.30|-45 24 06.1|6.12|0.29
HR 5873|15 51 06.79|-55 03 20.9|5.73|0.06
HR 5874|15 48 13.30|13 47 19.0|6.00|1.25
HR 5875|15 48 56.81|-03 49 07.0|5.53|0.12
HR 5876|15 52 56.71|-65 09 09.0|6.54|0.19
HR 5877|15 48 01.99|31 44 08.9|6.44|
HR 5878|15 46 34.80|55 28 28.9|5.92|1.39
HR 5879|15 48 44.40|18 08 30.1|4.09|1.62
HR 588|01 59 38.81|-42 01 50.2|5.57|1.06
HR 5880|15 48 34.39|28 09 24.1|5.85|0.77
HR 5881|15 49 37.20|-03 25 49.1|3.53|-0.04
HR 5882|15 51 31.51|-47 03 38.2|6.01|1.16
HR 5883|15 50 57.50|-33 37 37.9|3.95|-0.04
HR 5884|15 53 22.80|-62 36 24.8|6.19|1.47
HR 5885|15 50 58.70|-25 45 05.0|4.64|-0.05
HR 5886|15 46 40.1|62 35 57.8|5.19|0.04
HR 5887|15 47 37.99|55 22 36.1|5.86|0.25
HR 5888|15 50 17.50|02 11 47.0|5.23|1.02
HR 5889|15 49 35.69|26 04 05.9|4.63|0.80
HR 589|02 03 00.29|64 23 24.0|5.58|0.38
HR 5890|15 52 51.50|-50 36 55.1|6.60|1.53
HR 5891|15 55 29.59|-68 36 11.2|5.09|1.13
HR 5892|15 50 49.1|04 28 40.1|3.71|0.15
HR 5893|15 52 12.79|-29 53 12.1|6.40|0.98
HR 5894|15 50 41.71|15 08 01.0|5.20|
HR 5895|15 51 15.60|-03 05 26.2|5.11|0.12
HR 5896|15 51 38.40|-14 08 01.0|6.19|1.00
HR 5897|15 55 08.50|-63 25 50.2|2.85|0.29
HR 5898|15 54 52.61|-60 44 35.9|6.15|0.10
HR 5899|15 51 15.91|20 58 40.1|4.76|1.54
HR 59|00 16 34.10|08 14 24.0|6.11|0.92
HR 590|02 02 18.10|54 29 15.0|5.04|-0.08
HR 5900|15 55 32.30|-60 10 40.1|5.77|0.35
HR 5901|15 51 13.90|35 39 27.0|4.82|1.00
HR 5902|15 53 20.11|-20 10 01.9|5.03|-0.01
HR 5903|15 44 03.50|77 47 39.8|4.32|0.04
HR 5904|15 53 36.70|-25 19 37.9|4.59|-0.07
HR 5905|15 56 06.0|-60 28 58.1|5.76|0.06
HR 5906|15 53 53.81|-24 31 59.2|5.39|-0.02
HR 5907|15 53 55.80|-23 58 41.2|5.42|-0.04
HR 5908|15 53 49.51|-16 43 45.8|4.15|1.02
HR 5909|15 52 56.21|17 24 13.0|6.36|
HR 591|01 58 46.20|-61 34 10.9|2.86|0.28
HR 5910|15 54 30.0|-27 20 19.0|6.14|-0.07
HR 5911|15 53 12.10|13 11 48.1|6.10|0.60
HR 5912|15 54 39.50|-25 14 37.0|5.87|-0.06
HR 5913|15 53 34.90|16 04 30.0|6.09|
HR 5914|15 52 40.49|42 27 06.1|4.62|0.56
HR 5915|15 55 00.31|-19 22 59.2|5.94|-0.01
HR 5916|15 55 30.41|-31 05 01.0|6.21|1.37
HR 5917|15 55 30.10|-26 15 56.9|5.62|0.15
HR 5918|15 56 06.50|-39 51 51.1|6.03|0.15
HR 5919|15 54 40.30|08 34 49.1|6.29|0.18
HR 592|02 05 31.20|76 06 54.0|5.22|0.95
HR 5920|15 58 58.10|-65 02 16.1|5.75|-0.06
HR 5921|15 57 03.79|-48 09 43.9|6.31|0.38
HR 5922|15 52 16.61|55 49 36.1|5.81|0.96
HR 5923|15 56 13.90|-31 47 08.9|6.29|0.43
HR 5924|15 54 34.61|20 18 38.9|5.44|1.59
HR 5925|15 56 53.50|-33 57 59.0|5.12|0.12
HR 5926|15 56 54.19|-33 57 51.1|5.62|0.05
HR 5927|15 56 14.40|-14 23 57.8|6.37|0.48
HR 5928|15 56 53.11|-29 12 51.1|3.88|-0.20
HR 5929|15 57 21.29|-36 11 06.0|5.80|1.01
HR 593|01 55 50.50|-78 20 53.9|6.16|0.44
HR 5930|15 56 33.41|-14 49 45.1|6.13|0.23
HR 5931|15 55 39.79|18 37 14.2|6.26|-0.11
HR 5932|15 54 37.90|43 08 19.0|5.37|1.65
HR 5933|15 56 27.19|15 39 42.1|3.85|0.48
HR 5934|15 57 40.39|-20 58 59.2|5.85|0.02
HR 5935|15 58 30.70|-37 30 11.2|6.31|1.01
HR 5936|15 55 47.59|37 56 48.8|5.45|0.33
HR 5937|15 59 54.0|-54 01 16.0|6.10|0.00
HR 5938|15 55 30.60|42 33 58.0|5.75|-0.11
HR 5939|16 01 10.70|-63 46 36.1|6.41|0.78
HR 594|02 01 14.71|-30 00 06.1|5.35|0.88
HR 5940|15 57 14.59|14 24 51.8|5.54|1.14
HR 5941|15 58 11.40|-14 16 45.8|4.88|-0.10
HR 5942|15 58 34.80|-24 49 53.0|5.43|-0.09
HR 5943|15 59 30.31|-41 44 39.8|4.99|1.00
HR 5944|15 58 51.10|-26 06 51.1|2.89|-0.19
HR 5945|15 59 58.1|-40 39 10.1|6.49|1.52
HR 5946|16 01 06.41|-54 34 40.1|6.13|0.25
HR 5947|15 57 35.30|26 52 40.1|4.15|1.23
HR 5948|16 00 07.30|-38 23 48.8|3.41|-0.22
HR 5949|15 55 49.70|58 54 42.1|6.31|-0.02
HR 595|02 02 02.81|02 45 49.0|5.23|
HR 5950|15 57 29.90|39 41 43.1|6.31|1.07
HR 5951|16 02 52.39|-62 32 30.1|6.25|-0.04
HR 5952|16 00 53.71|-40 26 07.1|6.21|0.01
HR 5953|16 00 19.99|-22 37 18.1|2.32|-0.12
HR 5954|16 00 19.61|-16 31 59.9|5.47|0.52
HR 5955|16 05 55.80|-72 24 02.9|5.70|1.17
HR 5956|16 01 19.51|-31 53 21.8|6.33|1.45
HR 5957|15 58 57.70|36 38 38.0|5.62|1.49
HR 5958|15 59 30.19|25 55 13.1|2.00|0.10
HR 5959|16 00 47.59|-08 24 41.0|5.55|0.05
HR 596|02 02 02.81|02 45 49.0|4.33|0.03
HR 5960|15 57 47.40|54 44 58.9|4.95|0.26
HR 5961|16 03 31.90|-57 46 31.1|4.63|0.24
HR 5962|16 03 12.91|-49 13 46.9|4.65|0.92
HR 5963|16 00 51.10|04 25 39.0|5.83|1.00
HR 5964|15 59 04.39|49 52 52.0|6.05|0.29
HR 5965|16 02 39.41|-29 08 08.9|6.03|1.31
HR 5966|16 01 14.30|17 49 05.9|5.12|0.99
HR 5967|16 03 24.19|-38 36 09.0|4.89|-0.14
HR 5968|16 01 02.69|33 18 13.0|5.41|0.60
HR 5969|16 03 20.59|-25 51 55.1|5.00|1.22
HR 597|02 09 25.30|81 17 44.9|6.05|0.11
HR 5970|16 03 34.30|-32 00 02.2|6.01|0.47
HR 5971|16 01 26.59|29 51 04.0|4.99|-0.07
HR 5972|16 02 17.69|22 48 15.8|4.83|0.07
HR 5973|16 03 54.70|-24 43 35.0|6.21|1.38
HR 5974|16 04 17.81|-33 12 51.8|6.10|0.34
HR 5975|16 04 36.70|-37 51 47.2|5.90|0.40
HR 5976|16 03 45.70|04 59 12.1|6.08|0.96
HR 5977|16 04 22.10|-11 22 23.2|5.07|
HR 5978|16 04 22.10|-11 22 23.2|4.77|0.47
HR 5979|16 07 24.0|-56 11 29.0|6.16|0.58
HR 598|02 04 40.10|65 06 11.9|6.52|0.00
HR 5980|16 06 29.40|-45 10 23.9|4.72|0.23
HR 5981|16 02 05.50|52 54 56.9|5.93|1.48
HR 5982|16 02 47.90|46 02 12.1|4.76|-0.11
HR 5983|16 03 19.39|36 37 54.1|5.83|0.56
HR 5984|16 05 26.21|-19 48 20.2|2.62|-0.07
HR 5985|16 05 26.50|-19 48 06.8|4.92|-0.02
HR 5986|16 01 53.30|58 33 55.1|4.01|0.52
HR 5987|16 06 35.50|-36 48 07.9|4.23|-0.17
HR 5988|16 06 06.29|-23 36 23.0|5.92|-0.08
HR 5989|16 05 44.50|-06 17 30.1|6.53|0.48
HR 599|02 02 58.1|33 17 02.0|5.50|0.03
HR 5990|16 05 59.81|-06 08 21.8|6.41|1.03
HR 5991|16 07 16.39|-36 45 20.2|5.73|0.29
HR 5992|16 05 37.80|08 05 46.0|6.29|0.08
HR 5993|16 06 48.41|-20 40 09.1|3.96|-0.04
HR 5994|16 09 18.60|-57 56 03.8|5.57|-0.04
HR 5995|16 03 09.31|59 24 38.9|6.19|1.58
HR 5996|16 07 03.41|-14 04 14.9|6.32|0.66
HR 5997|16 07 24.31|-20 52 07.0|4.32|0.84
HR 5998|16 07 51.89|-24 27 42.8|6.33|-0.06
HR 5999|16 08 34.20|-39 06 19.1|7.05|0.36
HR 6|00 06 19.1|-49 04 30.0|5.70|0.52
HR 60|00 16 57.10|61 31 59.9|5.74|0.88
HR 600|01 59 41.9|-66 03 59.0|6.10|1.17
HR 6000|16 08 34.39|-39 05 35.2|6.65|-0.07
HR 6001|16 08 07.61|-26 19 36.1|5.38|1.65
HR 6002|16 07 36.41|-12 44 44.2|5.78|0.01
HR 6003|16 08 43.70|-23 41 08.2|5.88|0.02
HR 6004|16 07 37.49|09 53 30.1|5.63|0.20
HR 6005|16 07 22.20|21 49 21.0|6.14|1.37
HR 6006|16 09 31.70|-32 38 58.9|6.19|0.79
HR 6007|16 09 52.61|-33 32 44.9|5.54|-0.10
HR 6008|16 08 04.51|17 02 48.8|5.00|0.95
HR 6009|16 08 04.90|17 03 15.8|6.25|1.14
HR 601|02 02 35.21|13 28 36.1|5.94|1.59
HR 6010|16 08 28.1|08 32 03.1|5.73|1.61
HR 6011|16 08 58.90|03 27 15.8|5.91|1.47
HR 6012|16 09 55.20|-18 20 26.9|6.47|0.44
HR 6013|16 08 46.61|17 12 20.9|6.14|0.00
HR 6014|16 09 11.21|06 22 44.0|5.97|1.00
HR 6015|16 11 17.69|-41 07 10.9|5.86|0.27
HR 6016|16 09 50.50|-03 28 00.8|5.37|1.45
HR 6017|16 11 01.99|-29 24 59.0|5.13|1.12
HR 6018|16 08 58.30|36 29 26.9|4.76|1.01
HR 6019|16 13 22.61|-55 32 26.9|5.81|0.34
HR 602|02 01 42.41|-44 42 49.0|5.14|1.49
HR 6020|16 20 20.81|-78 41 44.9|4.68|1.69
HR 6021|16 20 26.81|-78 40 01.9|5.27|1.41
HR 6022|16 13 16.80|-53 40 18.1|5.83|1.96
HR 6023|16 08 46.20|44 56 06.0|4.26|-0.07
HR 6024|16 13 28.70|-54 37 50.2|4.94|1.04
HR 6025|16 06 19.70|67 48 37.1|5.44|-0.02
HR 6026|16 11 58.61|-19 26 58.9|6.30|0.13
HR 6027|16 11 59.69|-19 27 38.2|4.01|0.04
HR 6028|16 12 18.19|-27 55 35.0|4.59|-0.16
HR 6029|16 12 15.91|-28 25 03.0|5.67|0.01
HR 603|02 03 54.0|42 19 46.9|2.26|1.37
HR 6030|16 15 26.30|-63 41 08.2|3.85|1.11
HR 6031|16 12 00.0|-10 03 51.1|4.94|0.09
HR 6032|16 11 29.69|09 42 45.0|6.53|0.24
HR 6033|16 12 07.30|-08 32 51.0|5.43|0.12
HR 6034|16 03 31.30|76 47 37.0|5.56|
HR 6035|16 11 28.70|16 39 56.2|6.08|0.02
HR 6036|16 09 02.90|57 56 16.1|6.33|
HR 6037|16 17 05.50|-67 56 29.0|5.75|0.15
HR 6038|16 09 25.99|55 49 44.0|6.49|
HR 6039|16 11 37.99|23 29 40.9|5.70|1.56
HR 604|02 03 54.70|42 19 50.9|4.84|0.03
HR 6040|16 15 49.70|-57 54 43.9|5.63|0.14
HR 6041|16 12 56.50|-04 13 14.9|6.25|0.13
HR 6042|16 13 45.70|-24 25 18.8|6.41|0.04
HR 6043|16 11 39.70|33 20 33.0|6.29|1.20
HR 6044|16 14 22.30|-33 00 41.0|5.92|1.02
HR 6045|16 15 15.31|-47 22 19.9|5.14|-0.13
HR 6046|16 11 48.0|36 25 30.0|5.63|1.34
HR 6047|16 13 15.41|05 01 16.0|5.48|1.47
HR 6048|16 13 50.90|-11 50 15.0|5.22|1.42
HR 6049|16 15 24.0|-42 53 58.9|6.14|1.11
HR 605|02 03 39.29|25 56 08.2|5.63|0.54
HR 6050|16 11 47.59|42 22 27.8|5.87|1.45
HR 6051|16 14 28.80|-21 06 27.0|6.41|-0.01
HR 6052|16 12 45.31|26 40 14.9|6.50|0.39
HR 6053|16 14 39.10|-18 32 07.1|6.32|1.09
HR 6054|16 14 53.59|-25 28 36.8|6.05|0.04
HR 6055|16 16 43.10|-53 48 40.0|5.44|1.73
HR 6056|16 14 20.69|-03 41 39.8|2.74|1.58
HR 6057|16 14 13.49|05 54 06.8|6.31|1.15
HR 6058|16 17 00.91|-50 04 05.9|4.99|0.80
HR 6059|16 17 20.90|-53 05 12.1|6.33|0.27
HR 606|02 02 28.10|-29 39 54.0|6.42|0.14
HR 6060|16 15 37.30|-08 22 09.8|5.50|0.65
HR 6061|16 15 51.50|-14 50 57.1|6.09|0.06
HR 6062|16 18 51.89|-57 53 58.9|6.49|1.00
HR 6063|16 14 40.80|33 51 31.0|5.64|0.51
HR 6064|16 14 40.80|33 51 29.9|6.66|
HR 6065|16 15 28.70|18 48 29.9|5.69|1.12
HR 6066|16 16 58.80|-21 18 14.0|6.61|0.02
HR 6067|16 16 55.30|-03 57 11.9|6.18|0.31
HR 6068|16 15 47.40|27 25 19.9|6.14|1.31
HR 6069|16 12 25.10|67 08 39.1|6.21|0.99
HR 607|02 03 11.69|00 07 41.9|5.43|0.15
HR 6070|16 18 17.90|-28 36 50.0|4.78|0.02
HR 6071|16 19 17.69|-42 40 26.0|5.45|0.10
HR 6072|16 19 50.40|-50 09 20.2|4.02|1.08
HR 6073|16 20 25.20|-55 08 24.0|5.77|0.97
HR 6074|16 16 44.81|29 09 01.1|5.78|0.07
HR 6075|16 18 19.30|-04 41 33.0|3.24|0.96
HR 6076|16 19 07.70|-20 13 04.1|6.29|1.08
HR 6077|16 19 32.69|-30 54 24.1|5.49|0.47
HR 6078|16 19 00.41|-14 52 21.0|5.94|1.52
HR 6079|16 10 49.51|75 52 39.0|5.48|-0.11
HR 608|02 02 58.61|-15 18 20.9|5.86|0.98
HR 6080|16 20 32.59|-39 25 50.9|6.12|-0.07
HR 6081|16 20 38.21|-24 10 09.8|4.55|0.84
HR 6082|16 12 32.21|75 12 38.2|6.39|
HR 6083|16 22 28.1|-49 34 19.9|5.33|-0.04
HR 6084|16 21 11.30|-25 35 34.1|2.89|0.13
HR 6085|16 22 28.90|-43 54 43.9|5.88|1.16
HR 6086|16 17 15.31|59 45 18.0|5.40|1.63
HR 6087|16 20 04.30|21 07 57.0|6.05|0.94
HR 6088|16 14 33.50|73 23 42.0|5.98|0.08
HR 6089|16 25 22.1|-63 07 28.9|6.15|0.03
HR 609|02 03 42.60|18 15 11.9|6.21|1.42
HR 6090|16 19 11.21|49 02 17.2|5.91|1.37
HR 6091|16 19 55.10|39 42 31.0|5.46|0.40
HR 6092|16 19 44.40|46 18 47.9|3.89|-0.15
HR 6093|16 22 04.39|01 01 45.1|4.82|0.34
HR 6094|16 24 01.30|-39 11 35.2|5.40|0.62
HR 6095|16 21 55.20|19 09 11.2|3.75|0.27
HR 6096|16 22 38.90|-02 04 46.9|6.23|0.07
HR 6097|16 23 56.71|-33 11 57.8|6.47|0.01
HR 6098|16 28 28.10|-70 05 03.8|4.91|0.55
HR 6099|16 24 54.19|-45 20 57.1|6.33|0.19
HR 61|00 16 42.50|-20 12 38.2|6.47|-0.09
HR 610|02 03 48.19|-00 20 25.1|5.93|0.88
HR 6100|16 24 31.70|-37 33 56.9|5.42|-0.11
HR 6101|16 18 09.41|68 33 15.8|6.41|
HR 6102|16 33 27.0|-78 53 49.9|3.89|0.91
HR 6103|16 22 05.81|30 53 30.8|4.85|0.97
HR 6104|16 24 06.19|-20 02 15.0|4.50|1.01
HR 6105|16 24 39.60|-29 42 11.9|6.63|0.59
HR 6106|16 24 39.70|-29 42 16.9|5.84|0.59
HR 6107|16 22 21.41|33 47 57.1|5.20|1.60
HR 6108|16 22 29.21|33 42 13.0|5.39|1.53
HR 6109|16 27 57.31|-64 03 29.2|5.27|0.36
HR 611|02 03 40.51|-04 06 13.0|5.62|1.59
HR 6110|16 22 56.50|32 19 59.2|6.40|0.08
HR 6111|16 24 10.80|06 56 53.2|5.85|-0.01
HR 6112|16 25 35.21|-23 26 49.9|5.02|0.24
HR 6113|16 25 35.11|-23 26 46.0|5.92|
HR 6114|16 28 15.19|-58 35 58.9|5.69|0.00
HR 6115|16 27 11.9|-47 33 18.0|4.47|-0.07
HR 6116|16 17 30.31|75 45 19.1|4.95|0.37
HR 6117|16 25 25.1|14 01 59.9|4.57|0.00
HR 6118|16 27 01.39|-18 27 23.0|4.42|0.28
HR 6119|16 25 47.69|18 53 33.0|6.70|
HR 612|02 04 29.40|-29 17 48.8|4.69|-0.17
HR 6120|16 29 45.0|-57 45 20.9|6.06|1.48
HR 6121|16 26 11.50|11 24 27.0|6.11|1.03
HR 6122|16 28 14.69|-37 10 45.8|5.79|1.10
HR 6123|16 25 24.19|37 23 38.0|5.54|0.17
HR 6124|16 26 50.11|02 20 51.0|6.07|0.92
HR 6125|16 30 49.39|-61 38 01.0|5.20|1.23
HR 6126|16 21 48.70|69 06 33.8|5.25|1.12
HR 6127|16 24 25.30|55 12 18.0|5.74|0.00
HR 6128|16 27 43.49|-07 35 53.2|5.23|1.72
HR 6129|16 27 48.10|-08 22 18.1|4.63|0.17
HR 613|02 06 33.91|22 38 53.9|5.03|0.11
HR 6130|16 23 46.99|61 41 48.1|5.67|0.96
HR 6131|16 29 42.31|-46 14 35.9|5.35|0.56
HR 6132|16 23 59.50|61 30 51.1|2.74|0.91
HR 6133|17 15 59.30|-87 33 59.0|6.57|0.91
HR 6134|16 29 24.41|-26 25 54.8|0.96|1.83
HR 6135|16 34 19.30|-70 59 17.2|5.50|1.22
HR 6136|16 28 34.1|00 39 54.0|5.39|1.46
HR 6137|16 28 48.91|-08 07 44.0|6.48|0.40
HR 6138|16 45 53.59|-83 14 20.0|6.57|1.57
HR 6139|17 00 58.49|-86 21 51.8|6.04|0.05
HR 614|02 06 12.31|08 14 51.0|6.31|1.65
HR 6140|16 29 46.90|-14 33 02.9|5.68|0.82
HR 6141|16 30 12.41|-25 06 54.0|4.79|-0.11
HR 6142|16 31 41.71|-41 49 00.8|5.33|0.33
HR 6143|16 31 22.90|-34 42 15.8|4.23|-0.16
HR 6144|16 30 29.90|-07 30 54.0|6.50|0.37
HR 6145|16 31 22.80|-26 32 16.1|6.10|1.08
HR 6146|16 28 38.50|41 52 54.1|5.04|1.52
HR 6147|16 31 08.30|-16 36 46.1|4.28|0.92
HR 6148|16 30 13.20|21 29 22.9|2.77|0.94
HR 6149|16 30 54.79|01 59 02.0|3.82|0.01
HR 615|02 06 49.20|25 42 16.9|6.15|-0.03
HR 6150|16 28 43.39|51 24 28.1|6.29|1.05
HR 6151|16 35 44.81|-65 29 43.1|5.52|0.93
HR 6152|16 30 33.60|20 28 45.1|5.25|1.29
HR 6153|16 32 08.21|-21 27 59.0|4.45|0.13
HR 6154|16 31 13.39|22 11 43.1|5.76|1.61
HR 6155|16 34 04.99|-44 02 43.1|4.94|0.05
HR 6156|16 30 06.0|48 57 38.9|6.45|0.03
HR 6157|16 31 02.81|35 13 30.0|6.25|1.64
HR 6158|16 32 35.69|05 31 16.0|5.63|-0.06
HR 6159|16 32 36.29|11 29 17.2|4.84|1.49
HR 616|02 06 29.30|00 02 06.0|6.28|0.90
HR 6160|16 35 07.90|-45 14 40.9|6.46|1.34
HR 6161|16 27 58.99|68 46 05.2|5.00|-0.06
HR 6162|16 31 47.30|45 35 53.9|5.65|0.12
HR 6163|16 43 04.61|-77 31 03.0|4.24|1.06
HR 6164|16 36 22.51|-42 51 32.0|5.47|0.40
HR 6165|16 35 52.99|-28 12 58.0|2.82|-0.25
HR 6166|16 36 22.51|-35 15 20.2|4.16|1.57
HR 6167|16 38 52.70|-60 59 25.1|6.18|-0.08
HR 6168|16 34 06.19|42 26 12.8|4.20|-0.01
HR 6169|16 35 26.30|17 03 25.9|6.41|0.05
HR 617|02 07 10.39|23 27 45.0|2.00|1.15
HR 6170|16 32 25.70|60 49 23.9|5.94|0.02
HR 6171|16 36 21.50|-02 19 28.9|5.75|0.82
HR 6172|16 41 23.30|-68 17 46.0|5.91|-0.08
HR 6173|16 25 43.10|78 57 50.0|5.56|0.26
HR 6174|16 38 26.21|-43 23 55.0|5.83|-0.02
HR 6175|16 37 09.50|-10 34 01.9|2.56|0.02
HR 6176|16 36 43.1|15 29 53.2|6.30|-0.11
HR 6177|16 40 50.50|-60 26 46.0|6.18|0.48
HR 6178|16 39 05.21|-37 13 03.0|5.91|0.00
HR 6179|16 38 01.61|-06 32 17.2|6.09|0.16
HR 618|02 08 40.51|58 25 25.0|5.67|0.61
HR 6180|16 31 28.10|72 36 42.8|6.30|1.32
HR 6181|16 37 48.0|13 41 12.8|6.31|0.41
HR 6182|16 43 22.10|-67 25 57.0|6.03|0.02
HR 6183|16 36 11.21|46 36 47.9|5.79|1.04
HR 6184|16 36 11.50|52 54 01.1|5.53|-0.07
HR 6185|16 36 13.70|52 55 27.8|5.08|-0.04
HR 6186|16 36 14.9|52 55 27.1|6.53|-0.06
HR 6187|16 41 20.30|-48 45 47.2|5.65|0.13
HR 6188|16 41 40.20|-49 39 06.1|5.65|-0.03
HR 6189|16 39 39.10|-09 33 15.8|6.35|0.48
HR 619|02 08 33.60|44 27 33.8|6.42|
HR 6190|16 40 34.51|-20 24 31.0|6.26|1.08
HR 6191|16 30 38.81|77 26 48.1|6.34|1.00
HR 6192|16 41 45.50|-33 08 47.0|5.87|0.65
HR 6193|16 41 36.19|-24 28 05.2|6.09|0.20
HR 6194|16 40 35.11|04 12 25.9|6.93|0.13
HR 6195|16 40 38.71|04 13 10.9|5.77|-0.02
HR 6196|16 41 34.39|-17 44 31.9|4.96|1.11
HR 6197|16 43 03.41|-46 04 14.2|6.23|0.85
HR 6198|16 36 55.1|63 04 22.1|6.16|1.53
HR 6199|16 38 00.41|56 00 56.2|5.29|1.08
HR 62|00 17 09.10|47 56 51.0|5.89|-0.09
HR 620|02 08 29.30|37 51 33.1|4.82|0.12
HR 6200|16 38 44.90|48 55 41.9|4.90|1.55
HR 6201|16 41 11.50|-01 00 02.2|6.24|0.30
HR 6202|16 41 53.71|-19 55 27.8|5.57|0.43
HR 6203|16 40 51.41|12 23 42.0|6.08|0.05
HR 6204|16 46 40.1|-67 06 34.9|5.13|-0.08
HR 6205|16 41 42.50|01 10 52.0|5.74|0.32
HR 6206|16 43 45.50|-41 07 08.0|6.20|0.14
HR 6207|16 44 39.79|-53 09 09.0|5.96|1.26
HR 6208|16 41 00.60|24 51 31.0|6.06|1.31
HR 6209|16 43 53.90|-41 06 47.2|6.12|-0.07
HR 621|02 10 07.80|53 50 35.2|6.31|0.95
HR 6210|16 43 47.59|-38 09 24.1|6.05|-0.06
HR 6211|16 43 38.71|-32 06 22.0|6.46|-0.08
HR 6212|16 41 17.21|31 36 11.2|2.81|0.65
HR 6213|16 41 36.70|26 55 00.8|5.92|0.40
HR 6214|16 44 42.60|-40 50 22.9|5.71|-0.12
HR 6215|16 46 21.19|-58 30 13.0|5.74|-0.09
HR 6216|16 44 17.30|-27 27 22.0|6.58|0.10
HR 6217|16 48 39.89|-69 01 40.1|1.92|1.44
HR 6218|16 45 00.19|-28 30 34.9|6.02|0.09
HR 6219|16 47 19.51|-58 20 29.0|5.58|-0.08
HR 622|02 09 32.59|34 59 13.9|3.00|0.14
HR 6220|16 42 53.81|38 55 19.9|3.53|0.92
HR 6221|16 46 47.81|-39 22 37.9|5.48|0.98
HR 6222|16 43 51.70|34 02 20.0|5.99|0.29
HR 6223|16 40 55.10|64 35 21.1|4.83|1.22
HR 6224|16 45 29.69|01 01 13.1|6.03|-0.02
HR 6225|16 46 51.29|-25 31 43.0|6.71|1.18
HR 6226|16 42 58.39|55 41 25.1|6.16|0.07
HR 6227|16 45 22.51|15 44 43.1|5.56|1.66
HR 6228|16 45 49.90|08 34 57.0|5.15|1.53
HR 6229|16 49 47.9|-59 02 29.0|3.76|1.57
HR 623|02 09 25.30|25 56 22.9|4.98|0.33
HR 6230|16 45 11.71|43 13 01.9|6.05|1.40
HR 6231|16 52 17.40|-67 40 54.8|6.32|1.28
HR 6232|16 47 09.79|02 03 51.8|6.10|0.14
HR 6233|16 51 53.90|-65 22 32.2|6.13|-0.02
HR 6234|16 47 46.39|05 14 48.1|5.24|-0.02
HR 6235|16 48 27.0|-14 54 33.8|6.03|0.20
HR 6236|16 50 35.90|-50 02 44.2|6.47|0.31
HR 6237|16 45 17.81|56 46 54.8|4.85|0.38
HR 6238|16 37 52.90|78 55 05.9|6.32|1.14
HR 6239|16 48 08.90|13 35 26.2|6.35|0.87
HR 624|02 09 23.9|17 13 27.8|6.43|
HR 6240|16 49 27.79|-15 40 03.0|6.10|
HR 6241|16 50 09.79|-34 17 35.9|2.29|1.15
HR 6242|16 47 19.80|42 14 20.0|5.87|1.61
HR 6243|16 49 49.99|-10 46 59.2|4.65|0.47
HR 6244|16 50 59.81|-37 30 51.8|6.11|0.12
HR 6245|16 51 33.70|-41 13 50.2|5.22|0.07
HR 6246|16 49 34.61|13 15 41.0|5.91|0.03
HR 6247|16 51 52.20|-38 02 51.0|3.08|-0.20
HR 6248|16 50 22.30|-02 39 14.0|6.32|0.42
HR 6249|16 52 19.10|-41 51 15.8|6.49|0.23
HR 625|02 08 45.70|-17 46 45.8|6.10|1.61
HR 6250|16 50 19.39|07 14 52.1|5.49|0.10
HR 6251|16 54 00.50|-57 54 33.8|5.94|1.59
HR 6252|16 52 20.11|-38 01 03.0|3.57|-0.21
HR 6253|16 55 24.70|-63 16 10.9|6.02|0.05
HR 6254|16 49 14.21|45 58 59.9|4.82|0.09
HR 6255|16 51 24.89|01 12 58.0|5.51|0.05
HR 6256|16 49 40.49|43 25 50.2|6.13|1.26
HR 6257|16 53 42.50|-43 03 02.9|5.96|1.73
HR 6258|16 50 39.0|29 48 24.1|5.72|1.60
HR 6259|16 50 43.10|32 33 13.0|6.13|1.01
HR 626|02 13 21.19|74 01 40.1|6.29|0.91
HR 6260|16 54 01.80|-41 48 23.0|5.45|0.19
HR 6261|16 53 58.80|-41 59 40.9|6.32|0.50
HR 6262|16 53 59.69|-42 21 43.9|4.73|0.49
HR 6263|16 54 11.81|-41 51 01.1|6.45|0.20
HR 6264|16 50 36.10|41 53 48.1|6.29|1.08
HR 6265|16 54 19.61|-41 49 12.0|6.59|0.21
HR 6266|16 54 26.90|-42 28 44.0|5.88|0.64
HR 6267|16 43 06.0|77 30 51.1|5.98|0.42
HR 6268|16 52 04.90|14 58 27.1|6.52|-0.05
HR 6269|16 53 25.20|-20 24 56.2|5.88|0.68
HR 627|02 11 28.99|57 38 44.9|6.36|0.33
HR 6270|16 51 45.31|24 39 23.0|5.04|1.25
HR 6271|16 54 34.99|-42 21 41.0|3.62|1.37
HR 6272|16 54 58.39|-41 09 04.0|5.77|0.15
HR 6273|16 54 36.0|-30 35 13.9|6.35|0.21
HR 6274|16 56 08.90|-50 40 30.0|6.33|-0.02
HR 6275|16 56 28.70|-52 17 02.0|5.94|-0.08
HR 6276|16 59 33.79|-69 16 05.9|5.79|-0.10
HR 6277|16 54 10.61|-01 36 43.9|6.25|0.28
HR 6278|16 54 40.30|-11 47 33.0|6.57|0.14
HR 6279|16 52 58.10|31 42 06.1|5.32|0.29
HR 628|02 10 52.80|39 02 21.8|5.63|-0.02
HR 6280|16 54 35.69|-06 09 14.0|5.25|1.08
HR 6281|16 54 00.50|10 09 55.1|4.38|-0.08
HR 6282|16 55 57.79|-33 30 25.9|6.37|1.71
HR 6283|16 56 36.0|-40 49 25.0|6.15|0.26
HR 6284|16 56 01.80|-16 48 22.0|6.37|0.92
HR 6285|16 58 37.20|-55 59 25.1|3.13|1.60
HR 6286|16 53 17.59|47 25 00.8|6.00|1.32
HR 6287|16 54 55.20|20 57 31.0|5.41|0.97
HR 6288|16 57 11.9|-33 15 33.8|5.48|1.59
HR 6289|16 58 18.0|-50 38 28.0|5.55|0.02
HR 629|02 10 53.71|39 02 35.2|6.10|-0.07
HR 6290|16 55 16.1|13 37 10.9|6.34|0.34
HR 6291|16 56 48.0|-23 09 00.0|5.58|-0.02
HR 6292|16 55 02.9|25 43 50.2|6.08|0.92
HR 6293|16 55 22.20|18 25 59.9|5.35|1.41
HR 6294|16 57 04.1|-19 32 24.0|6.27|0.07
HR 6295|16 59 35.11|-53 09 38.2|4.06|1.45
HR 6296|16 57 26.9|-10 57 47.9|6.19|1.00
HR 6297|17 00 06.19|-54 35 48.8|5.65|0.19
HR 6298|16 58 52.39|-37 37 16.0|6.09|0.19
HR 6299|16 57 40.10|09 22 30.0|3.20|1.15
HR 63|00 17 05.50|38 40 54.1|4.61|0.06
HR 630|02 09 34.80|-24 20 44.9|6.48|0.29
HR 6300|17 00 27.10|-48 38 52.1|6.00|0.88
HR 6301|16 57 31.99|13 53 03.1|6.37|0.94
HR 6302|16 58 41.59|-14 52 10.9|6.59|0.40
HR 6303|17 00 32.30|-45 27 06.1|6.65|1.80
HR 6304|17 01 47.40|-58 57 29.9|6.11|-0.03
HR 6305|16 57 31.1|25 21 10.1|6.28|0.90
HR 6306|16 56 06.41|50 02 20.0|6.56|1.62
HR 6307|16 57 42.31|24 22 53.0|6.32|1.10
HR 6308|16 59 57.60|-25 05 30.8|5.86|1.62
HR 6309|16 59 30.20|-12 53 27.0||
HR 631|02 10 37.61|19 30 01.1|5.70|1.65
HR 6310|17 00 09.50|-24 59 21.1|5.75|0.41
HR 6311|17 00 36.89|-35 56 03.1|5.97|1.16
HR 6312|17 01 46.10|-51 07 50.9|6.45|0.27
HR 6313|16 57 50.21|42 30 45.0|6.34|1.28
HR 6314|17 03 08.81|-53 14 12.8|5.29|0.48
HR 6315|16 56 01.70|65 08 04.9|4.89|0.48
HR 6316|17 01 52.70|-32 08 37.0|5.03|-0.10
HR 6317|17 00 29.40|06 35 01.0|6.59|0.23
HR 6318|17 01 03.60|-04 13 21.0|4.82|1.48
HR 6319|16 56 25.20|65 02 21.1|6.41|0.38
HR 632|02 09 09.29|-43 31 00.1|5.85|1.19
HR 6320|17 04 24.70|-57 42 43.9|5.73|-0.10
HR 6321|17 01 51.19|-18 53 08.2|6.26|1.38
HR 6322|16 45 58.10|82 02 13.9|4.23|0.89
HR 6323|17 03 41.71|-47 09 36.0|6.06|
HR 6324|17 00 17.40|30 55 35.0|3.92|-0.01
HR 6325|17 00 58.10|22 37 55.9|5.65|1.33
HR 6326|17 01 33.0|14 56 57.8|6.31|0.04
HR 6327|17 03 50.81|-38 09 07.9|5.91|0.38
HR 6328|17 01 09.60|27 11 47.0|6.55|0.41
HR 6329|17 01 59.9|08 27 02.2|6.33|0.09
HR 633|02 11 12.0|25 56 12.8|6.02|1.36
HR 6330|16 59 21.50|56 41 19.0|6.03|1.16
HR 6331|17 05 05.30|-45 30 06.1|6.28|0.07
HR 6332|17 01 36.41|33 34 05.9|5.25|0.02
HR 6333|17 02 18.70|25 30 20.2|5.75|1.02
HR 6334|17 04 49.39|-34 07 22.1|4.87|0.26
HR 6335|16 56 16.80|73 07 40.1|6.30|0.24
HR 6336|17 02 17.21|31 53 04.9|6.36|1.13
HR 6337|17 03 07.80|14 05 30.8|4.98|1.60
HR 6338|17 05 48.60|-44 06 18.0|6.19|0.28
HR 6339|17 03 10.39|14 30 40.0|6.52|0.76
HR 634|02 11 25.1|31 31 35.0|6.23|0.11
HR 6340|17 04 45.31|-20 29 40.9|6.30|-0.02
HR 6341|17 03 39.31|13 36 19.1|5.93|0.00
HR 6342|17 03 58.1|13 34 03.0|6.08|1.03
HR 6343|17 03 52.70|19 41 26.2|6.35|1.52
HR 6344|17 06 20.30|-37 13 39.0|5.98|0.07
HR 6345|16 59 02.59|69 11 11.0|6.40|
HR 6346|17 03 30.19|35 24 51.1|6.69|
HR 6347|17 06 28.39|-35 27 04.0|6.13|0.50
HR 6348|17 01 16.70|60 38 57.1|6.13|1.00
HR 6349|17 05 16.90|00 42 09.0|6.01|0.58
HR 635|02 11 21.10|08 34 10.9|5.63|0.56
HR 6350|17 06 11.81|-21 33 52.9|6.30|0.13
HR 6351|17 03 53.50|34 47 25.1|6.04|0.22
HR 6352|17 04 41.30|19 35 57.1|6.17|-0.01
HR 6353|17 05 32.30|-00 53 30.8|5.64|0.16
HR 6354|17 06 53.21|-26 30 47.2|6.29|-0.04
HR 6355|17 05 22.70|12 44 26.9|4.91|0.12
HR 6356|17 10 06.29|-61 40 32.2|6.39|-0.04
HR 6357|17 12 19.80|-70 43 16.0|6.22|1.06
HR 6358|17 06 09.70|09 43 59.9|6.37|1.45
HR 6359|17 06 13.10|10 27 15.1|6.37|0.87
HR 636|02 10 04.90|-43 48 56.2|6.32|0.90
HR 6360|17 02 15.31|64 36 02.2|6.10|0.96
HR 6361|17 06 52.90|-01 39 23.0|6.38|0.20
HR 6362|17 05 04.99|43 48 43.9|6.43|0.09
HR 6363|17 04 49.80|48 48 15.1|6.09|1.09
HR 6364|17 06 18.10|22 05 03.1|5.56|1.30
HR 6365|17 08 14.90|-17 36 33.1|5.99|1.01
HR 6366|17 08 47.50|-30 24 13.0|5.97|0.25
HR 6367|17 08 13.61|-01 04 45.8|6.06|0.08
HR 6368|17 13 17.50|-67 11 48.1|5.89|1.06
HR 6369|17 05 19.80|54 28 13.1|5.83|
HR 637|02 10 25.61|-50 49 27.8|6.12|0.82
HR 6370|17 05 19.70|54 28 13.1|5.80|0.48
HR 6371|17 10 42.29|-44 33 27.0|5.08|0.86
HR 6372|17 08 54.50|-03 52 58.1|6.36|0.69
HR 6373|17 16 35.59|-74 31 59.2|6.25|-0.01
HR 6374|17 11 38.90|-48 52 27.1|5.84|1.84
HR 6375|17 09 48.0|-10 31 23.9|5.56|0.52
HR 6376|17 07 46.70|40 30 58.0|6.34|0.03
HR 6377|17 08 01.99|35 56 07.1|5.39|0.31
HR 6378|17 10 22.70|-15 43 28.9|2.43|0.06
HR 6379|17 01 40.20|75 17 49.9|6.21|
HR 638|02 11 22.20|-10 03 07.9|6.01|0.39
HR 6380|17 12 09.19|-43 14 21.1|3.33|0.41
HR 6381|17 12 16.20|-39 30 24.8|5.67|0.04
HR 6382|17 12 16.51|-38 49 19.9|6.30|1.05
HR 6383|17 08 17.11|50 50 31.9|6.46|0.00
HR 6384|17 14 13.20|-56 53 17.9|6.09|1.78
HR 6385|17 10 45.79|12 28 01.9|6.57|0.08
HR 6386|17 12 13.61|-25 15 16.9|6.54|-0.04
HR 6387|17 12 25.1|-27 45 42.8|6.14|-0.04
HR 6388|17 09 33.31|40 46 37.9|5.08|1.28
HR 6389|17 12 58.70|-32 26 19.0|6.01|0.07
HR 639|02 11 35.81|-01 49 31.1|5.93|0.97
HR 6390|17 11 45.19|07 53 40.9|6.33|1.04
HR 6391|17 11 03.19|24 14 16.1|6.19|0.23
HR 6392|17 14 27.70|-39 46 00.8|6.60|2.21
HR 6393|17 12 27.79|10 35 07.1|5.33|1.59
HR 6394|17 12 54.41|00 21 06.8|6.65|0.50
HR 6395|17 10 30.60|52 24 32.0|6.29|0.00
HR 6396|17 08 47.21|65 42 52.9|3.17|-0.12
HR 6397|17 15 19.30|-33 32 53.9|5.53|-0.01
HR 6398|17 15 35.90|-38 35 38.0|5.96|0.58
HR 6399|17 11 40.20|49 44 48.1|6.04|
HR 64|00 16 49.1|-78 46 50.2|6.77|0.46
HR 640|02 14 29.11|66 31 27.8|6.07|0.63
HR 6400|17 20 12.79|-70 02 44.2|6.53|0.60
HR 6401|17 15 21.0|-26 36 10.1|5.11|0.86
HR 6402|17 15 20.81|-26 36 05.0|5.07|0.85
HR 6403|17 15 51.50|-30 12 38.2|6.21|-0.03
HR 6404|17 15 20.30|-14 35 02.0|5.99|1.10
HR 6405|17 16 21.50|-35 44 57.8|6.12|0.48
HR 6406|17 14 38.90|14 23 25.1|3.48|1.44
HR 6407|17 14 39.19|14 23 24.0|5.39|
HR 6408|17 19 12.41|-59 41 39.8|5.91|1.37
HR 6409|17 17 03.70|-32 39 46.1|5.55|0.50
HR 641|02 13 41.50|58 33 40.0|6.44|0.60
HR 6410|17 15 01.90|24 50 21.1|3.14|0.08
HR 6411|17 22 05.90|-70 07 23.9|5.41|-0.04
HR 6412|17 16 14.21|02 11 10.0|6.17|0.22
HR 6413|17 16 42.79|-06 14 42.0|6.09|1.10
HR 6414|17 16 31.70|01 12 38.2|5.88|0.06
HR 6415|17 16 36.70|-00 26 43.1|4.73|1.14
HR 6416|17 19 03.19|-46 38 02.0|5.48|0.80
HR 6417|17 21 59.40|-67 46 14.2|4.78|1.21
HR 6418|17 15 02.81|36 48 33.1|3.16|1.44
HR 6419|17 15 41.59|23 44 34.1|5.96|1.31
HR 642|02 12 22.30|30 18 11.2|4.94|0.78
HR 6420|17 18 48.0|-44 07 46.9|5.76|-0.05
HR 6421|17 12 32.59|62 52 27.8|5.56|0.21
HR 6422|17 18 20.40|-32 33 11.9|6.36|0.15
HR 6423|17 19 30.31|-50 03 47.9|6.27|0.41
HR 6424|17 18 00.70|-24 17 12.8|5.20|1.10
HR 6425|17 18 00.50|-24 17 03.1|6.80|0.51
HR 6426|17 18 57.19|-34 59 22.9|5.91|1.04
HR 6427|17 19 24.50|-44 13 23.2|6.65|0.20
HR 6428|17 18 19.20|-16 18 42.8|6.43|1.66
HR 6429|17 31 27.29|-80 51 33.1|5.88|1.67
HR 643|02 13 13.30|44 13 54.1|4.83|1.48
HR 6430|17 17 35.90|23 05 26.9|6.45|
HR 6431|17 17 19.49|33 06 00.0|4.82|-0.17
HR 6432|17 18 04.99|17 19 05.2|6.00|0.01
HR 6433|17 18 37.1|10 51 51.8|5.03|1.55
HR 6434|17 18 52.80|06 05 07.1|6.51|0.39
HR 6435|17 19 53.30|-17 45 23.0|6.02|0.04
HR 6436|17 17 40.30|37 17 30.1|4.65|0.05
HR 6437|17 16 48.60|49 41 28.0|7.48|
HR 6438|17 22 55.1|-58 00 37.1|5.88|1.07
HR 6439|17 19 59.50|-05 55 01.9|6.32|0.85
HR 644|02 12 37.49|24 10 04.1|5.96|1.37
HR 6440|17 24 01.10|-62 51 51.1|5.70|-0.14
HR 6441|17 20 34.20|-19 19 58.1|6.52|0.58
HR 6442|17 23 06.89|-56 31 31.1|5.80|1.00
HR 6443|17 18 48.50|28 49 23.2|5.65|0.98
HR 6444|17 18 23.30|38 48 41.0|5.94|1.00
HR 6445|17 21 00.19|-21 06 46.1|4.39|0.39
HR 6446|17 20 49.70|-12 50 48.8|4.33|0.03
HR 6447|17 24 18.70|-60 40 25.0|5.77|-0.08
HR 6448|17 16 29.40|60 40 14.2|6.32|1.09
HR 6449|17 20 52.70|-10 41 46.0|6.46|0.33
HR 645|02 13 36.29|51 03 56.9|5.31|0.93
HR 6450|17 22 39.41|-37 48 18.0|6.41|0.64
HR 6451|17 23 16.10|-47 28 05.9|5.25|-0.11
HR 6452|17 20 18.89|18 03 25.9|5.00|1.62
HR 6453|17 22 00.60|-24 59 57.8|3.27|-0.22
HR 6454|17 22 37.99|-35 54 36.0|6.47|0.54
HR 6455|17 20 09.79|25 32 15.0|5.38|0.03
HR 6456|17 22 54.91|-37 13 14.2|5.93|1.08
HR 6457|17 20 54.19|24 29 57.8|5.12|-0.03
HR 6458|17 20 39.60|32 28 04.1|5.39|0.62
HR 6459|17 23 21.60|-28 08 35.2|5.35|1.55
HR 646|02 12 48.10|21 12 38.9|5.27|0.43
HR 6460|17 24 13.1|-44 09 45.0|5.12|-0.06
HR 6461|17 25 18.0|-55 31 48.0|2.85|1.46
HR 6462|17 25 23.59|-56 22 39.0|3.34|-0.13
HR 6463|17 21 33.41|16 43 50.9|6.35|1.61
HR 6464|17 20 21.10|46 14 26.9|5.59|1.57
HR 6465|17 22 51.29|-02 23 17.9|6.29|0.68
HR 6466|17 21 31.20|28 45 29.2|6.35|0.70
HR 6467|17 20 33.60|48 11 17.9|6.43|0.43
HR 6468|17 26 00.0|-50 38 01.0|5.23|1.06
HR 6469|17 21 43.61|39 58 27.8|5.51|0.68
HR 647|02 14 02.59|47 29 03.1|6.06|0.40
HR 6470|17 25 02.71|-34 41 47.0|6.16|0.02
HR 6471|17 28 07.70|-63 02 11.0|6.24|-0.09
HR 6472|17 24 42.0|-21 26 30.1|5.85|0.93
HR 6473|17 24 37.10|-18 26 44.9|6.21|0.03
HR 6474|17 25 06.19|-24 14 37.0|6.19|1.10
HR 6475|17 26 56.30|-51 56 57.1|6.19|-0.03
HR 6476|17 23 57.60|08 51 10.1|5.77|1.25
HR 6477|17 26 51.50|-45 50 37.0|5.29|-0.07
HR 6478|17 27 12.41|-50 37 49.1|5.92|0.08
HR 6479|17 21 45.41|53 25 14.2|5.67|1.47
HR 648|02 13 03.29|15 16 46.9|5.71|1.55
HR 6480|17 24 06.60|22 57 37.1|5.74|0.21
HR 6481|17 24 31.51|16 18 04.0|5.71|0.07
HR 6482|17 24 33.79|15 36 22.0|6.35|-0.02
HR 6483|17 27 57.60|-52 17 49.9|5.75|1.17
HR 6484|17 23 40.70|37 08 48.1|5.47|
HR 6485|17 23 40.99|37 08 44.9|4.52|-0.03
HR 6486|17 26 22.20|-24 10 31.1|4.17|0.28
HR 6487|17 28 38.71|-55 10 10.9|5.94|1.11
HR 6488|17 24 02.21|38 34 58.1|6.49|0.73
HR 6489|17 25 57.89|-01 39 06.1|6.44|0.46
HR 649|02 13 00.0|08 50 48.1|4.37|0.89
HR 6490|17 26 55.20|-25 56 35.9|6.44|-0.06
HR 6491|17 24 27.10|36 57 06.8|6.28|0.88
HR 6492|17 27 21.29|-29 52 00.8|4.29|0.40
HR 6493|17 26 37.90|-05 05 12.1|4.54|0.39
HR 6494|17 27 37.49|-29 43 27.8|6.00|0.00
HR 6495|17 25 54.41|16 55 03.0|5.98|1.62
HR 6496|17 27 02.11|-12 30 45.0|6.21|0.51
HR 6497|17 26 19.1|07 35 44.2|6.06|0.58
HR 6498|17 26 30.91|04 08 25.1|4.34|1.50
HR 6499|17 26 00.91|26 52 44.0|6.41|0.10
HR 65|00 17 43.1|51 25 59.2|6.14|-0.13
HR 650|02 12 47.50|-02 23 37.0|5.54|0.57
HR 6500|17 31 05.90|-60 41 02.0|3.62|-0.10
HR 6501|17 28 56.11|-36 46 41.9|6.02|1.11
HR 6502|17 26 49.10|20 04 50.9|5.54|-0.13
HR 6503|17 29 25.70|-38 31 00.1|6.39|0.09
HR 6504|17 28 02.30|-08 12 29.9|6.37|0.58
HR 6505|17 31 22.99|-56 55 14.2|5.95|-0.08
HR 6506|17 26 46.20|34 41 44.9|5.94|-0.01
HR 6507|17 28 49.70|00 19 50.2|5.44|0.22
HR 6508|17 30 45.79|-37 17 44.9|2.69|-0.22
HR 6509|17 26 44.21|48 15 36.0|5.85|0.12
HR 651|02 13 00.89|-21 00 01.1|5.86|1.01
HR 6510|17 31 50.50|-49 52 34.0|2.95|-0.17
HR 6511|17 25 41.30|60 02 53.9|5.65|0.03
HR 6512|17 29 47.40|-05 55 10.9|6.37|0.93
HR 6513|17 31 49.10|-46 02 11.0|6.03|0.83
HR 6514|17 26 04.90|58 39 06.8|6.51|0.14
HR 6515|17 30 35.98|-21 28 56.2||
HR 6516|17 30 23.81|-01 03 45.0|5.31|0.72
HR 6517|17 31 47.40|-33 42 10.1|6.44|1.19
HR 6518|17 25 00.19|67 18 23.0|6.43|0.76
HR 6519|17 31 25.1|-23 57 46.1|4.81|0.00
HR 652|02 12 54.50|-30 43 26.0|5.28|-0.02
HR 6520|17 31 44.40|-26 16 10.9|6.05|-0.06
HR 6521|17 30 22.39|11 55 30.0|6.39|0.06
HR 6522|17 32 24.50|-34 16 46.9|6.17|0.35
HR 6523|17 33 07.39|-41 10 25.0|5.84|0.06
HR 6524|17 31 21.29|02 43 27.8|5.59|0.84
HR 6525|17 35 34.90|-59 50 46.0|6.28|-0.08
HR 6526|17 30 44.30|26 06 38.2|4.41|1.44
HR 6527|17 33 36.50|-37 06 14.0|1.63|-0.22
HR 6528|17 30 55.39|31 09 29.9|5.61|0.95
HR 6529|17 19 37.1|80 08 11.0|5.72|1.50
HR 653|02 15 57.89|47 48 41.0|6.33|
HR 6530|17 35 19.99|-53 21 10.1|6.10|0.02
HR 6531|17 30 40.30|38 52 55.9|6.43|0.49
HR 6532|17 32 15.0|11 55 49.1|6.42|-0.01
HR 6533|17 31 49.61|28 24 27.0|5.62|0.00
HR 6534|17 33 29.90|-05 44 40.9|5.62|0.18
HR 6535|17 34 42.50|-32 34 54.1|5.70|0.04
HR 6536|17 30 25.99|52 18 05.0|2.79|0.98
HR 6537|17 35 39.60|-46 30 20.2|4.59|-0.03
HR 6538|17 32 01.10|34 16 14.9|6.56|0.65
HR 6539|17 35 43.1|-37 26 24.0|6.48|0.01
HR 654|02 16 51.70|57 03 19.1|6.48|0.28
HR 6540|17 30 43.80|57 52 35.0|6.40|
HR 6541|17 33 22.80|19 15 24.1|5.64|0.48
HR 6542|17 33 39.41|16 19 03.0|5.69|1.01
HR 6543|17 33 42.79|14 50 30.1|6.48|1.60
HR 6544|17 34 46.39|-11 14 30.8|5.55|0.02
HR 6545|17 35 18.50|-22 02 38.0|6.57|0.01
HR 6546|17 36 32.81|-38 38 07.1|4.29|1.09
HR 6547|17 37 27.19|-50 03 36.0|5.93|1.10
HR 6548|17 34 36.70|09 35 12.1|5.81|0.02
HR 6549|17 38 05.59|-54 30 01.1|5.25|0.20
HR 655|02 15 56.21|33 21 32.0|5.28|-0.01
HR 6550|17 33 07.30|41 14 37.0|5.74|1.09
HR 6551|17 34 27.19|16 30 14.0|6.40|
HR 6552|18 01 34.10|-85 12 52.9|6.45|0.44
HR 6553|17 37 19.20|-42 59 52.1|1.87|0.40
HR 6554|17 32 10.61|55 11 03.1|4.88|0.26
HR 6555|17 32 16.1|55 10 23.2|4.87|0.28
HR 6556|17 34 56.11|12 33 36.0|2.08|0.15
HR 6557|17 37 26.81|-38 03 56.2|6.26|1.25
HR 6558|17 38 08.50|-42 52 50.2|6.10|-0.06
HR 6559|17 35 59.59|20 59 46.0|6.10|0.19
HR 656|02 15 46.1|25 46 59.2|5.79|0.44
HR 6560|17 33 31.70|57 33 32.0|6.17|0.59
HR 6561|17 37 35.21|-15 23 55.0|3.54|0.26
HR 6562|17 37 36.19|-15 34 16.0|5.94|0.37
HR 6563|17 35 42.41|37 18 06.1|6.10|0.98
HR 6564|17 36 07.90|28 11 04.9|6.38|
HR 6565|17 44 19.70|-72 13 14.9|6.49|0.48
HR 6566|17 31 57.89|68 08 06.0|5.05|1.08
HR 6567|17 37 50.69|-08 07 08.0|4.62|0.11
HR 6568|17 38 09.50|-10 55 35.0|5.75|1.23
HR 6569|17 40 23.59|-49 24 56.2|4.77|0.40
HR 657|02 15 42.79|25 02 35.2|5.58|0.49
HR 6570|17 36 36.70|30 47 07.1|6.02|0.16
HR 6571|17 37 31.10|24 18 36.0|5.77|0.11
HR 6572|17 41 16.30|-46 55 18.8|5.79|-0.01
HR 6573|17 34 59.50|61 52 30.0|5.23|0.61
HR 6574|17 36 37.61|48 35 08.2|5.37|1.15
HR 6575|17 39 08.50|02 01 41.2|6.26|1.03
HR 6576|17 42 03.89|-50 30 38.2|6.24|1.76
HR 6577|17 38 57.79|13 19 45.1|6.12|0.56
HR 6578|17 40 11.81|-02 09 09.0|6.19|1.67
HR 6579|17 38 49.70|32 44 21.8|6.37|
HR 658|02 15 28.30|-09 27 56.2|6.55|-0.02
HR 6580|17 42 29.30|-39 01 48.0|2.41|-0.22
HR 6581|17 41 24.91|-12 52 31.1|4.26|0.08
HR 6582|17 45 43.99|-64 43 26.0|3.62|1.19
HR 6583|17 42 51.0|-36 56 44.9|5.54|1.55
HR 6584|17 39 57.50|31 12 09.0|6.03|1.58
HR 6585|17 44 08.71|-51 50 03.1|5.15|0.70
HR 6586|17 44 55.80|-57 32 43.1|6.01|0.90
HR 6587|17 43 06.89|-33 03 04.0|6.40|1.81
HR 6588|17 39 27.89|46 00 23.0|3.80|-0.18
HR 6589|17 41 10.99|15 10 41.2|6.34|0.03
HR 659|02 14 31.99|-41 10 00.1|5.91|0.97
HR 6590|17 41 32.30|06 18 46.1|5.95|1.26
HR 6591|17 40 41.21|31 17 15.0|6.28|1.05
HR 6592|17 41 05.50|24 30 47.9|6.36|1.20
HR 6593|17 43 17.81|-27 53 03.1|6.36|0.47
HR 6594|17 41 58.70|15 57 06.8|5.52|0.38
HR 6595|17 43 25.80|-21 40 59.9|4.87|0.47
HR 6596|17 36 57.10|68 45 29.2|4.80|0.43
HR 6597|17 44 42.0|-42 43 44.0|5.87|0.16
HR 6598|17 36 39.70|69 34 14.9|6.42|0.58
HR 6599|17 40 37.61|43 28 14.9|6.59|
HR 66|00 17 32.59|-19 03 04.0|6.45|0.37
HR 660|02 17 03.19|34 13 27.1|4.87|0.61
HR 6600|17 43 48.60|-13 30 31.0|6.39|0.37
HR 6601|17 43 46.99|-07 04 45.8|6.30|0.38
HR 6602|17 42 28.39|24 33 51.1|5.52|1.46
HR 6603|17 43 28.39|04 34 01.9|2.77|1.16
HR 6604|17 43 22.1|14 17 42.0|6.24|0.42
HR 6605|17 40 36.19|57 18 37.1|6.77|0.92
HR 6606|17 37 08.81|72 27 20.9|5.86|1.01
HR 6607|17 41 21.79|51 49 05.2|5.99|1.05
HR 6608|17 43 21.60|24 19 40.1|5.71|0.65
HR 6609|17 44 34.1|02 34 45.8|6.17|0.07
HR 661|02 17 59.90|57 53 58.9|5.75|1.17
HR 6610|17 44 35.40|02 34 44.0|6.56|
HR 6611|17 44 17.30|14 24 37.1|6.19|0.21
HR 6612|17 43 05.59|44 05 03.8|6.34|1.54
HR 6613|17 47 07.30|-38 06 42.1|6.43|-0.02
HR 6614|17 48 38.11|-55 24 06.1|6.11|0.28
HR 6615|17 47 35.9|-40 07 36.8|3.03|0.51
HR 6616|17 47 33.60|-27 49 50.9|4.54|0.80
HR 6617|17 47 45.60|-22 28 41.2|6.18|1.49
HR 6618|17 43 59.30|53 48 06.1|5.75|0.01
HR 6619|17 45 40.30|31 30 16.9|6.23|0.00
HR 662|02 18 04.49|57 31 00.1|5.98|1.05
HR 6620|17 47 36.79|-14 43 32.9|5.94|0.05
HR 6621|17 48 27.79|-26 58 30.0|6.35|0.12
HR 6622|17 50 28.20|-53 36 43.9|5.92|-0.08
HR 6623|17 46 27.50|27 43 14.2|3.42|0.75
HR 6624|17 51 35.50|-60 09 51.8|5.78|1.00
HR 6625|17 45 53.71|38 52 53.0|6.52|1.00
HR 6626|17 45 58.49|39 19 21.0|6.68|1.39
HR 6627|17 47 07.99|17 41 49.9|5.72|0.01
HR 6628|17 49 10.51|-31 42 11.9|4.83|-0.04
HR 6629|17 47 53.59|02 42 25.9|3.75|0.04
HR 663|02 17 33.41|44 18 24.8|6.70|
HR 6630|17 49 51.50|-37 02 35.9|3.21|1.17
HR 6631|17 50 11.21|-40 05 26.2|4.81|0.26
HR 6632|17 51 10.99|-53 07 50.2|6.09|0.00
HR 6633|17 48 20.21|03 48 15.1|6.22|0.16
HR 6634|17 53 18.41|-65 29 21.1|6.49|1.08
HR 6635|17 57 41.81|-76 10 39.0|6.07|1.20
HR 6636|17 41 56.30|72 08 56.0|4.58|0.42
HR 6637|17 41 58.1|72 09 24.8|5.79|0.53
HR 6638|17 48 24.79|20 33 56.2|5.69|0.94
HR 6639|17 49 18.89|01 57 40.0|6.47|1.24
HR 664|02 17 18.91|33 50 49.9|4.01|0.02
HR 6640|17 51 44.50|-45 36 02.2|6.11|0.95
HR 6641|17 47 08.11|47 36 43.9|6.43|0.11
HR 6642|17 48 47.90|19 15 19.1|6.12|0.02
HR 6643|17 51 32.81|-40 46 21.0|5.96|1.59
HR 6644|17 48 49.20|25 37 22.1|5.12|1.16
HR 6645|17 51 12.50|-30 33 25.9|6.66|0.04
HR 6646|18 05 26.69|-81 29 11.0|6.35|1.50
HR 6647|17 52 13.61|-34 47 57.1|5.90|-0.10
HR 6648|17 52 19.70|-34 25 00.1|5.84|1.13
HR 6649|17 52 52.70|-41 59 48.1|6.20|0.54
HR 665|02 17 10.39|23 46 04.1|6.55|1.02
HR 6650|17 50 43.49|11 56 48.1|6.17|1.25
HR 6651|17 52 49.20|-34 06 51.1|6.06|1.23
HR 6652|17 52 55.90|-35 01 07.0|6.45|0.02
HR 6653|17 52 57.89|-35 37 27.1|6.03|0.34
HR 6654|17 50 22.90|29 19 19.9|5.50|1.05
HR 6655|17 50 48.41|22 18 59.0|5.98|
HR 6656|17 49 04.30|50 46 52.0|5.02|0.02
HR 6657|17 53 19.61|-34 43 50.2|6.17|-0.03
HR 6658|17 53 23.30|-34 53 43.1|5.60|1.14
HR 6659|17 51 59.50|-01 14 12.1|6.35|1.12
HR 666|02 16 58.99|-06 25 19.9|5.51|0.96
HR 6660|17 53 45.50|-34 47 08.9|6.38|0.00
HR 6661|17 52 38.81|-06 08 37.0|6.21|1.40
HR 6662|17 53 54.91|-34 45 09.0|5.96|-0.01
HR 6663|17 53 58.10|-34 49 54.1|6.42|0.01
HR 6664|17 50 03.31|48 23 39.1|6.68|-0.11
HR 6665|17 51 58.49|15 19 32.9|6.46|
HR 6666|17 53 03.60|-10 53 58.9|6.18|1.11
HR 6667|17 52 35.40|01 18 18.0|5.95|1.58
HR 6668|17 54 27.19|-34 27 59.0|5.96|-0.01
HR 6669|17 51 13.99|40 04 21.0|6.46|
HR 667|02 14 14.69|-67 50 30.1|5.55|1.55
HR 6670|17 53 14.21|06 06 05.0|5.77|0.42
HR 6671|17 55 07.90|-36 28 32.9|6.06|0.08
HR 6672|17 54 54.0|-24 53 13.9|6.20|0.04
HR 6673|17 52 04.70|39 58 55.9|6.04|1.33
HR 6674|17 52 01.1|46 38 35.9|6.38|1.09
HR 6675|17 56 47.40|-44 20 31.9|4.86|1.21
HR 6676|17 54 14.21|11 07 50.2|6.38|0.45
HR 6677|17 53 18.10|40 00 29.2|5.16|1.18
HR 6678|17 56 55.80|-40 18 20.2|6.43|1.43
HR 6679|17 55 55.1|-18 48 07.9|6.52|0.05
HR 668|02 20 12.89|64 20 13.9|6.60|-0.03
HR 6680|17 56 41.90|-28 03 55.1|5.80|0.21
HR 6681|17 56 19.1|-15 48 45.0|5.89|0.05
HR 6682|17 57 47.71|-41 42 58.0|4.88|1.65
HR 6683|17 57 57.79|-39 08 12.8|6.29|0.01
HR 6684|17 56 18.41|00 40 13.1|5.82|0.09
HR 6685|17 55 25.20|26 03 00.0|5.46|0.34
HR 6686|17 56 47.71|-04 04 54.8|5.47|1.16
HR 6687|17 55 50.81|22 27 51.1|5.58|1.24
HR 6688|17 53 31.70|56 52 22.1|3.75|1.18
HR 6689|17 57 04.30|00 03 59.0|5.97|0.10
HR 669|02 18 07.49|19 54 04.0|5.62|0.01
HR 6690|17 56 55.99|06 29 16.1|6.29|0.00
HR 6691|17 58 55.61|-36 51 29.9|5.74|0.90
HR 6692|17 58 39.10|-28 45 33.1|6.01|-0.08
HR 6693|17 59 05.21|-30 15 11.2|5.16|1.77
HR 6694|17 59 05.50|-30 15 11.9|7.04|1.06
HR 6695|17 56 15.19|37 15 02.2|3.86|1.35
HR 6696|17 57 26.90|11 02 39.1|6.36|0.11
HR 6697|17 57 14.30|23 59 44.9|6.30|0.63
HR 6698|17 59 01.61|-09 46 25.0|3.34|0.99
HR 6699|17 55 23.71|55 58 17.0|6.10|0.32
HR 67|00 17 47.71|01 41 20.0|6.17|0.94
HR 670|02 19 16.80|47 22 48.0|5.30|-0.01
HR 6700|17 59 47.59|-23 48 58.0|4.76|-0.04
HR 6701|17 49 27.0|76 57 46.1|5.04|0.49
HR 6702|17 56 48.41|45 21 02.9|6.02|1.64
HR 6703|17 57 45.91|29 14 52.1|3.70|0.94
HR 6704|18 00 00.10|-20 20 21.1|6.21|1.40
HR 6705|17 56 36.41|51 29 20.0|2.23|1.52
HR 6706|17 59 36.70|-04 49 17.0|5.87|1.56
HR 6707|17 58 30.19|30 11 21.8|4.41|0.39
HR 6708|18 01 48.31|-36 22 40.1|6.30|-0.03
HR 6709|18 00 15.50|00 37 45.8|6.37|0.15
HR 671|02 19 10.90|46 28 21.0|6.21|
HR 6710|18 00 28.99|-03 41 25.1|4.62|0.38
HR 6711|17 58 42.29|36 17 16.1|6.00|0.94
HR 6712|18 00 15.79|04 22 07.0|4.64|-0.03
HR 6713|18 00 03.41|16 45 02.9|4.67|1.26
HR 6714|18 00 38.71|02 55 54.1|3.97|0.02
HR 6715|18 01 23.11|-17 09 24.8|6.28|1.80
HR 6716|18 01 54.41|-22 46 50.2|5.77|0.00
HR 6717|17 50 10.51|78 18 24.1|6.24|1.44
HR 6718|17 58 52.30|45 28 34.0|6.48|-0.08
HR 6719|18 00 52.90|06 16 05.9|6.34|-0.08
HR 672|02 18 01.39|01 45 28.1|5.58|0.60
HR 6720|18 00 27.70|19 30 20.9|6.50|-0.06
HR 6721|18 54 46.90|-87 36 20.9|5.28|1.28
HR 6722|18 00 57.19|15 05 35.9|6.26|0.69
HR 6723|18 01 45.19|01 18 19.1|4.45|0.02
HR 6724|18 02 51.10|-24 16 55.9|5.34|0.52
HR 6725|17 55 11.21|72 00 18.0|5.45|0.30
HR 6726|18 00 36.41|33 12 50.0|5.99|1.51
HR 6727|18 03 01.70|-22 43 05.9|6.74|-0.05
HR 6728|17 59 56.21|45 30 05.0|5.67|1.57
HR 6729|18 01 29.90|21 35 43.1|5.18|0.95
HR 673|02 19 22.70|48 57 19.1|6.37|
HR 6730|18 01 30.41|21 35 44.2|4.96|0.12
HR 6731|18 11 15.70|-75 53 29.0|5.86|1.24
HR 6732|18 02 46.30|-05 21 31.0|6.76|0.16
HR 6733|18 03 04.99|-08 10 49.1|5.94|
HR 6734|18 03 04.90|-08 10 50.2|5.24|0.38
HR 6735|17 54 26.59|75 10 14.9|6.36|0.98
HR 6736|18 03 52.39|-24 21 38.2|5.97|0.00
HR 6737|18 01 35.90|33 18 41.0|6.15|1.55
HR 6738|18 02 23.11|20 50 01.0|5.28|-0.09
HR 6739|18 04 50.40|-35 54 05.0|6.00|1.16
HR 674|02 16 30.60|-51 30 43.9|3.56|-0.12
HR 6740|18 07 48.31|-64 33 00.0|6.41|1.26
HR 6741|18 02 30.10|22 55 23.2|6.21|-0.10
HR 6742|18 05 01.30|-29 34 48.0|4.69|0.78
HR 6743|18 06 37.90|-50 05 30.1|3.66|-0.08
HR 6744|18 03 14.69|19 36 47.2|6.50|0.01
HR 6745|18 08 34.80|-63 40 05.9|4.35|0.22
HR 6746|18 05 48.50|-30 25 27.1|2.99|1.00
HR 6747|18 04 37.30|01 55 09.1|6.14|0.00
HR 6748|18 06 23.71|-36 01 10.9|5.95|0.62
HR 6749|18 06 49.80|-43 25 28.9|5.77|0.22
HR 675|02 18 57.0|28 38 33.0|5.03|0.04
HR 6750|18 06 49.80|-43 25 28.9|5.77|
HR 6751|18 12 34.49|-73 40 18.1|5.85|0.46
HR 6752|18 05 27.29|02 29 57.8|4.03|0.86
HR 6753|18 03 09.0|48 27 51.8|6.21|0.03
HR 6754|18 04 40.20|23 56 33.0|6.34|0.30
HR 6755|18 06 07.39|-08 19 26.0|5.85|0.21
HR 6756|18 06 15.19|-04 45 05.0|5.77|0.96
HR 6757|18 06 07.39|-00 26 48.1|6.34|1.06
HR 6758|18 05 43.30|12 00 14.0|7.04|0.30
HR 6759|18 08 30.10|-45 46 01.9|6.15|-0.08
HR 676|02 18 58.1|23 10 04.1|6.46|0.34
HR 6760|18 09 57.60|-59 02 24.0|6.38|1.55
HR 6761|18 10 26.11|-62 00 07.9|5.49|0.58
HR 6762|18 07 11.40|-21 26 38.0|6.28|0.12
HR 6763|18 05 30.19|21 38 48.8|6.15|1.23
HR 6764|18 04 43.20|40 05 03.1|6.52|0.46
HR 6765|18 06 01.90|22 13 08.0|5.06|1.58
HR 6766|18 08 04.99|-28 27 25.9|4.57|0.94
HR 6767|18 05 00.79|41 56 48.1|6.34|0.26
HR 6768|18 05 49.61|32 13 50.2|5.71|1.16
HR 6769|18 07 48.41|-17 09 15.1|5.52|1.11
HR 677|02 19 37.30|39 50 06.0|6.63|-0.09
HR 6770|18 07 18.41|08 44 02.0|4.64|0.96
HR 6771|18 07 21.0|09 33 50.0|3.73|0.12
HR 6772|18 09 22.39|-36 40 21.0|6.58|-0.03
HR 6773|18 08 54.10|-25 28 21.0|6.61|0.02
HR 6774|18 14 24.10|-70 45 05.0|6.73|-0.03
HR 6775|18 07 01.51|30 33 42.8|5.04|0.52
HR 6776|18 07 48.41|13 04 16.0|6.63|0.07
HR 6777|18 09 59.90|-32 43 10.9|6.43|1.02
HR 6778|18 11 04.49|-47 30 47.2|6.07|1.20
HR 6779|18 07 32.59|28 45 45.0|3.83|-0.03
HR 678|02 15 28.51|-67 44 47.0|5.69|1.30
HR 6780|18 10 05.69|-30 43 43.0|5.53|0.97
HR 6781|18 07 49.49|26 06 05.0|5.86|0.12
HR 6782|18 07 49.49|26 05 51.0|5.90|0.14
HR 6783|18 11 13.80|-45 57 15.8|4.53|1.01
HR 6784|18 08 33.70|14 17 04.9|6.37|0.17
HR 6785|18 09 43.39|-13 56 03.8|6.39|1.42
HR 6786|18 11 05.59|-41 21 33.1|5.86|0.29
HR 6787|18 08 45.50|20 48 51.8|4.36|-0.16
HR 6788|18 10 55.20|-33 47 58.9|6.16|-0.14
HR 6789|17 32 12.89|86 35 11.0|4.36|0.02
HR 679|02 20 41.40|47 18 38.9|6.11|-0.08
HR 6790|18 06 53.50|50 49 22.1|6.29|1.04
HR 6791|18 07 28.80|43 27 42.1|5.00|0.91
HR 6792|18 07 06.29|49 42 38.2|6.32|
HR 6793|18 08 02.21|36 24 05.0|5.48|1.17
HR 6794|18 08 52.90|20 02 43.1|5.10|0.15
HR 6795|18 09 33.79|03 59 35.9|5.73|0.37
HR 6796|18 14 16.20|-63 41 21.8|6.47|1.41
HR 6797|18 09 54.0|03 07 10.9|5.69|0.47
HR 6798|18 11 14.81|-19 50 31.9|6.36|0.16
HR 6799|18 09 10.20|30 28 09.8|6.38|1.19
HR 68|00 18 19.70|36 47 07.1|4.52|0.05
HR 680|02 20 04.39|30 11 17.9|6.47|
HR 6800|18 10 40.30|03 19 27.1|5.51|1.19
HR 6801|18 11 43.39|-23 42 04.0|4.98|1.05
HR 6802|18 11 58.20|-28 54 05.0|6.51|-0.01
HR 6803|18 10 08.71|16 28 36.1|6.09|
HR 6804|18 13 12.60|-41 20 10.0|5.47|-0.17
HR 6805|18 15 40.90|-63 03 20.2|5.60|0.92
HR 6806|18 09 37.49|38 27 27.0|6.40|0.87
HR 6807|18 09 58.99|36 27 59.0|5.58|0.91
HR 6808|18 18 00.91|-68 13 45.1|6.33|-0.04
HR 6809|18 00 03.41|80 00 02.9|6.04|0.51
HR 681|02 19 20.71|-02 58 39.0|3.04|1.42
HR 6810|18 00 09.19|80 00 15.1|5.68|0.50
HR 6811|17 30 48.0|86 58 05.2|5.79|0.25
HR 6812|18 13 45.79|-21 03 32.0|3.86|0.23
HR 6813|18 13 10.1|-04 00 42.1|6.59|0.27
HR 6814|18 11 45.10|33 26 48.8|5.88|0.01
HR 6815|18 11 54.19|31 24 19.1|4.97|1.65
HR 6816|18 14 15.91|-21 42 47.2|5.44|1.52
HR 6817|18 10 31.61|54 17 12.1|5.95|0.94
HR 6818|18 15 52.70|-44 12 24.1|5.46|0.96
HR 6819|18 17 07.49|-56 01 23.9|5.33|-0.05
HR 682|02 20 58.20|50 09 05.0|5.59|-0.13
HR 6820|18 13 16.51|21 52 49.1|6.12|1.47
HR 6821|18 17 00.91|-51 04 05.9|6.06|-0.06
HR 6822|18 15 12.89|-20 43 41.9|5.38|0.07
HR 6823|18 15 12.89|-20 23 17.2|5.95|0.02
HR 6824|18 12 42.60|41 08 48.8|6.36|1.03
HR 6825|18 15 30.79|-18 39 41.0|6.07|0.20
HR 6826|18 13 04.80|38 46 25.0|6.04|-0.08
HR 6827|18 11 07.10|60 24 33.8|6.49|0.00
HR 6828|18 19 40.20|-63 53 12.8|6.18|0.58
HR 6829|18 23 36.10|-75 02 39.1|5.47|0.02
HR 683|02 18 58.51|-25 56 44.2|6.34|0.73
HR 6830|18 15 58.1|-03 37 03.0|6.36|0.20
HR 6831|18 14 43.99|29 12 25.9|6.56|0.54
HR 6832|18 17 37.61|-36 45 42.1|3.11|1.56
HR 6833|18 17 36.10|-34 06 25.9|6.16|-0.11
HR 6834|18 16 05.59|02 22 40.1|6.01|1.59
HR 6835|18 17 24.0|-28 39 09.0|6.19|0.18
HR 6836|18 17 23.71|-28 17 21.1|6.40|0.54
HR 6837|18 29 19.49|-80 13 58.1|5.95|1.16
HR 6838|18 17 11.59|-17 22 26.0|5.75|1.58
HR 6839|18 18 40.1|-42 17 17.9|6.30|-0.11
HR 684|02 19 40.80|-04 20 44.2|6.50|0.08
HR 6840|18 16 53.11|-03 00 25.9|6.00|0.89
HR 6841|18 17 28.49|-18 27 47.9|6.54|0.11
HR 6842|18 18 03.19|-27 02 33.0|4.65|1.66
HR 6843|18 17 24.19|-09 45 31.0|6.31|0.38
HR 6844|18 17 04.80|01 00 20.9|6.63|0.31
HR 6845|18 15 38.81|42 09 33.8|5.59|-0.10
HR 6846|18 18 41.69|-25 36 16.9|6.51|1.34
HR 6847|18 15 32.59|45 12 33.8|6.29|0.62
HR 6848|18 18 43.30|-18 37 09.8|6.84|0.31
HR 6849|18 14 41.11|56 35 17.9|6.37|0.34
HR 685|02 22 21.41|55 50 44.2|5.17|0.37
HR 6850|18 13 53.81|64 23 49.9|5.03|0.38
HR 6851|18 18 02.90|13 46 36.8|6.30|-0.03
HR 6852|18 18 07.70|18 07 53.0|5.99|0.03
HR 6853|18 17 06.79|40 56 12.1|6.11|0.99
HR 6854|18 18 07.70|23 17 48.1|6.63|
HR 6855|18 23 13.61|-61 29 38.0|4.36|1.48
HR 6856|18 20 55.30|-37 29 15.0|6.45|1.31
HR 6857|18 19 09.50|07 15 34.9|5.39|1.07
HR 6858|18 20 08.81|-15 49 54.1|5.39|1.47
HR 6859|18 20 59.69|-29 49 41.2|2.70|1.38
HR 686|02 19 24.70|-41 50 53.9|6.37|1.16
HR 6860|18 19 10.70|24 26 46.0|5.27|1.53
HR 6861|18 21 31.39|-24 54 54.0|6.25|1.84
HR 6862|18 22 18.60|-38 39 24.8|5.10|1.49
HR 6863|18 21 23.11|-18 51 36.0|5.75|0.94
HR 6864|18 22 00.19|-28 25 48.0|6.16|0.26
HR 6865|18 15 16.99|68 45 20.9|5.95|1.06
HR 6866|18 20 52.10|03 22 37.9|4.86|0.91
HR 6867|18 19 52.10|29 39 58.0|5.99|1.29
HR 6868|18 20 17.90|21 57 41.0|4.95|1.59
HR 6869|18 21 18.60|-02 53 56.0|3.26|0.94
HR 687|02 22 50.30|41 23 47.0|5.82|0.27
HR 6870|18 22 53.11|-36 40 09.8|5.34|-0.14
HR 6871|18 25 31.51|-63 01 17.0|6.14|0.20
HR 6872|18 19 51.70|36 03 51.8|4.33|1.17
HR 6873|18 21 28.49|05 26 08.9|6.13|-0.04
HR 6874|18 23 28.90|-36 14 17.9|5.55|1.02
HR 6875|18 24 18.19|-44 06 37.1|5.25|-0.19
HR 6876|18 20 57.10|29 51 32.0|5.63|0.21
HR 6877|18 21 01.1|28 52 12.0|5.12|0.20
HR 6878|18 23 02.21|-10 13 07.0|6.33|0.14
HR 6879|18 24 10.30|-34 23 04.9|1.85|-0.03
HR 688|02 19 54.29|-55 56 40.9|5.81|1.55
HR 6880|18 19 56.11|51 20 52.1|6.30|1.10
HR 6881|18 23 12.19|-12 00 52.9|5.73|0.01
HR 6882|18 22 08.71|23 17 07.1|5.41|1.60
HR 6883|18 22 35.30|12 01 44.0|5.89|0.04
HR 6884|18 23 39.50|-08 56 03.1|4.68|0.95
HR 6885|18 22 49.1|17 49 36.1|5.25|1.27
HR 6886|18 21 07.10|49 43 32.2|6.40|1.07
HR 6887|18 23 02.90|16 41 17.2|6.22|1.20
HR 6888|18 25 01.51|-30 45 24.1|5.60|1.14
HR 6889|18 25 21.70|-35 59 30.1|6.15|1.00
HR 689|02 21 56.59|00 23 44.9|5.28|1.65
HR 6890|18 24 03.50|-03 34 59.9|6.38|0.34
HR 6891|18 21 32.71|49 07 18.1|5.05|1.66
HR 6892|18 24 42.10|-07 04 31.1|6.31|1.16
HR 6893|18 25 54.60|-33 56 43.1|6.30|-0.08
HR 6894|18 26 53.90|-48 07 00.8|5.46|0.84
HR 6895|18 23 41.90|21 46 10.9|3.84|1.18
HR 6896|18 25 21.0|-20 32 30.1|4.81|1.31
HR 6897|18 26 58.39|-45 58 05.9|3.51|-0.17
HR 6898|18 24 57.0|-01 34 45.8|6.15|0.37
HR 6899|18 32 55.30|-73 57 56.2|5.89|0.98
HR 69|00 18 17.21|11 12 20.9|6.05|1.03
HR 690|02 23 51.79|55 21 51.8|6.28|0.86
HR 6900|18 25 08.81|05 05 04.9|6.74|0.02
HR 6901|18 23 57.41|38 44 21.1|6.36|
HR 6902|18 25 38.81|08 01 54.8|5.65|0.92
HR 6903|18 24 13.80|39 30 25.9|5.12|0.03
HR 6904|18 24 58.49|27 23 43.1|6.27|0.05
HR 6905|18 28 49.90|-49 04 14.9|4.13|1.02
HR 6906|18 25 55.39|14 58 00.1|6.37|0.01
HR 6907|18 27 49.49|-29 48 59.0|5.92|0.52
HR 6908|18 29 56.69|-57 31 23.2|5.76|0.98
HR 6909|18 27 43.80|-26 38 04.9|6.31|0.26
HR 691|02 22 12.41|-00 53 06.0|5.42|0.31
HR 6910|18 28 27.10|-38 59 44.2|5.64|0.13
HR 6911|18 23 47.81|53 18 02.9|6.32|0.16
HR 6912|18 42 14.9|-81 48 28.1|6.27|-0.13
HR 6913|18 27 58.20|-25 25 18.1|2.81|1.04
HR 6914|18 28 06.19|-26 45 25.9|6.27|0.16
HR 6915|18 29 12.89|-43 50 44.9|6.36|0.90
HR 6916|18 31 22.39|-62 16 41.9|4.64|-0.11
HR 6917|18 25 58.80|29 49 44.0|5.83|0.06
HR 6918|18 27 12.50|00 11 46.0|5.21|0.50
HR 6919|18 27 56.50|-17 48 00.0|6.20|0.01
HR 692|02 22 01.39|-10 46 40.1|5.46|0.35
HR 6920|18 20 45.50|71 20 16.1|4.22|-0.10
HR 6921|18 29 16.80|-38 51 04.0|6.63|-0.02
HR 6922|18 29 55.80|-47 13 13.1|5.70|1.26
HR 6923|18 23 54.50|58 48 02.2|4.98|0.08
HR 6924|18 26 40.90|26 26 57.8|6.53|-0.11
HR 6925|18 27 50.30|03 44 55.0|6.07|1.62
HR 6926|18 28 57.41|-26 34 54.1|6.50|0.11
HR 6927|18 21 03.41|72 43 58.1|3.57|0.49
HR 6928|18 27 58.80|06 11 39.1|5.73|-0.03
HR 6929|18 29 22.1|-25 15 23.0|6.59|0.07
HR 693|02 22 04.99|-17 39 43.9|5.87|1.23
HR 6930|18 29 11.90|-14 33 56.9|4.70|0.06
HR 6931|18 31 03.0|-41 54 49.0|6.04|0.14
HR 6932|18 29 46.80|-14 34 54.1|5.96|-0.04
HR 6933|18 30 11.90|-18 43 44.0|5.66|1.06
HR 6934|18 31 45.41|-45 54 54.0|4.96|-0.11
HR 6935|18 29 40.99|-01 59 07.1|5.39|0.96
HR 6936|18 31 04.80|-32 59 21.1|5.34|0.16
HR 6937|18 31 56.21|-43 30 28.1|5.72|1.34
HR 6938|18 32 01.99|-45 45 25.9|5.07|-0.14
HR 6939|18 33 29.50|-58 42 33.1|6.44|0.68
HR 694|02 24 24.89|50 00 24.1|5.19|0.98
HR 6940|18 30 14.30|-05 43 27.1|6.28|0.95
HR 6941|18 30 05.9|04 03 55.1|6.69|0.11
HR 6942|18 32 21.41|-39 42 14.0|5.16|0.08
HR 6943|18 29 35.69|23 51 58.0|5.90|-0.10
HR 6944|18 31 26.30|-18 24 10.1|5.14|0.00
HR 6945|18 25 59.9|65 33 49.0|4.82|1.19
HR 6946|18 31 25.70|-10 47 44.9|5.72|0.24
HR 6947|18 31 53.30|-19 07 30.0|6.68|1.13
HR 6948|18 33 00.91|-39 53 31.9|6.22|0.42
HR 6949|18 27 42.29|59 32 57.1|6.43|
HR 695|02 22 32.59|-23 48 59.0|5.20|0.60
HR 6950|18 30 41.59|20 48 55.1|6.50|0.79
HR 6951|18 33 30.19|-42 18 45.0|4.64|1.01
HR 6952|18 33 23.30|-38 43 13.1|6.32|
HR 6953|18 33 23.11|-38 43 34.0|5.65|-0.06
HR 6954|18 34 31.20|-52 53 30.8|6.22|1.25
HR 6955|18 31 04.39|16 55 43.0|5.77|0.04
HR 6956|18 32 20.81|-14 38 39.1|6.37|0.22
HR 6957|18 31 57.0|-01 00 11.2|5.94|0.16
HR 6958|18 32 07.1|03 39 34.9|6.43|-0.04
HR 6959|18 32 43.30|-14 51 56.2|5.50|1.97
HR 696|02 25 16.1|56 36 36.0|6.25|0.31
HR 6960|18 33 57.79|-33 01 00.1|5.28|-0.11
HR 6961|18 33 53.50|-24 01 57.0|5.49|1.79
HR 6962|18 33 39.0|-14 51 13.0|5.76|0.04
HR 6963|18 33 22.90|-05 54 41.0|6.36|0.02
HR 6964|18 51 57.89|-83 18 59.0|7.16|1.26
HR 6965|18 34 32.81|-24 13 21.0|6.51|0.54
HR 6966|18 32 46.20|23 37 00.8|5.84|1.46
HR 6967|18 33 23.30|08 16 05.9|6.42|-0.03
HR 6968|18 32 49.90|30 33 15.1|5.48|-0.10
HR 6969|18 35 21.29|-20 50 26.9|6.48|0.28
HR 697|02 22 57.79|-18 21 15.8|6.22|0.94
HR 6970|18 35 02.40|-10 58 37.9|5.14|0.92
HR 6971|18 33 23.11|30 53 33.0|6.59|-0.12
HR 6972|18 35 59.69|-29 41 57.1|6.37|1.27
HR 6973|18 35 12.41|-08 14 39.1|3.85|1.33
HR 6974|18 32 11.40|52 06 56.2|6.56|-0.07
HR 6975|18 34 19.61|20 27 59.0|6.57|0.11
HR 6976|18 34 47.50|10 53 30.1|6.40|0.08
HR 6977|18 35 12.60|18 12 11.9|5.78|0.00
HR 6978|18 32 34.49|57 02 44.2|4.77|0.61
HR 6979|18 31 14.81|65 26 10.0|6.59|0.30
HR 698|02 22 11.81|-43 12 00.0|6.31|1.00
HR 6980|18 35 30.41|23 36 20.2|5.61|1.00
HR 6981|18 35 53.21|16 58 32.2|6.21|0.53
HR 6982|18 43 02.11|-71 25 41.2|4.01|1.14
HR 6983|18 33 56.69|52 21 13.0|5.36|1.09
HR 6984|18 35 13.49|34 27 28.1|6.10|-0.11
HR 6985|18 36 27.79|09 07 21.0|5.39|0.37
HR 6986|18 39 14.30|-47 54 34.9|5.86|0.23
HR 6987|18 36 39.10|06 40 18.8|5.45|0.37
HR 6988|18 37 54.41|-21 23 52.1|5.94|0.19
HR 6989|18 38 04.61|-14 00 16.9|6.47|0.21
HR 699|02 25 37.39|50 16 43.0|4.71|1.53
HR 6990|18 38 30.70|-23 30 18.0|5.81|0.02
HR 6991|18 39 34.99|-43 11 10.0|5.37|1.68
HR 6992|18 37 12.60|11 25 18.1|6.42|-0.02
HR 6993|18 37 36.0|-00 18 33.8|5.75|0.07
HR 6994|18 47 49.39|-77 52 01.9|6.39|0.60
HR 6995|18 37 09.0|16 11 53.9|6.29|0.90
HR 6996|18 42 22.51|-64 38 35.2|6.37|0.15
HR 6997|18 36 37.20|33 28 08.0|5.42|-0.10
HR 6998|18 38 53.40|-21 03 06.8|5.86|0.68
HR 6999|18 38 23.71|-03 11 37.0|6.49|0.55
HR 7|00 06 26.50|64 11 46.0|5.59|-0.03
HR 70|00 18 42.10|43 47 28.0|6.11|-0.08
HR 700|02 23 06.50|-37 34 35.0|6.53|1.61
HR 7000|18 38 19.10|-01 06 47.9|6.66|0.42
HR 7001|18 36 56.30|38 47 01.0|0.03|0.00
HR 7002|18 38 21.0|08 50 02.0|6.40|1.32
HR 7003|18 36 45.60|43 13 18.8|6.20|0.24
HR 7004|18 43 37.20|-64 33 04.0|5.78|0.96
HR 7005|18 41 30.60|-48 05 42.0|6.49|1.22
HR 7006|18 29 44.90|77 32 48.8|5.64|1.18
HR 7007|18 40 00.50|-07 47 26.2|5.84|1.55
HR 7008|18 39 36.89|05 15 51.1|6.38|0.78
HR 7009|18 38 06.50|39 40 05.2|6.04|1.65
HR 701|02 22 54.60|-51 05 31.9|5.92|0.22
HR 7010|18 39 51.60|07 21 29.9|6.28|0.96
HR 7011|18 41 51.60|-23 49 59.9|6.23|0.23
HR 7012|18 45 26.90|-64 52 17.0|4.79|0.20
HR 7013|18 36 13.30|65 29 19.0|6.06|0.28
HR 7014|18 41 42.50|-14 33 51.1|6.42|0.81
HR 7015|18 45 11.50|-61 05 42.0|6.04|1.46
HR 7016|18 40 01.99|30 50 57.8|6.36|
HR 7017|18 39 33.10|40 56 06.0|6.25|-0.06
HR 7018|18 37 33.50|62 31 36.1|5.74|-0.06
HR 7019|18 40 12.19|38 22 01.9|6.45|0.21
HR 702|02 24 49.1|10 36 38.2|5.47|-0.10
HR 7020|18 42 16.39|-09 03 09.0|4.72|0.35
HR 7021|18 43 46.90|-38 19 25.0|5.13|0.09
HR 7022|18 45 23.71|-56 52 54.1|6.22|1.38
HR 7023|18 42 55.20|-19 17 02.0|6.35|1.75
HR 7024|18 42 36.10|-07 04 23.9|6.15|1.00
HR 7025|18 24 09.19|83 10 31.1|6.17|0.05
HR 7026|18 44 07.70|-36 43 07.0|6.32|0.98
HR 7027|18 49 43.49|-72 59 40.9|6.06|0.00
HR 7028|18 39 52.80|52 11 46.0|6.00|-0.07
HR 7029|18 44 19.39|-35 38 30.8|4.87|-0.18
HR 703|02 24 20.11|-25 50 51.0|6.44|1.32
HR 7030|18 41 41.30|31 37 04.1|6.41|-0.04
HR 7031|18 44 57.19|-39 41 11.0|5.43|0.87
HR 7032|18 43 31.30|-08 16 31.1|4.90|1.12
HR 7033|18 42 08.11|34 44 48.1|6.47|-0.13
HR 7034|18 43 51.41|-06 49 07.0|6.31|0.48
HR 7035|18 44 49.61|-25 00 40.0|5.83|0.05
HR 7036|18 48 37.80|-65 04 40.1|5.73|0.24
HR 7037|18 46 59.9|-50 05 39.8|6.54|0.28
HR 7038|18 45 18.70|-21 00 05.0|6.36|0.45
HR 7039|18 45 39.41|-26 59 26.9|3.17|-0.11
HR 704|02 24 58.39|-02 46 48.0|6.33|0.00
HR 7040|18 44 49.90|02 03 36.0|5.02|-0.06
HR 7041|18 43 16.70|39 18 01.1|6.45|1.59
HR 7042|18 40 56.30|62 44 58.9|6.09|0.98
HR 7043|18 43 36.10|36 33 24.1|6.01|1.04
HR 7044|18 43 51.60|31 55 36.1|5.70|0.34
HR 7045|18 46 01.20|-19 36 23.0|6.42|1.65
HR 7046|18 46 20.59|-22 23 31.9|5.37|1.64
HR 7047|18 44 40.20|23 35 22.9|6.31|0.40
HR 7048|18 45 28.39|05 29 58.9|5.83|0.04
HR 7049|18 42 37.90|55 32 21.8|5.04|-0.09
HR 705|02 21 44.90|-68 39 33.8|4.09|0.03
HR 7050|18 47 44.59|-40 24 22.0|5.24|0.78
HR 7051|18 44 20.40|39 40 12.0|5.06|0.16
HR 7052|18 44 20.30|39 40 16.0|6.02|
HR 7053|18 44 22.90|39 36 47.2|5.14|0.19
HR 7054|18 44 22.90|39 36 46.1|5.37|
HR 7055|18 46 43.30|-10 07 30.0|5.71|0.59
HR 7056|18 44 46.39|37 36 18.0|4.36|0.19
HR 7057|18 44 48.19|37 35 39.8|5.73|0.28
HR 7058|18 45 35.69|21 59 06.0|6.51|0.02
HR 7059|18 46 28.49|-00 57 42.1|5.90|0.13
HR 706|02 24 33.79|-40 50 26.2|6.18|0.66
HR 7060|18 43 28.99|53 52 18.8|6.11|0.12
HR 7061|18 45 39.70|20 32 47.0|4.19|0.46
HR 7062|18 48 50.50|-43 40 48.0|5.49|0.13
HR 7063|18 47 10.51|-04 44 52.1|4.22|1.10
HR 7064|18 46 04.49|26 39 43.9|4.83|1.20
HR 7065|18 49 27.41|-45 48 37.1|5.81|0.90
HR 7066|18 47 28.99|-05 42 18.0|5.20|1.47
HR 7067|18 46 41.40|18 42 20.9|6.17|1.59
HR 7068|18 49 34.99|-43 26 02.0|5.61|-0.08
HR 7069|18 47 01.30|18 10 53.0|4.36|0.13
HR 707|02 29 04.1|67 24 09.0|4.52|0.12
HR 7070|18 49 17.21|-34 44 55.0|6.62|1.08
HR 7071|18 44 55.39|54 53 48.1|6.23|0.82
HR 7072|18 48 45.31|-18 36 05.0|6.47|
HR 7073|18 46 13.1|41 26 30.1|6.07|-0.13
HR 7074|18 52 13.1|-62 11 15.0|4.22|-0.14
HR 7075|18 44 18.19|61 02 53.2|5.99|0.96
HR 7076|18 48 02.71|04 14 29.0|6.21|1.51
HR 7077|18 49 35.50|-19 08 31.9|6.75|0.20
HR 7078|18 49 40.10|-20 19 28.9|5.24|1.41
HR 7079|18 48 16.39|23 30 51.1|6.15|0.49
HR 708|02 25 57.0|-12 17 26.2|4.89|-0.03
HR 7080|18 46 58.99|46 18 54.0|6.52|0.07
HR 7081|18 47 57.50|31 45 24.8|6.06|-0.13
HR 7082|18 43 10.20|70 47 34.1|6.44|
HR 7083|18 49 40.99|-05 54 46.1|5.99|1.60
HR 7084|18 46 43.10|52 59 17.2|5.88|-0.09
HR 7085|18 49 37.10|00 50 08.9|6.25|0.04
HR 7086|18 48 53.40|19 19 43.0|5.88|0.03
HR 7087|18 52 39.60|-52 06 27.0|5.17|0.94
HR 7088|18 50 50.50|-22 09 43.9|6.61|0.38
HR 7089|18 50 19.99|-07 54 27.0|6.80|3.09
HR 709|02 27 51.79|50 34 10.9|6.12|0.41
HR 7090|18 47 40.1|49 04 30.0|6.40|
HR 7091|18 49 14.40|25 02 47.0|6.59|
HR 7092|18 52 27.10|-46 35 43.1|5.54|1.63
HR 7093|18 53 12.10|-51 55 52.0|6.31|-0.09
HR 7094|18 50 58.49|-09 46 27.1|5.83|0.61
HR 7095|18 53 02.50|-48 21 36.0|6.19|0.14
HR 7096|18 48 16.10|48 46 03.0|6.12|0.21
HR 7097|18 52 59.59|-46 35 08.9|6.19|0.03
HR 7098|18 49 43.99|31 37 45.1|6.64|0.02
HR 7099|18 50 45.60|10 58 35.0|6.55|
HR 71|00 18 38.30|31 31 01.9|5.87|-0.01
HR 710|02 26 00.31|-15 20 28.0|5.83|0.15
HR 7100|18 49 45.91|32 48 46.1|5.91|-0.16
HR 7101|18 51 22.10|-03 19 04.1|6.10|0.30
HR 7102|18 49 52.90|32 33 02.9|5.25|0.08
HR 7103|18 52 28.49|-26 39 01.1|6.29|0.94
HR 7104|18 52 37.1|-29 22 45.8|6.13|1.35
HR 7105|18 52 41.69|-30 44 03.1|6.63|-0.05
HR 7106|18 50 04.80|33 21 46.1|3.45|0.00
HR 7107|18 56 57.0|-67 14 01.0|4.44|0.71
HR 7108|18 54 32.30|-49 52 43.0|6.60|0.08
HR 7109|18 52 01.90|13 57 56.2|6.14|0.00
HR 711|02 27 07.1|27 00 47.9|6.18|1.43
HR 7110|18 53 01.90|-09 34 34.0|6.34|0.20
HR 7111|18 56 54.70|-62 48 04.0|6.48|1.53
HR 7112|18 51 35.90|28 47 01.0|6.18|1.18
HR 7113|18 52 16.39|21 25 31.1|5.48|-0.07
HR 7114|18 54 00.10|-21 21 34.9|5.69|1.23
HR 7115|18 51 36.50|36 32 19.0|6.09|-0.11
HR 7116|18 54 10.20|-22 44 42.0|4.83|1.41
HR 7117|18 45 46.70|74 05 08.2|5.27|0.92
HR 7118|18 52 07.10|41 22 59.9|6.28|-0.09
HR 7119|18 54 43.10|-15 36 11.2|5.10|0.17
HR 712|02 27 27.70|31 48 05.0|5.54|1.12
HR 7120|18 55 07.10|-22 40 17.0|4.99|1.33
HR 7121|18 55 15.91|-26 17 48.1|2.02|-0.22
HR 7122|18 56 16.90|-42 42 38.2|5.36|1.00
HR 7123|18 51 34.99|52 58 30.0|5.51|0.84
HR 7124|18 46 22.20|75 26 02.0|5.35|0.05
HR 7125|18 51 12.10|59 23 17.9|4.66|1.19
HR 7126|18 55 31.1|-16 22 36.1|5.79|0.36
HR 7127|18 58 36.41|-60 12 02.2|5.14|1.37
HR 7128|18 56 00.60|-23 10 25.0|5.93|-0.02
HR 7129|18 56 40.51|-37 20 35.9|5.38|-0.14
HR 713|02 26 35.21|-20 02 34.1|5.88|1.26
HR 7130|19 00 03.50|-66 39 11.9|6.01|0.97
HR 7131|18 53 43.61|36 58 18.1|5.58|-0.15
HR 7132|18 54 13.20|27 54 33.8|5.62|1.35
HR 7133|18 54 44.90|22 38 42.0|4.59|0.78
HR 7134|18 58 27.70|-52 56 19.0|4.87|-0.05
HR 7135|18 55 27.50|06 36 55.1|5.57|1.04
HR 7136|18 57 34.70|-39 49 23.9|6.31|0.20
HR 7137|18 53 13.61|50 42 29.9|4.92|0.90
HR 7138|18 54 14.30|41 13 32.2|7.30|
HR 7139|18 54 30.19|36 53 56.0|4.30|1.68
HR 714|02 24 53.90|-60 18 42.8|5.35|0.39
HR 7140|18 54 52.51|33 58 07.0|6.02|0.91
HR 7141|18 56 13.20|04 12 13.0|4.62|0.17
HR 7142|18 56 14.59|04 12 06.8|4.98|0.20
HR 7143|18 56 22.70|-01 48 00.0|6.22|-0.05
HR 7144|18 56 25.61|02 28 16.0|6.15|0.97
HR 7145|18 57 20.50|-20 39 23.0|5.08|0.13
HR 7146|18 54 52.20|41 36 10.1|5.44|1.03
HR 7147|18 56 03.89|17 59 42.0|6.63|-0.04
HR 7148|18 56 06.19|18 06 19.1|5.69|1.09
HR 7149|18 57 03.70|-05 50 46.0|4.83|1.08
HR 715|02 22 52.30|-73 38 44.9|5.01|1.09
HR 7150|18 57 43.80|-21 06 24.1|3.51|1.18
HR 7151|18 58 21.29|-31 02 10.0|6.12|1.35
HR 7152|18 58 43.39|-37 06 27.0|4.87|0.41
HR 7153|18 53 46.30|57 29 12.8|6.22|1.23
HR 7154|18 54 47.11|48 51 34.9|5.77|0.43
HR 7155|18 58 20.50|-24 52 36.1|6.62|0.08
HR 7156|18 59 11.11|-39 32 04.9|6.49|-0.04
HR 7157|18 55 20.9|43 56 46.0|4.04|1.59
HR 7158|18 57 16.61|02 32 07.1|5.57|0.00
HR 7159|18 58 24.60|-22 31 45.8|6.14|0.09
HR 716|02 29 25.1|55 32 11.0|6.51|0.09
HR 7160|18 45 38.11|79 56 33.0|6.39|0.28
HR 7161|19 03 29.69|-68 45 19.1|5.88|0.56
HR 7162|18 57 01.61|32 54 05.0|5.22|0.59
HR 7163|18 58 23.81|06 14 25.1|6.21|0.46
HR 7164|18 59 26.81|-18 34 00.8|6.37|0.99
HR 7165|18 58 14.69|17 21 38.9|5.38|0.80
HR 7166|18 59 23.81|-12 50 26.2|5.53|-0.04
HR 7167|18 58 46.90|13 54 24.1|5.89|0.25
HR 7168|19 00 24.79|-24 56 31.9|6.36|1.25
HR 7169|19 01 03.19|-37 03 38.9|6.69|
HR 717|02 28 10.1|29 40 09.8|5.29|
HR 7170|19 01 04.30|-37 03 42.8|6.40|-0.03
HR 7171|18 58 45.10|19 47 39.1|6.50|-0.04
HR 7172|18 59 05.69|13 37 21.0|5.23|0.53
HR 7173|18 59 17.50|10 08 26.9|6.75|0.25
HR 7174|18 58 01.90|38 15 58.0|5.89|-0.17
HR 7175|18 56 45.0|57 48 54.0|5.66|1.15
HR 7176|18 59 37.39|15 04 05.9|4.02|1.08
HR 7177|19 02 08.71|-41 54 36.0|6.23|0.00
HR 7178|18 58 56.59|32 41 21.8|3.24|-0.05
HR 7179|18 58 46.61|40 40 45.1|6.22|-0.16
HR 718|02 28 09.50|08 27 36.0|4.28|-0.06
HR 7180|18 54 23.90|71 17 49.9|4.82|1.15
HR 7181|18 59 45.50|26 13 50.2|5.27|1.24
HR 7182|19 01 37.80|-22 41 44.2|6.24|1.66
HR 7183|18 59 58.10|22 48 52.9|6.29|1.75
HR 7184|18 57 28.39|58 13 31.1|6.46|0.08
HR 7185|18 59 12.29|39 13 04.1|6.41|-0.17
HR 7186|19 01 33.50|-15 16 57.0|6.32|1.00
HR 7187|18 56 25.61|65 15 29.2|5.63|0.95
HR 7188|19 03 06.89|-42 05 43.1|4.75|-0.02
HR 7189|18 19 58.0|-25 11 03.0||
HR 719|02 28 00.0|01 57 38.9|6.45|0.97
HR 7190|19 03 57.41|-51 01 07.0|5.93|1.24
HR 7191|18 57 17.40|62 23 48.1|6.45|0.93
HR 7192|19 00 00.91|32 08 44.2|4.93|1.47
HR 7193|19 01 40.80|-05 44 20.0|4.02|1.09
HR 7194|19 02 36.70|-29 52 49.1|2.60|0.08
HR 7195|19 02 27.70|-24 50 48.8|5.65|1.23
HR 7196|18 58 59.59|50 48 33.8|6.30|0.98
HR 7197|19 03 17.71|-38 15 11.9|5.74|0.32
HR 7198|19 01 05.50|19 18 34.9|6.39|
HR 7199|18 53 33.19|75 47 15.0|6.22|
HR 72|00 18 41.81|-08 03 10.1|6.46|0.68
HR 720|02 28 48.50|29 55 54.8|5.89|0.58
HR 7200|19 01 22.61|20 50 01.0|6.69|0.02
HR 7201|19 00 19.1|40 41 03.1|6.65|
HR 7202|19 01 17.40|26 17 29.0|5.69|-0.08
HR 7203|19 03 03.79|-19 14 43.1|6.05|1.29
HR 7204|19 00 55.20|33 48 07.9|6.01|0.97
HR 7205|19 03 07.1|-19 06 11.9|6.37|0.48
HR 7206|19 01 34.90|25 01 32.9|6.72|
HR 7207|19 01 49.49|22 15 50.0|6.40|0.16
HR 7208|19 02 21.60|08 22 27.1|6.30|1.67
HR 7209|19 02 54.50|-03 41 56.0|5.42|0.00
HR 721|02 26 59.11|-47 42 14.0|4.25|-0.14
HR 7210|19 00 13.70|50 32 01.0|5.38|-0.18
HR 7211|19 04 25.10|-31 02 48.8|5.50|0.03
HR 7212|19 01 48.31|33 37 17.0|6.39|-0.12
HR 7213|19 06 19.90|-52 20 26.9|5.16|0.53
HR 7214|19 03 32.21|01 49 08.0|5.83|0.18
HR 7215|19 01 26.40|46 56 04.9|5.01|0.19
HR 7216|19 02 52.61|19 39 40.0|6.09|1.34
HR 7217|19 04 40.99|-21 44 30.1|3.77|1.01
HR 7218|19 00 43.39|55 39 29.9|5.48|0.86
HR 7219|19 04 10.70|03 19 50.2|6.73|0.13
HR 722|02 25 26.30|-66 29 40.9|6.41|1.54
HR 7220|19 04 24.19|-05 41 06.0|6.90|4.19
HR 7221|19 09 52.70|-68 25 28.9|5.33|0.91
HR 7222|19 03 42.50|21 16 04.1|6.52|0.32
HR 7223|19 06 55.61|-48 17 57.1|5.97|-0.02
HR 7224|18 58 52.61|69 31 52.0|6.52|-0.15
HR 7225|19 04 57.60|-04 01 53.0|5.42|1.12
HR 7226|19 06 25.10|-37 03 47.9|4.93|0.52
HR 7227|19 06 25.10|-37 03 47.9|4.99|0.52
HR 7228|21 08 46.20|-88 57 23.0|5.47|0.27
HR 7229|19 02 07.1|52 15 40.0|6.31|1.00
HR 723|02 29 13.61|23 28 08.0|6.19|0.15
HR 7230|19 05 41.21|-15 39 37.1|5.97|-0.02
HR 7231|19 05 18.60|-01 30 46.1|6.53|0.35
HR 7232|19 06 52.51|-37 48 37.1|6.16|0.72
HR 7233|19 08 52.10|-55 43 13.1|6.49|1.10
HR 7234|19 06 56.40|-27 40 14.2|3.32|1.19
HR 7235|19 05 24.60|13 51 47.9|2.99|0.01
HR 7236|19 06 14.90|-04 52 57.0|3.44|-0.09
HR 7237|19 04 57.89|31 44 39.8|5.56|1.54
HR 7238|19 04 58.30|30 43 59.9|6.06|1.55
HR 7239|19 06 52.30|-16 13 44.0|6.03|-0.04
HR 724|02 28 01.70|-33 48 40.0|5.14|0.10
HR 7240|19 07 30.91|-28 38 12.8|6.04|1.61
HR 7241|19 07 08.50|-18 44 16.1|6.29|-0.04
HR 7242|19 08 20.90|-40 29 48.1|4.59|1.09
HR 7243|19 06 22.20|08 13 48.0|6.09|1.60
HR 7244|19 05 47.11|29 55 18.1|6.31|1.65
HR 7245|19 07 09.10|00 38 30.1|6.56|0.05
HR 7246|19 08 14.59|-24 39 24.8|6.30|0.04
HR 7247|18 57 57.19|77 03 02.9|6.54|0.38
HR 7248|19 06 58.61|11 04 17.0|5.09|-0.07
HR 7249|19 08 16.70|-19 17 24.0|5.54|-0.11
HR 725|02 29 35.30|09 33 56.9|6.07|1.02
HR 7250|19 06 38.40|24 15 02.9|5.77|0.09
HR 7251|19 04 55.20|53 23 48.1|5.38|-0.01
HR 7252|19 05 09.91|49 55 23.9|6.43|
HR 7253|19 06 37.70|28 37 43.0|5.55|0.29
HR 7254|19 09 28.30|-37 54 15.8|4.11|0.04
HR 7255|19 09 39.70|-39 49 41.2|6.46|1.06
HR 7256|19 09 36.41|-36 09 52.9|6.56|-0.02
HR 7257|19 09 57.79|-41 53 33.0|5.88|-0.08
HR 7258|19 06 16.99|41 24 50.0|6.49|-0.15
HR 7259|19 10 01.70|-39 20 26.9|4.11|1.20
HR 726|02 30 16.61|33 50 02.0|6.25|1.07
HR 7260|19 07 57.29|16 51 11.9|6.07|0.70
HR 7261|19 07 25.61|32 30 06.1|5.23|0.34
HR 7262|19 07 18.10|36 06 01.1|5.28|-0.11
HR 7263|19 08 03.60|21 41 56.0|6.23|0.40
HR 7264|19 09 45.79|-21 01 25.0|2.89|0.35
HR 7265|19 09 48.10|-19 48 13.0|6.13|1.16
HR 7266|19 08 59.90|06 04 23.9|5.22|0.35
HR 7267|19 08 40.20|16 51 05.0|6.48|0.52
HR 7268|19 11 01.80|-39 00 18.0|6.36|0.01
HR 7269|19 09 51.60|-00 25 41.2|6.34|-0.04
HR 727|02 28 35.40|-31 06 09.0|6.11|1.11
HR 7270|19 11 18.89|-29 30 07.9|6.30|-0.04
HR 7271|19 12 46.10|-50 29 11.0|6.13|0.95
HR 7272|19 09 04.39|34 36 02.2|6.74|0.63
HR 7273|19 12 09.79|-37 34 58.1|6.57|1.02
HR 7274|19 16 28.49|-69 11 26.2|6.27|0.17
HR 7275|19 08 25.80|52 25 32.2|5.81|1.09
HR 7276|19 12 28.1|-21 39 29.2|6.41|1.13
HR 7277|19 13 13.70|-25 54 24.1|5.80|1.38
HR 7278|19 17 12.0|-66 39 41.0|5.53|0.18
HR 7279|19 12 40.70|-07 56 21.8|5.34|0.13
HR 728|02 30 32.40|25 14 06.0|5.92|0.41
HR 7280|19 11 30.91|26 44 08.9|6.36|0.41
HR 7281|19 14 39.70|-45 11 35.9|5.92|0.90
HR 7282|19 13 15.50|-12 16 57.0|5.51|1.44
HR 7283|19 11 46.1|31 16 59.9|5.98|-0.07
HR 7284|19 11 23.11|40 25 45.1|6.18|0.09
HR 7285|19 12 34.39|16 50 47.0|6.73|-0.01
HR 7286|19 12 36.70|21 33 15.8|5.93|0.03
HR 7287|19 13 42.70|02 17 37.0|5.15|-0.07
HR 7288|19 13 44.9|05 30 56.9|6.49|0.09
HR 7289|19 16 21.70|-45 27 59.0|5.40|1.35
HR 729|02 30 38.40|19 51 19.1|6.15|0.25
HR 7290|19 09 45.79|65 58 43.0|6.25|0.00
HR 7291|19 15 33.19|-24 10 45.1|6.25|0.54
HR 7292|19 15 32.40|-25 15 24.1|4.85|0.56
HR 7293|19 12 04.61|49 51 15.1|6.75|0.65
HR 7294|19 12 04.99|49 51 22.0|6.57|0.65
HR 7295|19 11 40.51|56 51 33.1|5.12|1.01
HR 7296|19 16 32.81|-33 31 18.1|6.25|0.02
HR 7297|19 18 09.41|-53 23 12.1|6.38|0.49
HR 7298|19 13 45.50|39 08 46.0|4.39|-0.15
HR 7299|19 15 02.59|20 12 11.9|6.00|0.88
HR 73|00 18 42.60|-43 14 07.1|6.33|1.21
HR 730|02 29 55.39|-22 40 58.1|6.77|0.19
HR 7300|19 15 20.9|15 05 01.0|5.57|1.07
HR 7301|19 15 17.40|21 13 55.9|5.64|0.11
HR 7302|19 15 24.79|30 31 35.0|5.85|1.67
HR 7303|19 16 31.1|04 50 04.9|5.59|0.08
HR 7304|19 17 38.11|-18 57 11.2|4.96|1.02
HR 7305|19 15 57.0|27 27 20.2|6.54|-0.06
HR 7306|19 16 13.1|21 23 25.1|4.77|-0.05
HR 7307|19 16 26.81|14 32 40.9|5.63|-0.02
HR 7308|19 15 59.40|27 55 36.8|6.16|0.61
HR 7309|19 13 55.20|57 42 18.0|4.99|1.16
HR 731|02 30 54.41|17 42 14.0|6.23|0.90
HR 7310|19 12 33.31|67 39 42.1|3.07|1.00
HR 7311|19 15 19.30|50 04 14.9|6.27|
HR 7312|19 09 09.79|76 33 38.2|5.13|0.31
HR 7313|19 17 48.19|02 01 54.1|6.19|0.02
HR 7314|19 16 22.10|38 08 01.0|4.36|1.26
HR 7315|19 17 49.1|11 35 43.1|5.28|0.20
HR 7316|19 19 40.1|-35 25 17.0|5.59|-0.13
HR 7317|19 19 00.10|-15 32 11.0|6.06|1.43
HR 7318|19 17 43.61|23 01 32.2|5.43|0.02
HR 7319|19 18 32.50|01 05 07.1|5.10|1.15
HR 732|02 30 45.19|00 15 19.1|6.00|0.17
HR 7320|19 24 05.40|-68 22 16.0|6.34|1.23
HR 7321|19 18 50.90|00 20 21.1|6.41|1.05
HR 7322|19 16 51.41|46 59 57.1|6.00|0.44
HR 7323|19 20 26.21|-31 49 04.1|6.58|1.67
HR 7324|19 18 00.79|31 01 19.9|6.68|0.08
HR 7325|19 18 52.70|09 37 05.2|6.32|1.05
HR 7326|19 18 48.50|19 36 38.2|6.58|0.03
HR 7327|19 20 38.11|-22 24 09.0|5.58|0.27
HR 7328|19 17 06.19|53 22 07.0|3.77|0.96
HR 7329|19 22 51.10|-54 25 25.0|5.05|0.02
HR 733|02 30 13.80|-25 11 11.0|6.51|0.29
HR 7330|19 21 29.90|-34 59 02.0|6.48|0.63
HR 7331|19 19 39.31|12 22 28.9|5.53|0.26
HR 7332|19 19 52.99|11 32 06.0|6.02|0.08
HR 7333|19 20 32.90|-05 24 56.9|5.01|0.92
HR 7334|19 22 09.60|-42 00 58.0|6.34|1.14
HR 7335|19 19 03.79|33 23 20.0|6.60|-0.19
HR 7336|19 20 35.69|-00 53 31.9|5.49|-0.04
HR 7337|19 22 38.30|-44 27 32.0|4.01|-0.10
HR 7338|19 19 01.20|37 26 43.1|6.22|-0.03
HR 7339|19 21 37.10|-19 14 03.1|6.26|-0.10
HR 734|02 28 04.39|-64 17 58.9|6.37|-0.04
HR 7340|19 21 40.39|-17 50 49.9|3.93|0.22
HR 7341|19 18 37.70|49 34 10.9|6.31|1.12
HR 7342|19 21 43.61|-15 57 18.0|4.61|0.10
HR 7343|19 23 13.20|-44 47 58.9|4.29|0.34
HR 7344|19 21 50.90|-18 18 29.9|5.87|1.06
HR 7345|19 19 38.90|37 19 50.2|6.31|0.68
HR 7346|19 20 33.10|35 11 10.0|6.31|-0.12
HR 7347|19 22 20.69|-08 12 04.0|6.31|-0.10
HR 7348|19 23 53.21|-40 36 58.0|3.97|-0.10
HR 7349|19 22 21.50|-00 15 09.0|5.83|1.09
HR 735|02 30 32.81|-22 32 44.2|6.10|1.61
HR 7350|19 24 21.41|-43 43 23.2|6.17|1.60
HR 7351|19 19 36.50|54 22 34.0|6.26|0.03
HR 7352|19 15 33.0|73 21 20.2|4.45|1.25
HR 7353|19 23 04.61|-07 24 01.1|6.32|1.45
HR 7354|19 22 48.41|09 54 47.2|6.35|0.44
HR 7355|19 24 30.10|-27 51 56.2|6.04|-0.13
HR 7356|19 20 16.10|57 38 43.1|5.91|1.58
HR 7357|19 23 08.21|14 55 16.0|6.64|0.27
HR 7358|19 22 50.90|26 15 45.0|5.18|-0.12
HR 7359|19 22 33.41|33 31 05.2|6.06|1.03
HR 736|02 32 06.19|36 08 49.9|5.15|1.47
HR 7360|19 25 04.10|-29 18 33.1|5.93|1.26
HR 7361|19 19 46.10|64 23 26.9|6.52|-0.04
HR 7362|19 25 16.51|-24 30 31.0|5.03|0.23
HR 7363|19 25 29.69|-23 57 43.9|5.43|1.43
HR 7364|19 23 46.90|20 15 51.8|6.40|0.01
HR 7365|19 21 25.39|57 46 00.8|6.43|
HR 7366|19 25 01.61|-04 53 03.1|6.52|0.33
HR 7367|19 25 21.60|-13 53 48.8|5.69|1.43
HR 7368|19 23 34.1|33 13 19.9|6.37|0.81
HR 7369|19 24 22.10|16 56 16.1|6.25|0.08
HR 737|02 31 30.10|02 16 01.9|5.25|1.27
HR 7370|19 27 48.10|-54 19 31.1|5.69|1.40
HR 7371|19 20 40.10|65 42 52.9|4.59|0.02
HR 7372|19 24 07.61|29 37 17.0|4.97|-0.10
HR 7373|19 24 58.20|11 56 39.8|5.16|0.77
HR 7374|19 24 22.39|28 05 16.1|6.53|-0.08
HR 7375|19 26 19.20|-21 46 36.1|5.59|1.22
HR 7376|19 24 06.10|36 27 06.8|6.36|
HR 7377|19 25 29.90|03 06 52.9|3.36|0.32
HR 7378|19 26 11.11|-15 03 11.2|5.72|0.02
HR 7379|19 26 24.60|-14 33 04.0|6.70|0.05
HR 738|02 32 52.51|34 32 33.0|5.83|1.07
HR 7380|19 26 56.50|-29 44 35.9|5.67|0.00
HR 7381|19 23 23.81|50 16 17.0|6.51|-0.08
HR 7382|19 23 56.50|43 23 17.2|5.84|0.92
HR 7383|19 31 10.90|-68 26 02.0|5.96|1.64
HR 7384|19 25 22.39|20 16 17.0|6.31|-0.02
HR 7385|19 25 28.61|19 47 55.0|5.16|0.98
HR 7386|19 25 25.80|24 54 46.1|6.19|0.51
HR 7387|19 26 31.10|00 20 19.0|4.66|0.60
HR 7388|19 29 52.61|-55 26 29.0|6.13|0.98
HR 7389|19 26 24.10|13 01 26.0|5.74|0.47
HR 739|02 32 09.41|-01 02 06.0|5.35|1.02
HR 7390|19 26 13.20|20 05 52.1|5.63|-0.01
HR 7391|19 26 28.70|19 53 29.0|5.81|1.55
HR 7392|19 29 23.90|-43 26 44.9|5.71|0.22
HR 7393|19 30 34.49|-55 06 36.0|6.30|0.45
HR 7394|17 16 56.81|89 02 16.1|6.38|1.57
HR 7395|19 26 09.10|36 19 04.1|5.15|-0.12
HR 7396|19 27 33.89|14 16 57.0|6.32|-0.06
HR 7397|19 28 20.81|02 55 49.1|5.85|0.01
HR 7398|19 29 52.20|-26 59 08.2|5.52|1.12
HR 7399|19 30 14.69|-32 05 31.9|6.60|0.39
HR 74|00 19 25.70|-08 49 26.0|3.56|1.22
HR 740|02 32 05.21|-15 14 40.9|4.75|0.45
HR 7400|19 29 01.1|01 57 01.1|5.80|0.08
HR 7401|19 25 46.70|58 01 37.9|6.60|-0.15
HR 7402|19 29 21.50|-07 02 38.0|6.61|1.10
HR 7403|19 27 36.50|37 56 28.0|6.34|-0.14
HR 7404|19 29 18.0|00 14 46.0|6.25|1.32
HR 7405|19 28 42.29|24 39 54.0|4.44|1.50
HR 7406|19 28 57.0|24 46 07.0|5.81|1.03
HR 7407|19 29 22.10|14 35 44.9|5.56|1.05
HR 7408|19 27 25.90|52 19 14.2|5.75|0.00
HR 7409|19 29 20.90|20 16 46.9|6.33|-0.10
HR 741|02 32 54.10|15 02 04.9|6.04|0.54
HR 7410|19 30 54.0|-21 18 43.9|6.13|0.12
HR 7411|19 32 53.81|-53 11 08.9|5.75|0.30
HR 7412|19 30 10.51|02 54 15.1|6.09|1.82
HR 7413|19 26 26.50|62 33 25.9|6.38|1.39
HR 7414|19 30 39.79|-02 47 20.0|5.03|1.75
HR 7415|19 30 33.10|03 26 39.8|6.05|0.01
HR 7416|19 33 21.60|-45 16 18.8|5.61|-0.04
HR 7417|19 30 43.30|27 57 34.9|3.08|1.13
HR 7418|19 30 45.31|27 57 55.1|5.11|-0.10
HR 7419|19 30 46.90|36 13 43.0|6.25|-0.04
HR 742|02 32 14.81|-36 25 39.0|6.30|1.02
HR 7420|19 29 42.29|51 43 46.9|3.79|0.14
HR 7421|19 31 21.79|26 37 01.9|5.87|0.93
HR 7422|19 34 08.50|-40 02 04.9|5.89|0.09
HR 7423|19 21 40.20|79 36 10.1|6.05|0.07
HR 7424|19 35 13.1|-48 05 57.1|4.90|1.09
HR 7425|19 15 07.80|83 27 46.1|6.53|0.10
HR 7426|19 31 46.30|34 27 11.2|4.74|-0.14
HR 7427|19 31 19.30|50 18 24.1|5.53|1.25
HR 7428|19 31 13.61|55 43 54.8|6.37|1.16
HR 7429|19 34 05.40|07 22 44.0|4.45|1.17
HR 743|02 38 01.99|72 49 05.9|5.16|0.88
HR 7430|19 35 07.30|-10 33 37.1|5.12|1.13
HR 7431|19 36 01.70|-24 43 09.1|5.65|0.19
HR 7432|19 35 29.81|-07 27 37.1|6.34|1.12
HR 7433|19 35 33.60|-12 15 10.1|6.27|1.09
HR 7434|19 38 25.90|-57 58 59.9|6.18|0.97
HR 7435|19 39 52.10|-66 41 08.2|6.39|0.02
HR 7436|19 33 36.41|38 45 43.9|6.61|0.03
HR 7437|19 34 34.90|19 46 23.9|5.00|-0.09
HR 7438|19 35 25.20|02 54 47.9|6.38|0.41
HR 7439|19 36 26.11|-18 51 10.1|6.11|0.27
HR 744|02 33 07.1|-34 39 00.0|5.90|1.06
HR 7440|19 36 42.41|-24 53 01.0|4.60|-0.07
HR 7441|19 34 50.90|29 27 47.2|5.38|0.55
HR 7442|19 33 41.59|49 15 45.0|5.96|1.64
HR 7443|19 37 03.31|-18 13 52.0|5.64|1.26
HR 7444|19 34 41.21|42 24 46.1|5.35|0.05
HR 7445|19 36 07.99|11 09 00.0|6.68|
HR 7446|19 36 53.50|-07 01 39.0|4.95|0.00
HR 7447|19 36 43.30|-01 17 11.0|4.36|-0.08
HR 7448|19 33 10.10|60 09 31.0|6.29|1.57
HR 7449|19 36 15.79|14 23 30.1|6.38|1.04
HR 745|02 33 40.20|-20 00 06.8|6.21|1.10
HR 7450|19 31 00.19|70 59 21.8|6.07|1.41
HR 7451|19 34 19.80|51 14 12.1|5.73|0.48
HR 7452|19 36 08.30|22 35 08.9|6.32|-0.07
HR 7453|19 34 39.91|48 09 52.9|6.67|0.24
HR 7454|19 37 34.39|-14 18 06.1|5.47|0.50
HR 7455|19 41 37.49|-65 51 15.1|6.09|1.55
HR 7456|19 36 52.51|11 16 23.9|5.98|0.88
HR 7457|19 35 48.31|36 56 39.8|6.05|-0.11
HR 7458|19 36 37.70|20 19 58.1|7.14|1.32
HR 7459|19 40 18.31|-54 25 03.0|6.26|1.00
HR 746|02 35 27.89|39 39 51.8|6.36|-0.10
HR 7460|19 37 47.30|-04 38 51.0|5.46|0.43
HR 7461|19 39 42.0|-45 16 41.2|6.25|0.28
HR 7462|19 32 21.60|69 39 40.0|4.68|0.79
HR 7463|19 37 17.40|16 27 46.1|5.66|1.02
HR 7464|19 39 55.70|-39 25 59.9|6.61|0.23
HR 7465|19 35 55.90|50 14 19.0|6.52|1.06
HR 7466|19 37 09.41|29 20 01.0|6.43|-0.09
HR 7467|19 36 56.59|38 23 02.0|6.50|-0.15
HR 7468|19 36 37.90|44 41 42.0|5.17|0.93
HR 7469|19 36 26.50|50 13 16.0|4.48|0.38
HR 747|02 37 36.10|65 44 44.2|5.78|1.56
HR 7470|19 39 49.39|-23 25 40.1|6.34|0.03
HR 7471|19 38 49.1|03 22 54.1|6.35|0.04
HR 7472|19 38 17.50|20 46 58.1|6.48|1.08
HR 7473|19 40 07.10|-23 25 43.0|5.97|1.04
HR 7474|19 39 11.59|05 23 52.1|5.17|0.03
HR 7475|19 39 25.39|16 34 17.0|6.38|2.07
HR 7476|19 40 43.39|-16 17 35.9|6.20|1.13
HR 7477|19 37 56.69|49 17 03.8|6.47|0.99
HR 7478|19 39 22.61|30 09 11.9|4.69|0.97
HR 7479|19 40 05.81|18 00 50.0|4.37|0.78
HR 748|02 35 38.81|37 18 43.9|5.71|1.39
HR 7480|19 40 43.30|-00 37 16.0|5.67|0.11
HR 7481|19 39 45.0|33 58 45.1|6.10|0.08
HR 7482|19 40 28.30|20 28 36.1|6.50|0.39
HR 7483|19 39 26.50|42 49 05.9|5.40|-0.08
HR 7484|19 38 41.21|54 58 26.0|5.82|0.44
HR 7485|19 40 39.70|23 43 03.0|6.64|0.01
HR 7486|19 41 05.50|13 48 56.2|6.01|-0.08
HR 7487|19 39 34.39|45 57 29.2|6.20|0.90
HR 7488|19 41 02.90|17 28 34.0|4.37|1.05
HR 7489|19 42 31.10|-16 07 26.0|5.06|0.33
HR 749|02 33 50.71|-28 13 57.0|4.90|-0.05
HR 7490|19 41 14.90|22 27 10.1|6.36|1.53
HR 7491|19 43 37.61|-37 32 20.0|6.16|0.01
HR 7492|19 40 41.21|43 04 40.1|6.16|1.56
HR 7493|19 42 12.79|12 11 35.9|6.34|-0.03
HR 7494|19 56 01.51|-81 20 58.9|6.39|1.40
HR 7495|19 40 50.21|45 31 30.0|5.06|0.40
HR 7496|19 43 33.50|-15 28 12.0|5.49|0.46
HR 7497|19 42 34.1|11 49 36.1|5.27|0.57
HR 7498|19 49 25.30|-72 30 11.9|5.41|0.22
HR 7499|19 41 57.50|40 15 14.0|6.23|0.18
HR 75|00 19 41.59|40 43 46.9|6.33|1.18
HR 750|02 35 46.80|34 41 15.0|5.35|1.66
HR 7500|19 40 13.1|60 30 25.9|6.51|0.22
HR 7501|19 42 49.10|29 19 54.1|6.49|0.33
HR 7502|19 42 44.59|32 25 36.1|5.94|0.11
HR 7503|19 41 48.89|50 31 31.1|5.96|0.64
HR 7504|19 41 52.1|50 31 03.0|6.20|0.66
HR 7505|19 43 09.50|30 40 43.0|6.05|0.00
HR 7506|19 43 42.89|25 46 18.8|5.49|0.93
HR 7507|19 46 01.20|-31 54 31.0|5.52|0.02
HR 7508|19 43 55.90|27 08 08.2|6.28|1.10
HR 7509|19 42 04.10|55 27 47.9|6.48|1.61
HR 751|02 35 04.10|07 28 17.0|6.18|1.06
HR 7510|19 48 01.20|-56 21 45.0|5.35|0.20
HR 7511|19 44 34.10|13 18 10.1|6.26|-0.03
HR 7512|19 43 51.41|34 09 45.0|6.05|-0.06
HR 7513|19 49 53.30|-66 48 46.1|6.45|1.48
HR 7514|19 43 45.0|41 46 23.2|5.84|1.57
HR 7515|19 46 21.70|-19 45 40.0|4.86|0.93
HR 7516|19 45 52.20|-02 52 59.9|6.48|0.05
HR 7517|19 44 16.61|37 21 15.8|4.89|0.95
HR 7518|19 44 48.70|29 15 52.9|6.82|0.64
HR 7519|19 45 39.91|07 36 47.9|5.91|0.18
HR 752|02 34 42.70|-07 51 33.8|5.75|1.40
HR 7520|19 44 38.21|34 24 50.0|6.57|
HR 7521|19 48 55.10|-52 53 17.2|6.25|1.13
HR 7522|19 43 14.59|58 00 59.0|6.22|0.56
HR 7523|19 44 49.1|40 43 00.1|6.34|1.64
HR 7524|19 51 01.30|-65 36 18.0|6.05|0.30
HR 7525|19 46 15.60|10 36 47.9|2.72|1.52
HR 7526|19 43 39.60|57 02 33.0|6.27|0.88
HR 7527|19 50 21.70|-61 03 41.0|6.21|-0.14
HR 7528|19 44 58.49|45 07 50.9|2.87|-0.03
HR 7529|19 45 39.60|36 05 28.0|6.43|-0.03
HR 753|02 36 04.90|06 53 12.8|5.82|0.98
HR 7530|19 45 51.41|35 00 46.1|6.09|1.06
HR 7531|19 50 44.81|-59 11 35.2|5.42|0.08
HR 7532|19 48 03.0|-13 42 11.9|6.11|0.20
HR 7533|19 46 39.50|25 08 02.0|6.62|0.27
HR 7534|19 46 25.61|33 43 40.1|4.99|0.47
HR 7535|19 46 34.99|32 53 19.0|6.18|1.13
HR 7536|19 47 23.30|18 32 03.1|3.82|1.41
HR 7537|19 50 13.80|-47 33 25.9|5.94|1.70
HR 7538|19 49 11.59|-28 47 20.0|6.05|0.40
HR 7539|19 47 37.90|27 18 40.0||
HR 754|02 35 52.51|05 35 35.9|4.86|0.87
HR 7540|19 47 48.60|25 23 02.0|5.95|0.99
HR 7541|19 49 02.21|-10 52 14.9|6.04|1.24
HR 7542|19 48 30.41|10 41 39.1|6.44|0.96
HR 7543|19 47 27.79|38 24 27.0|5.77|-0.06
HR 7544|19 48 42.10|11 48 56.9|5.72|
HR 7545|19 44 18.50|69 20 12.8|5.92|0.05
HR 7546|19 48 58.70|19 08 31.9|5.00|0.10
HR 7547|19 47 26.81|47 54 28.1|6.12|1.64
HR 7548|19 52 37.61|-54 58 16.0|5.74|0.92
HR 7549|19 52 39.0|-54 58 36.1|6.50|0.10
HR 755|02 33 54.60|-51 05 37.0|6.24|0.52
HR 7550|19 48 43.90|35 18 41.0|6.53|0.44
HR 7551|19 48 50.59|33 26 13.9|6.44|0.20
HR 7552|19 51 50.59|-39 52 27.8|5.33|-0.06
HR 7553|19 50 46.80|-10 45 49.0|5.39|0.38
HR 7554|19 50 17.50|07 54 09.0|6.51|-0.10
HR 7555|19 49 27.50|38 42 36.0|6.11|0.90
HR 7556|19 49 54.60|28 26 26.2|6.38|-0.06
HR 7557|19 50 46.99|08 52 05.9|0.77|0.22
HR 7558|19 54 40.39|-61 10 14.9|6.24|0.16
HR 7559|19 51 11.11|-02 27 38.9|6.13|1.57
HR 756|02 36 57.19|38 43 58.1|5.90|0.48
HR 7560|19 51 01.61|10 24 56.2|5.11|0.55
HR 7561|19 52 12.0|-19 02 42.0|5.92|0.98
HR 7562|19 51 17.71|09 37 49.1|6.25|0.10
HR 7563|19 46 44.69|68 26 17.9|6.34|0.28
HR 7564|19 50 33.89|32 54 51.1|4.23|1.82
HR 7565|19 51 04.10|22 36 36.0|4.95|-0.14
HR 7566|19 50 34.1|38 43 21.0|5.12|1.69
HR 7567|19 50 37.30|40 35 58.9|5.69|-0.04
HR 7568|19 50 46.99|37 49 35.0|6.06|1.70
HR 7569|19 52 03.50|11 37 44.0|6.13|0.65
HR 757|02 36 42.89|31 36 27.0|6.10|1.05
HR 7570|19 52 28.39|01 00 20.2|3.90|0.89
HR 7571|19 53 06.41|-14 36 11.2|6.48|0.14
HR 7572|19 52 15.60|10 21 05.0|6.54|-0.01
HR 7573|19 52 01.61|24 59 31.9|5.57|0.71
HR 7574|19 52 21.79|18 40 18.8|6.23|0.01
HR 7575|19 53 18.70|-03 06 51.8|5.65|0.20
HR 7576|19 50 37.70|52 59 17.2|5.03|1.28
HR 7577|19 51 19.39|47 22 37.9|6.20|0.36
HR 7578|19 54 17.71|-23 56 28.0|6.18|1.02
HR 7579|19 58 41.30|-69 09 50.0|5.75|0.23
HR 758|02 37 02.50|34 15 50.0|5.30|1.55
HR 7580|19 53 22.61|04 24 02.2|6.53|0.02
HR 7581|19 55 15.70|-41 52 05.9|4.13|1.08
HR 7582|19 48 10.39|70 16 04.1|3.83|0.89
HR 7583|19 52 16.30|36 25 55.9|6.10|1.43
HR 7584|19 54 08.21|-08 34 27.1|5.79|1.64
HR 7585|19 55 05.9|-33 02 47.0|6.46|1.48
HR 7586|19 56 57.70|-57 55 32.2|6.53|1.53
HR 7587|19 57 06.19|-58 54 05.0|5.26|-0.01
HR 7588|19 58 52.99|-68 45 43.9|6.39|0.16
HR 7589|19 51 59.9|47 01 39.0|5.62|-0.07
HR 759|02 36 00.0|-07 49 54.1|5.53|1.59
HR 7590|20 00 35.50|-72 54 38.2|3.96|-0.03
HR 7591|19 52 07.20|47 55 54.8|5.91|-0.18
HR 7592|19 53 27.70|24 04 46.9|4.58|-0.06
HR 7593|19 54 37.61|-08 13 37.9|5.71|-0.08
HR 7594|19 54 38.11|-08 14 13.9|6.49|-0.04
HR 7595|19 54 14.90|08 27 41.0|4.71|1.05
HR 7596|19 54 44.81|00 16 25.0|5.61|0.10
HR 7597|19 55 50.40|-26 17 57.8|4.70|0.75
HR 7598|19 54 40.30|07 08 25.1|6.15|0.03
HR 7599|19 55 19.61|-06 44 03.1|6.51|0.39
HR 76|00 20 05.21|48 51 55.1|6.52|
HR 760|02 37 20.81|39 53 44.9|6.54|-0.12
HR 7600|19 53 01.20|47 48 27.0|6.29|-0.11
HR 7601|19 54 31.10|24 19 09.8|5.52|-0.02
HR 7602|19 55 18.79|06 24 24.1|3.71|0.86
HR 7603|20 00 22.99|-66 56 57.8|5.76|1.04
HR 7604|19 56 56.81|-27 10 12.0|4.52|1.46
HR 7605|19 57 41.30|-38 03 29.9|6.55|0.39
HR 7606|19 54 48.31|36 59 46.0|5.76|0.75
HR 7607|19 55 06.50|30 11 43.1|6.57|-0.08
HR 7608|19 53 17.40|57 31 25.0|5.14|-0.13
HR 7609|19 56 01.30|16 38 04.9|5.36|0.67
HR 761|02 37 06.41|32 53 30.8|6.25|0.48
HR 7610|19 56 14.30|11 25 26.0|5.28|-0.01
HR 7611|19 53 35.40|59 42 32.0|6.06|0.02
HR 7612|20 01 52.39|-66 56 39.1|5.31|1.22
HR 7613|19 55 51.70|38 29 12.1|4.94|-0.08
HR 7614|19 57 57.0|-15 29 29.0|5.02|0.05
HR 7615|19 56 18.41|35 04 59.9|3.89|1.02
HR 7616|19 57 00.19|20 59 53.2|6.48|0.07
HR 7617|19 58 56.40|-30 32 17.2|6.28|1.05
HR 7618|19 58 57.19|-26 11 44.2|4.83|0.90
HR 7619|19 55 37.80|52 26 20.0|4.92|0.12
HR 762|02 33 33.60|-62 35 12.8|6.77|-0.06
HR 7620|19 56 44.21|36 15 02.9|6.02|-0.15
HR 7621|20 00 25.30|-49 21 04.0|6.17|1.06
HR 7622|19 57 45.41|16 47 21.1|5.53|-0.05
HR 7623|19 59 44.21|-35 16 35.0|4.37|-0.15
HR 7624|19 59 51.29|-34 41 52.1|5.30|0.17
HR 7625|20 01 44.69|-59 22 34.0|5.13|1.53
HR 7626|19 55 22.10|58 15 01.1|6.09|1.02
HR 7627|20 00 26.50|-43 02 35.9|6.14|1.64
HR 7628|19 57 13.90|40 22 05.2|5.45|-0.10
HR 7629|20 00 15.91|-37 42 07.9|5.95|1.00
HR 763|02 36 37.90|12 26 51.0|5.68|0.49
HR 7630|20 00 48.31|-45 06 47.2|5.81|0.28
HR 7631|20 00 20.30|-33 42 14.0|5.66|0.49
HR 7632|19 56 45.10|50 54 09.0|6.43|-0.01
HR 7633|19 55 55.39|58 50 46.0|4.96|1.59
HR 7634|19 56 19.1|56 41 12.8|6.12|
HR 7635|19 58 45.41|19 29 31.9|3.47|1.57
HR 7636|19 59 22.70|01 22 40.1|6.17|1.13
HR 7637|19 59 47.40|-09 57 29.9|5.88|0.58
HR 7638|19 57 56.21|42 15 38.9|6.43|
HR 7639|20 01 26.40|-40 48 51.1|6.29|0.11
HR 764|02 36 57.70|24 38 53.9|7.09|0.50
HR 7640|19 58 37.99|30 59 01.0|5.49|-0.06
HR 7641|19 59 10.51|23 06 05.0|5.67|
HR 7642|19 58 34.39|38 06 20.2|6.32|-0.09
HR 7643|20 01 23.90|-22 44 13.9|6.01|0.97
HR 7644|20 05 32.81|-67 19 14.9|6.07|0.64
HR 7645|20 00 03.31|17 31 00.1|5.37|1.67
HR 7646|19 59 20.50|45 46 19.9|5.92|0.16
HR 7647|19 59 55.20|37 02 34.1|5.19|-0.17
HR 7648|20 00 58.90|08 33 29.2|5.91|1.52
HR 7649|20 01 58.61|-13 38 12.8|5.71|0.08
HR 765|02 37 00.50|24 38 51.0|6.50|0.41
HR 7650|20 02 39.50|-27 42 34.9|4.58|1.65
HR 7651|19 59 15.41|52 03 20.9|6.15|-0.19
HR 7652|20 03 33.50|-37 56 26.9|4.77|1.41
HR 7653|20 01 06.10|27 45 13.0|4.64|0.18
HR 7654|19 58 28.70|63 32 03.1|5.96|0.09
HR 7655|20 01 15.31|37 05 56.0|6.20|1.31
HR 7656|20 01 44.69|24 48 01.1|5.88|-0.12
HR 7657|20 02 01.39|24 56 17.2|5.22|0.36
HR 7658|20 03 44.30|-22 35 44.2|6.45|0.50
HR 7659|20 04 19.61|-32 03 23.0|4.99|1.21
HR 766|02 36 35.11|07 43 46.9|5.81|1.04
HR 7660|20 01 21.60|50 06 16.9|5.05|1.11
HR 7661|20 04 01.20|-07 28 10.9|6.72|0.35
HR 7662|20 03 16.39|18 30 02.2|5.96|1.42
HR 7663|20 08 20.50|-66 21 16.9|6.45|1.58
HR 7664|20 03 30.0|16 01 53.0|5.67|-0.10
HR 7665|20 08 43.61|-66 10 54.8|3.56|0.76
HR 7666|19 58 41.90|70 22 00.8|6.33|0.88
HR 7667|20 04 23.21|-00 42 33.8|5.68|1.30
HR 7668|20 05 32.11|-33 00 00.0|6.53|-0.08
HR 7669|20 04 08.30|07 16 41.2|5.52|1.06
HR 767|02 36 09.29|-30 02 40.9|5.75|1.02
HR 7670|20 03 37.39|29 53 48.1|5.71|0.73
HR 7671|20 05 05.40|-11 35 57.8|6.34|0.52
HR 7672|20 04 06.19|17 04 12.0|5.80|0.61
HR 7673|20 07 23.21|-52 52 50.9|4.94|1.62
HR 7674|20 07 35.9|-55 00 59.0|6.26|0.53
HR 7675|20 05 26.40|-12 39 55.1|6.55|0.04
HR 7676|20 01 28.49|64 49 16.0|5.27|1.56
HR 7677|20 04 58.61|23 12 37.1|6.45|
HR 7678|20 04 36.10|32 13 07.0|5.64|0.54
HR 7679|20 05 09.50|19 59 28.0|5.10|1.06
HR 768|02 38 17.81|37 43 36.1|6.18|0.47
HR 7680|20 05 26.50|15 30 01.1|6.34|1.64
HR 7681|20 06 12.19|-04 04 41.9|6.47|1.16
HR 7682|20 02 20.30|64 38 03.8|6.57|
HR 7683|20 05 09.79|38 28 41.9|6.19|0.64
HR 7684|20 04 28.80|48 13 46.9|6.16|0.04
HR 7685|20 02 49.10|67 52 25.0|4.51|1.32
HR 7686|19 59 36.60|76 28 53.0|6.20|1.61
HR 7687|20 05 06.70|51 50 21.8|6.14|1.60
HR 7688|20 06 53.40|23 36 51.8|5.07|-0.18
HR 7689|20 06 21.79|35 58 21.0|5.36|0.85
HR 769|02 38 27.79|38 05 21.8|6.30|-0.03
HR 7690|20 08 01.80|-00 40 41.9|5.99|1.02
HR 7691|20 11 07.20|-57 31 26.0|6.37|0.06
HR 7692|20 05 21.50|56 20 29.0|6.21|0.43
HR 7693|20 07 50.30|09 23 58.9|6.43|0.46
HR 7694|20 08 31.30|-10 03 46.1|6.18|0.06
HR 7695|20 04 44.59|63 53 26.2|6.26|0.10
HR 7696|20 08 06.50|16 39 51.1|6.42|1.91
HR 7697|20 06 13.80|53 09 56.9|5.85|0.39
HR 7698|20 24 54.41|-83 18 38.2|6.17|0.20
HR 7699|20 07 41.40|34 25 23.2|6.11|0.16
HR 77|00 20 04.30|-64 52 28.9|4.23|0.58
HR 770|02 38 00.79|07 41 43.1|6.39|0.44
HR 7700|20 08 38.30|10 43 32.9|6.31|-0.12
HR 7701|20 05 32.81|61 59 44.2|5.39|1.18
HR 7702|20 07 11.50|50 13 45.1|6.54|0.13
HR 7703|20 11 11.90|-36 06 04.0|5.32|0.87
HR 7704|20 04 53.30|68 01 37.9|6.28|1.65
HR 7705|20 09 56.59|20 54 55.1|6.48|0.38
HR 7706|20 12 23.90|-42 46 50.2|6.22|1.23
HR 7707|20 14 26.90|-63 24 56.9|6.09|0.31
HR 7708|20 09 25.61|36 50 22.9|4.93|-0.13
HR 7709|20 11 10.10|-08 50 31.9|6.49|-0.15
HR 771|02 37 41.81|-03 23 46.0|5.65|1.02
HR 7710|20 11 18.31|-00 49 17.0|3.23|-0.07
HR 7711|20 10 33.50|26 54 15.1|5.52|0.08
HR 7712|20 11 57.89|-12 23 33.0|6.34|1.21
HR 7713|20 11 03.50|21 08 04.9|6.22|0.90
HR 7714|20 14 19.1|-52 26 44.2|5.65|1.50
HR 7715|20 12 25.90|-12 37 03.0|5.85|0.48
HR 7716|20 11 21.10|21 52 32.2|6.26|-0.02
HR 7717|20 12 35.21|00 52 03.0|6.27|0.02
HR 7718|20 11 48.0|26 48 32.0|5.49|1.41
HR 7719|20 12 00.70|26 28 44.0|5.92|-0.11
HR 772|02 36 58.61|-34 34 41.9|5.79|0.66
HR 7720|20 13 13.90|-01 00 33.8|5.47|1.43
HR 7721|20 12 03.79|47 44 12.8|6.92|-0.12
HR 7722|20 15 17.40|-27 01 58.1|5.73|0.88
HR 7723|20 13 40.61|24 14 20.0|6.56|0.29
HR 7724|20 14 16.61|15 11 51.0|4.95|0.08
HR 7725|20 15 50.59|-30 00 19.1|6.30|1.51
HR 7726|20 12 31.80|51 27 49.0|6.01|1.14
HR 7727|20 11 34.90|62 04 43.0|5.75|0.47
HR 7728|20 16 23.71|-36 27 15.8|6.39|1.54
HR 7729|20 16 26.50|-35 11 52.1|6.53|0.37
HR 773|02 38 49.1|21 57 41.0|5.43|0.16
HR 7730|20 13 18.0|46 48 56.9|4.83|0.09
HR 7731|20 14 14.50|28 41 40.9|5.18|0.18
HR 7732|20 19 03.0|-63 13 52.0|6.27|1.04
HR 7733|20 13 42.79|43 22 45.1|6.14|1.50
HR 7734|20 14 04.99|36 36 19.1|6.45|0.00
HR 7735|20 13 37.90|46 44 29.0|3.79|1.28
HR 7736|20 14 31.99|36 48 23.0|4.97|0.14
HR 7737|20 14 21.60|42 06 13.0|6.71|-0.04
HR 7738|20 16 22.80|-12 20 12.8|6.32|0.01
HR 7739|20 15 15.91|25 35 30.8|4.78|-0.18
HR 774|02 47 47.59|81 26 53.9|5.78|1.30
HR 7740|20 13 23.90|56 34 04.1|4.30|0.11
HR 7741|20 15 30.19|23 30 31.0|5.15|1.04
HR 7742|20 13 27.70|60 38 26.2|5.79|1.47
HR 7743|20 15 23.71|33 43 45.8|5.66|0.91
HR 7744|20 15 46.10|27 48 51.1|4.52|1.26
HR 7745|20 18 55.99|-47 42 38.9|6.31|1.67
HR 7746|20 16 19.70|21 35 55.0|6.13|1.04
HR 7747|20 17 38.90|-12 30 29.9|4.24|1.07
HR 7748|20 18 01.39|-21 48 36.0|5.87|1.00
HR 7749|20 19 17.90|-47 34 49.1|6.13|0.46
HR 775|02 38 36.91|03 26 35.2|6.21|1.00
HR 7750|20 08 53.30|77 42 41.0|4.39|-0.05
HR 7751|20 15 28.30|47 42 51.8|3.98|1.52
HR 7752|20 16 03.41|38 53 52.1|6.27|0.01
HR 7753|20 16 47.11|24 40 16.0|5.32|0.95
HR 7754|20 18 03.31|-12 32 40.9|3.57|0.94
HR 7755|20 15 43.39|50 13 58.1|6.31|
HR 7756|20 16 00.60|45 34 45.8|5.91|0.38
HR 7757|20 16 28.20|37 03 23.0|6.48|-0.09
HR 7758|20 20 32.30|-55 03 02.9|6.27|1.59
HR 7759|20 16 55.30|40 21 54.0|5.24|1.65
HR 776|02 31 40.51|-79 06 33.8|5.28|0.98
HR 7760|20 17 31.51|29 08 53.2|6.22|1.01
HR 7761|20 19 23.59|-19 07 07.0|5.28|1.40
HR 7762|20 17 29.9|42 43 18.8|6.29|1.64
HR 7763|20 17 47.21|38 01 59.2|4.81|0.42
HR 7764|20 20 28.10|-29 11 49.9|6.30|0.17
HR 7765|20 20 51.89|-35 40 25.0|6.46|1.31
HR 7766|20 21 40.99|-49 59 57.8|6.27|0.55
HR 7767|20 18 07.1|40 43 55.9|5.84|0.10
HR 7768|20 19 43.30|-01 04 43.0|6.06|1.09
HR 7769|20 18 28.61|37 00 00.0|5.58|0.06
HR 777|02 38 18.70|-30 11 39.1|5.83|0.48
HR 7770|20 18 39.10|34 58 58.1|5.17|0.65
HR 7771|20 19 29.21|13 13 00.8|6.21|1.63
HR 7772|20 20 26.11|-06 21 42.1|6.63|1.55
HR 7773|20 20 39.79|-12 45 33.1|4.76|-0.05
HR 7774|20 20 00.19|13 32 53.2|5.95|0.31
HR 7775|20 20 46.61|-14 47 06.0|6.10|-0.02
HR 7776|20 21 00.70|-14 46 53.0|3.08|0.79
HR 7777|20 18 49.61|46 19 22.1|6.45|-0.13
HR 7778|20 20 20.50|14 34 09.1|6.13|0.91
HR 7779|20 22 27.50|-42 02 58.9|5.59|0.00
HR 778|02 37 24.41|-52 32 35.2|5.31|0.27
HR 7780|20 20 21.41|17 47 35.2|5.80|1.49
HR 7781|20 18 24.79|55 23 49.9|5.76|0.11
HR 7782|20 19 48.31|37 07 57.0|6.57|0.00
HR 7783|20 17 31.30|66 51 14.0|5.93|0.58
HR 7784|20 20 15.19|39 24 11.9|6.23|0.06
HR 7785|20 33 17.50|-80 57 54.0|5.77|1.14
HR 7786|20 19 56.11|46 50 15.0|6.50|-0.06
HR 7787|20 23 53.21|-42 25 22.1|5.64|0.20
HR 7788|20 23 00.79|-09 39 16.9|6.30|0.91
HR 7789|20 22 03.41|24 26 46.0|5.54|-0.06
HR 779|02 39 28.99|00 19 43.0|4.07|-0.22
HR 7790|20 25 38.90|-56 44 06.0|1.94|-0.20
HR 7791|20 20 30.41|53 35 46.0|6.18|1.56
HR 7792|20 19 36.70|62 15 27.0|5.72|-0.05
HR 7793|20 22 52.30|14 33 05.0|6.17|0.51
HR 7794|20 23 10.70|05 20 35.2|5.31|0.97
HR 7795|20 22 03.0|41 07 53.0|6.39|1.07
HR 7796|20 22 13.70|40 15 24.1|2.20|0.68
HR 7797|20 22 37.39|31 15 54.0|6.09|1.35
HR 7798|20 22 05.40|45 47 42.0|5.58|1.08
HR 7799|20 25 47.90|-40 47 47.0|6.09|1.36
HR 78|00 20 24.41|30 56 08.9|5.90|-0.10
HR 780|02 38 24.79|-37 59 26.2|6.49|0.52
HR 7800|20 22 45.31|41 01 34.0|5.93|1.60
HR 7801|20 25 26.81|-28 39 47.9|5.85|1.10
HR 7802|20 22 55.51|42 58 59.9|6.20|0.95
HR 7803|20 24 37.49|01 04 07.0|6.15|-0.04
HR 7804|20 20 06.0|68 52 49.1|5.55|1.59
HR 7805|20 21 11.40|63 58 49.1|5.69|1.56
HR 7806|20 23 51.70|32 11 24.0|4.43|1.33
HR 7807|20 23 44.40|37 28 35.0|5.90|-0.20
HR 7808|20 26 52.99|-37 24 11.2|6.25|0.97
HR 7809|20 25 42.50|-02 48 01.1|6.11|1.19
HR 781|02 39 33.79|-11 52 19.9|4.84|0.45
HR 7810|20 25 43.99|10 03 23.0|6.33|1.56
HR 7811|20 25 40.51|21 24 34.9|5.66|0.93
HR 7812|20 38 18.60|-81 17 20.0|5.91|1.71
HR 7813|20 26 01.20|19 51 54.0|6.41|1.02
HR 7814|20 27 19.20|-18 12 42.1|5.25|-0.07
HR 7815|20 24 32.40|53 33 06.8|6.51|0.01
HR 7816|20 26 23.21|17 18 56.2|6.22|1.01
HR 7817|20 28 46.70|-35 35 44.9|6.10|-0.11
HR 7818|20 25 05.9|59 36 00.0|6.44|0.09
HR 7819|20 28 43.61|-15 44 30.1|6.41|0.99
HR 782|02 40 41.9|27 03 38.9|5.30|0.09
HR 7820|20 28 07.49|08 26 15.0|6.25|1.08
HR 7821|20 28 24.91|-03 21 28.1|6.13|-0.06
HR 7822|20 28 51.60|-17 48 49.0|4.78|0.38
HR 7823|20 27 07.70|34 19 44.0|6.39|0.48
HR 7824|20 28 16.80|02 56 12.8|6.21|0.90
HR 7825|20 29 31.30|-22 23 30.1|6.16|1.55
HR 7826|20 27 34.30|38 26 25.1|5.62|0.06
HR 7827|20 26 23.50|56 38 20.0|6.36|0.00
HR 7828|20 27 02.30|49 22 59.9|5.69|0.26
HR 7829|20 29 52.51|-18 35 12.1|6.74|0.22
HR 783|02 40 15.70|06 06 42.8|6.25|0.40
HR 7830|20 29 53.90|-18 34 59.9|5.94|0.08
HR 7831|20 29 39.0|-02 53 08.2|4.91|1.15
HR 7832|20 30 56.81|-29 06 45.0|6.39|0.21
HR 7833|20 29 21.10|20 05 16.1|6.55|0.23
HR 7834|20 29 23.71|30 22 07.0|4.01|0.40
HR 7835|20 29 20.40|36 27 16.9|5.88|0.52
HR 7836|20 30 18.0|10 53 44.9|6.08|-0.03
HR 7837|20 31 04.30|-15 03 23.0|6.12|0.79
HR 7838|20 35 51.70|-69 36 40.0|6.11|1.29
HR 7839|20 30 58.10|20 36 20.9|6.18|0.15
HR 784|02 40 12.31|-09 27 11.2|5.78|0.52
HR 7840|20 31 13.1|11 15 38.2|7.11|0.03
HR 7841|20 29 59.90|45 55 43.0|6.41|1.13
HR 7842|20 32 52.39|-24 56 38.0|6.36|-0.01
HR 7843|20 29 27.10|56 04 05.2|5.91|-0.04
HR 7844|20 30 03.50|48 57 06.1|4.95|-0.09
HR 7845|20 32 23.71|-09 51 11.9|5.65|0.69
HR 7846|20 33 55.10|-44 30 58.0|5.11|1.01
HR 7847|20 30 59.21|36 56 08.9|6.19|1.01
HR 7848|20 35 34.80|-60 34 54.1|4.76|0.28
HR 7849|20 31 58.20|25 48 15.8|6.34|0.26
HR 785|02 43 02.81|55 06 20.9|5.77|-0.13
HR 7850|20 29 34.90|62 59 39.1|4.22|0.20
HR 7851|20 31 18.79|49 13 13.1|5.44|1.55
HR 7852|20 33 12.79|11 18 11.9|4.03|-0.13
HR 7853|20 34 55.51|-38 05 22.9|6.44|0.26
HR 7854|20 31 21.10|52 18 34.9|6.18|1.01
HR 7855|20 34 11.69|-13 43 16.0|6.13|0.54
HR 7856|20 34 47.40|-30 28 25.0|6.40|-0.08
HR 7857|20 33 53.59|10 03 34.9|6.56|0.08
HR 7858|20 33 57.0|13 01 37.9|5.38|0.07
HR 7859|20 37 35.30|-61 31 48.0|4.88|0.43
HR 786|02 40 02.50|-30 38 02.0|6.52|1.04
HR 7860|20 31 46.51|56 46 48.0|6.14|1.43
HR 7861|20 32 52.30|43 11 30.1|6.60|-0.11
HR 7862|20 34 10.1|20 59 07.1|6.48|-0.14
HR 7863|20 42 02.90|-76 10 50.2|6.00|0.44
HR 7864|20 41 43.70|-75 21 02.2|6.55|0.62
HR 7865|20 35 32.21|-16 31 32.9|6.19|0.20
HR 7866|20 33 54.19|35 15 02.9|4.61|1.60
HR 7867|20 33 48.41|41 46 19.9|6.49|1.00
HR 7868|20 30 00.70|72 31 54.1|6.27|1.35
HR 7869|20 37 34.1|-47 17 29.0|3.11|1.00
HR 787|02 42 59.69|53 31 34.0|5.84|1.12
HR 7870|20 33 54.91|46 41 38.0|5.78|-0.16
HR 7871|20 35 18.50|14 40 27.1|4.68|0.11
HR 7872|20 39 51.41|-62 54 28.1|6.22|1.10
HR 7873|20 36 43.61|-02 33 00.0|4.89|1.60
HR 7874|20 36 08.30|25 52 57.0|6.41|0.21
HR 7875|20 40 02.59|-60 32 56.0|5.12|0.53
HR 7876|20 34 50.40|51 51 15.1|6.11|0.41
HR 7877|20 37 52.10|-25 06 32.0|6.36|0.33
HR 7878|20 37 18.31|00 05 48.8|6.22|-0.08
HR 7879|20 31 30.41|74 57 16.9|5.20|0.07
HR 788|02 42 14.90|40 11 38.0|4.91|0.59
HR 7880|20 37 04.70|26 27 42.8|5.59|-0.07
HR 7881|20 41 57.10|-66 45 38.9|5.15|-0.06
HR 7882|20 37 33.0|14 35 43.1|3.63|0.44
HR 7883|20 37 49.10|11 22 40.1|5.43|0.06
HR 7884|20 38 20.30|-01 06 19.1|4.32|0.95
HR 7885|20 37 31.80|31 34 21.0|6.32|-0.09
HR 7886|20 37 54.60|18 16 09.1|6.25|1.48
HR 7887|20 37 32.59|31 31 18.8|6.49|0.34
HR 7888|20 37 23.59|38 19 43.0|6.20|0.99
HR 7889|20 39 16.39|-14 57 16.9|5.22|-0.12
HR 789|02 39 48.0|-42 53 30.1|4.75|0.06
HR 7890|20 39 13.20|-02 24 46.1|6.22|-0.10
HR 7891|20 38 31.30|21 12 04.0|4.82|-0.02
HR 7892|20 38 43.90|13 18 54.0|5.72|1.53
HR 7893|20 40 19.80|-33 25 54.8|5.47|1.12
HR 7894|20 38 31.90|24 06 58.0|5.04|-0.14
HR 7895|20 38 35.9|23 40 50.2|5.91|0.98
HR 7896|20 39 07.80|10 05 10.0|5.05|0.72
HR 7897|20 39 24.91|00 29 11.0|5.16|1.06
HR 7898|20 40 11.69|-23 46 26.0|6.37|0.72
HR 7899|20 39 04.99|15 50 17.2|5.97|-0.14
HR 79|00 20 45.50|32 54 41.0|5.79|1.59
HR 790|02 41 13.90|-00 41 44.9|5.71|0.52
HR 7900|20 40 03.0|-18 08 19.0|5.10|1.66
HR 7901|20 28 14.59|81 25 22.1|5.46|1.02
HR 7902|20 40 36.0|-26 38 42.0|6.51|0.57
HR 7903|20 39 10.61|21 49 01.9|6.08|-0.06
HR 7904|20 38 59.50|30 20 03.8|5.68|1.09
HR 7905|20 40 32.50|-16 07 27.1|5.80|1.00
HR 7906|20 39 38.30|15 54 42.8|3.77|-0.06
HR 7907|20 39 51.79|11 14 58.9|6.42|0.55
HR 7908|20 29 27.50|81 05 29.0|5.96|0.92
HR 7909|20 41 23.71|-31 35 53.9|5.76|1.53
HR 791|02 44 49.70|67 49 28.9|5.95|0.10
HR 7910|20 41 24.10|-26 00 00.0|6.28|1.22
HR 7911|20 39 33.31|40 34 45.8|6.06|-0.16
HR 7912|20 39 23.11|45 40 00.8|6.58|-0.06
HR 7913|20 44 57.50|-66 12 11.2|3.42|0.16
HR 7914|20 40 45.19|19 56 07.1|6.45|0.63
HR 7915|20 42 52.99|-39 33 31.0|6.29|1.08
HR 7916|20 39 00.19|56 00 18.0|6.48|
HR 7917|20 40 36.19|29 48 19.1|6.08|0.14
HR 7918|20 41 16.20|14 34 59.2|5.99|1.24
HR 7919|20 40 03.10|43 27 31.0|5.95|1.19
HR 792|02 43 01.90|48 15 56.2|6.48|
HR 7920|20 44 02.30|-51 55 16.0|4.51|0.27
HR 7921|20 41 02.59|32 18 25.9|5.51|0.88
HR 7922|20 41 00.41|39 04 55.9|6.51|-0.12
HR 7923|20 41 58.20|17 31 17.0|6.22|0.94
HR 7924|20 41 25.90|45 16 49.1|1.25|0.09
HR 7925|20 40 17.90|60 30 19.1|6.01|0.46
HR 7926|20 41 56.50|41 43 00.8|5.67|-0.12
HR 7927|20 42 22.20|35 27 22.0|6.66|-0.16
HR 7928|20 43 27.50|15 04 27.8|4.43|0.32
HR 7929|20 42 12.60|50 20 24.0|5.39|-0.10
HR 793|02 42 22.1|20 00 42.1|5.69|-0.02
HR 7930|20 29 03.10|83 37 32.2|6.19|0.13
HR 7931|20 45 13.20|-27 14 49.9|6.50|0.94
HR 7932|20 43 24.19|35 35 16.1|6.47|1.23
HR 7933|20 46 20.9|-39 11 57.1|5.50|-0.10
HR 7934|20 49 18.10|-68 46 35.0|5.41|1.12
HR 7935|20 46 18.60|-36 07 13.1|6.49|0.39
HR 7936|20 46 05.69|-25 16 14.9|4.14|0.43
HR 7937|20 46 10.1|-21 30 51.1|5.93|0.04
HR 7938|20 42 39.70|60 36 05.0|6.15|0.01
HR 7939|20 44 52.51|25 16 14.2|4.91|1.18
HR 794|02 40 40.1|-39 51 20.2|4.11|1.02
HR 7940|20 43 13.49|57 06 51.1|6.32|0.33
HR 7941|20 45 28.20|18 05 25.1|6.38|1.68
HR 7942|20 45 39.70|30 43 10.9|4.22|1.05
HR 7943|20 48 29.21|-43 59 19.0|5.11|0.35
HR 7944|20 44 22.1|56 29 17.2|5.78|1.67
HR 7945|20 43 10.99|66 39 27.0|5.58|0.22
HR 7946|20 47 03.60|-02 29 12.1|6.27|1.55
HR 7947|20 46 38.71|16 07 27.8|5.14|0.49
HR 7948|20 46 39.50|16 07 27.1|4.27|1.04
HR 7949|20 46 12.70|33 58 13.1|2.46|1.03
HR 795|02 41 48.29|-03 12 47.9|6.05|1.17
HR 7950|20 47 40.61|-09 29 44.9|3.77|0.00
HR 7951|20 47 44.21|-05 01 40.1|4.42|1.65
HR 7952|20 49 28.99|-46 13 36.8|4.89|1.52
HR 7953|20 47 48.31|06 00 29.9|5.58|-0.02
HR 7954|20 47 47.81|03 18 24.1|6.40|-0.02
HR 7955|20 45 21.10|57 34 46.9|4.51|0.54
HR 7956|20 47 10.80|34 22 27.1|4.92|1.32
HR 7957|20 45 17.40|61 50 20.0|3.43|0.92
HR 7958|20 46 38.50|46 31 54.1|6.30|0.03
HR 7959|20 51 38.30|-62 25 45.1|6.28|0.15
HR 796|02 41 34.1|-14 32 57.8|5.98|0.43
HR 7960|20 51 38.81|-62 25 45.1|6.59|0.17
HR 7961|20 49 17.59|-25 46 53.0|5.86|-0.07
HR 7962|20 46 21.19|52 59 43.1|6.33|1.12
HR 7963|20 47 24.50|36 29 26.9|4.53|-0.11
HR 7964|20 49 20.50|-18 02 08.9|6.21|1.42
HR 7965|20 49 58.10|-33 46 46.9|4.90|1.00
HR 7966|20 47 20.81|45 34 46.9|6.40|1.61
HR 7967|20 44 33.10|69 45 06.8|6.41|
HR 7968|20 51 30.10|-51 36 29.9|5.05|1.13
HR 7969|20 47 49.30|47 49 54.8|5.57|1.46
HR 797|02 42 28.90|10 44 30.1|6.30|0.06
HR 7970|20 50 47.11|-32 03 15.8|6.36|1.54
HR 7971|20 51 00.70|-37 54 47.9|5.52|1.38
HR 7972|20 47 52.80|52 24 25.9|6.27|0.89
HR 7973|20 49 37.80|12 32 43.1|5.98|0.43
HR 7974|20 49 48.31|07 51 51.1|6.33|0.02
HR 7975|20 49 59.9|05 32 40.9|6.21|0.98
HR 7976|20 50 41.81|-12 32 42.0|5.88|1.07
HR 7977|20 48 56.30|46 06 51.1|4.84|0.41
HR 7978|20 48 42.70|51 54 38.2|6.29|-0.07
HR 7979|20 51 58.80|-33 10 37.9|6.04|0.03
HR 798|02 39 31.70|-64 16 54.8|6.55|-0.08
HR 7980|20 51 49.30|-26 55 09.1|4.11|1.64
HR 7981|20 50 37.1|18 03 05.0|6.52|0.04
HR 7982|20 51 25.70|-05 37 35.0|5.99|0.46
HR 7983|20 49 54.70|46 39 40.0|6.33|-0.07
HR 7984|20 50 04.90|44 03 33.8|5.04|0.20
HR 7985|20 52 08.71|-05 30 24.8|5.55|-0.08
HR 7986|20 54 48.60|-58 27 15.1|3.65|1.25
HR 7987|20 53 40.20|-39 48 36.0|5.35|1.32
HR 7988|20 51 28.20|28 15 02.2|5.77|0.72
HR 7989|20 53 01.20|-23 46 59.2|6.33|0.88
HR 799|02 44 12.0|49 13 41.9|4.12|0.49
HR 7990|20 52 39.19|-08 58 59.9|4.73|0.32
HR 7991|20 53 25.1|-30 43 07.0|6.35|1.09
HR 7992|20 54 34.99|-50 43 40.1|6.24|-0.12
HR 7993|20 49 17.40|64 02 31.9|6.45|0.07
HR 7994|20 53 05.59|-11 34 25.0|6.38|0.67
HR 7995|20 52 07.70|27 05 48.8|4.59|0.83
HR 7996|20 52 00.31|32 50 57.1|6.44|-0.15
HR 7997|20 54 06.79|-27 55 32.2|6.41|1.60
HR 7998|20 53 58.39|-06 53 22.9|6.44|0.37
HR 7999|20 53 07.39|29 38 57.8|6.34|1.09
HR 8|00 06 36.79|29 01 17.0|6.13|0.75
HR 80|00 20 35.90|08 11 25.1|5.37|1.34
HR 800|02 44 05.21|44 17 48.8|5.43|0.90
HR 8000|20 54 47.90|-17 55 23.2|5.78|1.12
HR 8001|20 53 14.81|44 23 13.9|4.78|-0.14
HR 8002|20 42 35.21|82 31 52.0|5.75|0.00
HR 8003|20 53 18.60|45 10 54.8|5.45|1.10
HR 8004|20 53 26.40|42 24 37.1|6.66|-0.04
HR 8005|20 53 53.90|33 26 16.1|5.47|1.52
HR 8006|20 55 08.11|-01 22 23.9|6.55|0.29
HR 8007|20 54 22.39|28 31 18.8|6.56|-0.13
HR 8008|20 54 33.60|28 03 27.0|5.01|1.48
HR 8009|20 54 22.30|40 42 11.2|6.70|-0.07
HR 801|02 43 27.10|27 42 25.9|4.66|-0.13
HR 8010|20 55 40.70|04 31 58.1|6.05|0.82
HR 8011|20 55 36.70|13 43 17.0|5.17|1.12
HR 8012|20 55 38.59|12 34 07.0|5.58|0.12
HR 8013|20 56 47.30|-26 17 47.0|5.70|0.50
HR 8014|20 56 18.31|-03 33 41.0|6.57|-0.10
HR 8015|20 56 54.0|-09 41 51.0|5.51|1.47
HR 8016|20 47 33.41|80 33 07.9|5.39|1.12
HR 8017|20 57 10.61|00 27 49.0|6.05|1.22
HR 8018|20 57 40.61|-16 01 54.1|5.87|0.18
HR 8019|21 01 28.10|-68 12 34.9|6.37|0.10
HR 802|02 40 39.60|-54 33 00.0|5.21|0.40
HR 8020|20 55 49.80|47 25 04.1|5.67|0.47
HR 8021|21 04 43.1|-77 01 26.0|5.15|0.49
HR 8022|20 56 12.89|51 04 30.0|6.63|-0.10
HR 8023|20 56 34.70|44 55 30.0|5.96|0.05
HR 8024|20 58 41.90|-14 28 58.1|6.01|0.23
HR 8025|20 56 25.51|50 43 43.0|5.81|0.30
HR 8026|20 56 25.90|49 11 44.9|5.90|1.04
HR 8027|21 00 21.50|-51 15 55.1|5.76|0.47
HR 8028|20 57 10.39|41 10 01.9|3.94|0.02
HR 8029|20 56 16.99|56 53 15.0|6.23|-0.18
HR 803|02 43 51.19|25 38 17.2|6.35|0.08
HR 8030|20 58 25.90|10 50 21.1|5.48|0.93
HR 8031|20 59 59.69|-36 07 46.9|6.11|0.39
HR 8032|20 58 16.39|22 19 32.9|5.31|1.40
HR 8033|20 59 36.10|-19 02 07.1|6.25|-0.13
HR 8034|20 59 04.39|04 17 37.0|5.23|0.46
HR 8035|20 58 19.49|44 28 18.1|5.55|0.97
HR 8036|20 58 30.79|41 56 25.1|6.16|-0.08
HR 8037|20 59 50.81|16 49 27.1|6.66|0.38
HR 8038|21 00 03.89|07 30 59.0|5.99|0.26
HR 8039|21 01 17.50|-32 15 28.1|4.67|0.89
HR 804|02 43 18.0|03 14 08.9|3.47|0.09
HR 8040|20 58 30.10|50 27 43.9|5.61|-0.15
HR 8041|21 00 33.79|-04 43 49.1|6.21|0.63
HR 8042|21 02 12.60|-43 00 06.8|6.64|0.68
HR 8043|20 54 44.30|75 55 32.2|6.05|0.93
HR 8044|21 00 27.70|19 19 45.8|5.65|1.61
HR 8045|21 01 45.31|-26 52 52.0|6.05|0.06
HR 8046|21 02 27.19|-38 31 50.2|5.94|1.11
HR 8047|20 59 49.61|47 31 16.0|4.74|-0.05
HR 8048|21 02 58.1|-38 37 54.1|5.30|0.41
HR 8049|20 59 25.39|59 26 19.0|5.51|1.40
HR 805|02 42 06.60|-38 23 02.0|6.01|0.92
HR 8050|21 03 10.20|-27 43 54.8|6.25|0.95
HR 8051|21 01 12.89|36 01 34.0|5.97|0.98
HR 8052|21 08 47.90|-76 12 45.0|6.58|1.23
HR 8053|21 01 10.90|46 09 20.9|5.37|-0.21
HR 8054|21 02 59.59|-00 55 28.9|6.50|-0.10
HR 8055|21 05 14.21|-54 43 37.9|5.16|1.21
HR 8056|21 03 03.0|01 31 54.8|6.25|0.48
HR 8057|21 03 01.80|14 43 48.0|6.31|1.67
HR 8058|21 04 04.61|-05 49 23.9|7.31|
HR 8059|21 04 04.70|-05 49 23.2|5.89|0.68
HR 806|02 39 35.40|-68 16 00.8|4.11|-0.06
HR 8060|21 04 24.31|-19 51 18.0|4.84|0.17
HR 8061|21 09 22.30|-73 10 23.2|5.68|0.59
HR 8062|21 02 24.10|44 47 28.0|6.19|1.69
HR 8063|21 03 04.80|38 39 27.0|6.07|1.01
HR 8064|21 02 48.50|45 50 56.0|6.48|-0.15
HR 8065|21 02 09.10|56 40 10.9|5.83|-0.07
HR 8066|21 04 34.70|05 30 10.1|5.61|1.65
HR 8067|21 04 41.69|02 56 30.8|6.42|1.05
HR 8068|21 04 45.41|02 16 10.9|6.33|0.97
HR 8069|21 06 25.51|-41 23 10.0|5.53|1.35
HR 807|02 42 08.50|-46 31 27.8|6.10|0.88
HR 8070|21 06 01.20|-30 07 30.0|5.68|1.03
HR 8071|21 03 52.10|41 37 41.2|6.33|0.38
HR 8072|21 03 25.99|50 21 06.8|6.37|0.98
HR 8073|21 08 32.90|-63 55 44.0|5.76|1.18
HR 8074|21 03 43.30|46 51 42.8|6.32|0.25
HR 8075|21 05 56.81|-17 13 58.1|4.07|-0.01
HR 8076|21 06 24.70|-32 20 30.1|5.18|1.10
HR 8077|21 05 26.69|05 57 29.9|5.94|0.54
HR 8078|21 03 47.59|53 17 10.0|5.90|0.99
HR 8079|21 04 55.90|43 55 40.1|3.72|1.65
HR 808|02 44 19.10|17 45 50.0|6.46|1.07
HR 8080|21 07 07.70|-25 00 20.9|4.50|1.61
HR 8081|21 11 20.69|-72 32 39.1|6.20|1.08
HR 8082|21 06 23.50|26 55 27.8|6.12|1.05
HR 8083|21 07 44.59|-17 27 19.1|6.17|0.02
HR 8084|21 06 30.31|31 11 04.9|5.82|0.56
HR 8085|21 06 54.60|38 44 44.9|5.21|1.18
HR 8086|21 06 55.30|38 44 35.9|6.03|1.37
HR 8087|21 08 33.60|-21 11 37.0|5.30|0.01
HR 8088|21 07 33.60|15 39 31.0|6.34|1.01
HR 8089|21 06 36.10|47 38 53.9|4.55|1.57
HR 809|02 44 32.90|15 18 42.1|5.77|-0.01
HR 8090|21 08 28.20|06 59 21.8|6.15|1.66
HR 8091|21 09 33.0|-20 33 23.0|6.25|0.38
HR 8092|21 13 20.50|-70 07 35.0|5.02|1.58
HR 8093|21 09 35.69|-11 22 18.1|4.51|0.94
HR 8094|21 08 38.90|30 12 20.9|5.59|-0.10
HR 8095|21 09 58.30|02 56 35.9|6.45|0.37
HR 8096|21 10 46.90|-09 21 14.0|6.27|1.16
HR 8097|21 10 20.50|10 07 54.1|4.69|0.26
HR 8098|21 10 31.20|10 02 56.0|6.07|0.02
HR 8099|21 06 23.30|71 25 54.8|5.87|0.40
HR 81|00 20 54.50|10 58 36.8|6.56|
HR 810|02 42 33.50|-50 48 01.1|5.41|0.56
HR 8100|21 12 13.61|-40 16 09.8|5.83|0.45
HR 8101|21 10 31.99|22 27 16.9|6.68|0.03
HR 8102|21 11 41.30|-14 28 19.9|6.48|0.28
HR 8103|21 09 58.61|45 30 09.0|6.63|-0.16
HR 8104|21 13 03.10|-39 25 31.1|5.26|0.44
HR 8105|21 11 03.89|36 17 57.1|6.54|-0.14
HR 8106|21 10 15.60|53 33 47.9|5.73|-0.12
HR 8107|21 10 31.1|47 41 30.8|6.46|-0.01
HR 8108|21 13 18.89|-36 25 26.0|5.96|0.98
HR 8109|21 09 28.90|63 17 44.2|6.54|-0.13
HR 811|02 44 07.39|-13 51 31.0|4.25|-0.14
HR 8110|21 13 17.30|-27 37 09.8|5.42|1.42
HR 8111|21 18 16.10|-75 20 48.1|6.63|0.03
HR 8112|21 05 29.30|78 07 35.0|5.91|-0.07
HR 8113|21 09 31.99|68 29 25.1|7.33|1.49
HR 8114|21 15 45.91|-53 15 47.2|5.75|0.19
HR 8115|21 12 56.21|30 13 36.8|3.20|0.99
HR 8116|21 13 28.80|15 58 57.0|6.27|0.24
HR 8117|21 15 14.69|-40 30 23.0|6.21|1.14
HR 8118|21 14 16.70|-10 36 19.1|6.77|-0.08
HR 8119|21 11 48.19|59 59 11.0|5.64|0.11
HR 812|02 44 57.60|12 26 44.9|5.18|0.24
HR 8120|21 13 26.30|36 38 01.0|6.05|0.21
HR 8121|21 14 37.1|00 05 31.9|6.38|1.61
HR 8122|21 15 06.60|-17 20 42.0|6.04|0.96
HR 8123|21 14 28.90|10 00 24.8|4.49|0.50
HR 8124|21 15 46.80|-36 12 38.9|6.12|1.37
HR 8125|21 18 00.31|-64 40 54.1|6.31|-0.07
HR 8126|21 14 10.30|29 54 04.0|6.17|1.09
HR 8127|21 15 37.90|-20 39 06.1|5.24|1.17
HR 8128|21 15 44.90|-15 10 17.0|5.28|1.64
HR 8129|21 32 04.20|-84 48 36.0|6.45|1.40
HR 813|02 44 56.50|10 06 51.1|4.27|0.31
HR 8130|21 14 47.50|38 02 44.2|3.72|0.39
HR 8131|21 15 49.39|05 14 52.1|3.92|0.53
HR 8132|21 16 39.60|-01 36 28.1|6.48|0.98
HR 8133|21 13 42.60|64 24 14.0|6.39|0.60
HR 8134|21 17 13.49|-13 16 44.0|6.40|0.04
HR 8135|21 17 56.30|-32 10 21.0|4.71|0.06
HR 8136|21 15 36.79|47 58 25.0|6.46|-0.15
HR 8137|21 17 57.29|-17 59 07.1|5.43|-0.12
HR 8138|21 16 29.59|42 15 05.0|6.43|
HR 8139|21 18 15.70|-17 27 43.9|7.05|0.34
HR 814|02 43 20.30|-40 31 39.0|6.36|-0.02
HR 8140|21 19 52.1|-53 26 58.9|4.39|0.19
HR 8141|21 18 11.11|-04 31 09.8|5.82|-0.13
HR 8142|21 18 54.41|-28 45 56.2|6.40|0.97
HR 8143|21 17 25.1|39 23 40.9|4.23|0.12
HR 8144|21 17 23.21|42 40 59.9|6.19|-0.11
HR 8145|21 20 09.50|-45 01 19.9|6.00|2.33
HR 8146|21 17 55.10|34 53 48.8|4.43|-0.11
HR 8147|21 17 01.99|53 59 51.0|6.13|0.05
HR 8148|21 19 45.79|-26 21 11.2|6.56|0.73
HR 8149|21 18 52.1|11 12 11.9|5.96|1.65
HR 815|02 48 55.51|69 38 03.1|6.18|0.18
HR 8150|21 17 14.30|55 47 53.2|5.98|1.45
HR 8151|21 20 45.60|-40 48 34.9|4.82|0.02
HR 8152|21 21 16.39|-49 56 16.1|6.38|1.32
HR 8153|21 17 18.79|58 36 42.1|6.42|0.20
HR 8154|21 18 27.19|43 56 44.9|5.00|-0.01
HR 8155|21 18 55.30|41 02 26.9|6.15|0.30
HR 8156|21 24 16.70|-69 44 03.1|6.41|2.82
HR 8157|21 19 22.20|38 14 15.0|5.83|0.50
HR 8158|21 20 13.99|22 01 35.0|6.29|-0.08
HR 8159|21 25 18.10|-71 47 57.8|6.09|1.26
HR 816|02 45 20.90|04 42 42.1|6.03|0.31
HR 8160|21 21 04.30|-04 33 36.0|5.87|0.92
HR 8161|21 19 28.80|49 30 37.1|5.76|-0.15
HR 8162|21 18 34.80|62 35 08.2|2.44|0.22
HR 8163|21 21 04.80|07 21 15.8|5.82|1.66
HR 8164|21 19 15.79|58 37 25.0|5.66|1.38
HR 8165|21 21 04.39|23 51 20.9|5.57|1.05
HR 8166|21 20 50.9|32 27 10.1|5.68|1.08
HR 8167|21 22 14.81|-16 50 03.8|4.28|0.90
HR 8168|21 15 42.19|77 00 43.9|5.95|1.50
HR 8169|21 21 22.1|32 36 46.1|6.04|0.03
HR 817|02 44 20.50|-32 31 30.0|6.22|0.04
HR 8170|21 21 01.39|40 20 44.2|6.40|0.53
HR 8171|21 19 22.20|64 52 18.8|5.18|-0.04
HR 8172|21 23 00.50|-22 40 08.0|5.60|1.63
HR 8173|21 22 05.21|19 48 15.8|4.08|1.11
HR 8174|21 13 21.50|81 13 50.9|6.15|0.09
HR 8175|21 22 56.30|-09 19 09.8|5.99|1.54
HR 8176|21 33 54.41|-82 40 59.2|6.38|0.13
HR 8177|21 24 20.81|-46 36 54.0|6.31|0.20
HR 8178|21 22 53.59|06 48 40.0|5.16|0.05
HR 8179|21 20 33.50|60 45 24.8|6.11|1.00
HR 818|02 45 06.19|-18 34 21.0|4.47|0.48
HR 8180|21 24 24.79|-41 00 24.1|5.77|-0.05
HR 8181|21 26 26.59|-65 21 58.0|4.22|0.49
HR 8182|21 22 41.90|30 18 34.9|6.05|1.08
HR 8183|21 24 09.60|-20 51 06.8|5.41|1.16
HR 8184|21 24 07.90|-22 44 48.8|6.38|1.02
HR 8185|21 22 00.41|49 23 20.0|5.69|1.10
HR 8186|21 22 46.90|38 38 03.1|6.63|0.01
HR 8187|21 24 11.50|-12 52 41.2|5.49|0.29
HR 8188|21 26 15.41|-54 39 38.2|6.12|0.34
HR 8189|21 23 22.99|37 24 24.1|6.58|
HR 819|02 46 58.30|35 59 01.0|6.25|0.93
HR 8190|21 23 58.80|24 16 27.1|5.71|0.32
HR 8191|21 24 24.60|10 10 27.1|6.35|0.47
HR 8192|21 24 51.70|-03 23 53.9|6.36|0.33
HR 8193|21 23 48.31|37 21 05.0|6.47|
HR 8194|21 24 07.39|25 18 43.9|6.15|
HR 8195|21 25 13.10|-09 44 55.0|5.70|0.20
HR 8196|21 28 44.90|-69 30 19.1|5.34|1.55
HR 8197|21 24 23.11|24 31 44.0|6.32|1.04
HR 8198|21 24 34.1|26 10 27.8|5.68|0.31
HR 8199|21 25 16.99|-03 33 24.1|5.49|1.46
HR 82|00 21 07.30|37 58 07.0|5.18|0.42
HR 820|02 47 03.50|35 33 18.0|6.30|
HR 8200|21 26 22.90|-37 49 45.8|5.63|1.19
HR 8201|21 33 20.59|-80 02 21.1|6.47|0.04
HR 8202|21 27 01.61|-42 32 52.1|5.51|0.39
HR 8203|21 25 51.50|00 32 03.8|6.46|0.16
HR 8204|21 26 40.1|-22 24 41.0|3.74|1.00
HR 8205|21 26 28.10|01 06 11.9|6.13|0.44
HR 8206|21 24 55.51|49 19 23.9|6.58|-0.03
HR 8207|21 27 14.81|-21 11 46.0|5.78|1.44
HR 8208|21 25 19.61|46 42 51.8|5.60|0.32
HR 8209|21 25 46.99|36 40 03.0|5.94|-0.08
HR 821|02 44 10.70|-52 34 14.2|6.15|0.09
HR 8210|21 26 26.69|19 22 32.2|6.07|0.22
HR 8211|21 29 00.31|-53 42 20.9|6.39|1.14
HR 8212|21 28 13.90|-11 34 05.9|6.61|0.49
HR 8213|21 28 43.39|-21 48 25.9|4.51|0.91
HR 8214|21 29 03.79|-31 14 19.0|6.50|0.03
HR 8215|21 27 21.41|37 07 00.1|5.31|-0.14
HR 8216|21 26 51.60|48 50 06.0|5.31|0.07
HR 8217|21 27 40.10|27 36 31.0|5.41|0.04
HR 8218|21 26 45.0|52 53 55.0|6.03|-0.12
HR 8219|21 28 24.79|08 11 44.2|6.40|1.64
HR 822|02 45 16.49|-46 17 13.9|6.85|1.36
HR 8220|21 28 08.30|32 13 31.1|5.80|0.32
HR 8221|21 28 59.90|17 54 20.9|6.44|1.39
HR 8222|21 29 59.59|-19 08 52.1|6.57|0.41
HR 8223|21 28 59.90|22 10 45.8|5.93|1.53
HR 8224|21 27 25.30|59 45 00.0|6.10|1.75
HR 8225|21 29 56.90|23 38 20.0|4.57|1.62
HR 8226|21 28 52.70|55 25 07.0|6.12|0.14
HR 8227|21 27 46.10|66 48 33.1|5.44|-0.11
HR 8228|21 29 27.0|46 32 26.2|5.24|0.97
HR 8229|21 32 05.90|-41 10 45.1|5.29|1.10
HR 823|02 43 26.59|-66 42 51.8|6.26|0.53
HR 8230|21 32 14.59|-33 56 40.9|5.97|0.05
HR 8231|21 31 09.60|12 08 15.0|6.08|-0.05
HR 8232|21 31 33.50|-05 34 16.0|2.91|0.83
HR 8233|21 33 17.71|-52 44 15.0|6.41|1.48
HR 8234|21 38 56.21|-79 26 33.0|6.18|0.46
HR 8235|21 32 33.31|-24 35 26.2|6.43|0.20
HR 8236|21 33 23.50|-44 50 55.0|5.57|1.04
HR 8237|21 30 20.40|52 57 29.2|6.02|0.08
HR 8238|21 28 39.60|70 33 38.9|3.23|-0.22
HR 8239|21 24 49.70|80 31 28.9|5.97|0.92
HR 824|02 47 54.50|29 14 49.9|4.51|1.11
HR 8240|21 32 27.10|23 23 39.8|6.70|-0.09
HR 8241|21 34 16.99|-42 55 30.0|6.32|1.09
HR 8242|21 31 27.50|52 37 12.0|6.16|0.90
HR 8243|21 30 59.30|60 27 33.8|5.53|0.12
HR 8244|21 34 52.99|-29 41 46.0|6.41|-0.11
HR 8245|21 34 51.0|-20 05 03.8|5.69|0.40
HR 8246|21 32 56.59|49 58 40.1|5.75|-0.03
HR 8247|21 35 15.91|-23 27 15.1|6.40|1.10
HR 8248|21 33 17.90|45 51 15.1|6.25|1.81
HR 8249|21 38 02.90|-64 49 27.1|6.20|0.03
HR 825|02 49 30.79|57 05 03.1|6.25|0.89
HR 8250|21 34 34.1|22 45 16.9|6.47|0.51
HR 8251|21 35 17.59|-03 58 59.2|5.77|1.11
HR 8252|21 33 58.90|45 35 30.8|4.02|0.89
HR 8253|21 36 10.99|-26 10 17.0|5.73|0.22
HR 8254|21 41 28.49|-77 23 24.0|3.76|1.00
HR 8255|21 34 46.61|38 32 03.1|4.90|1.08
HR 8256|21 36 48.89|-33 02 53.2|6.11|0.22
HR 8257|21 35 19.1|28 11 49.9|6.31|0.35
HR 8258|21 35 27.0|24 27 07.9|6.11|
HR 8259|21 34 27.50|51 41 53.9|6.15|0.02
HR 826|02 46 45.19|-21 38 22.9|6.49|0.38
HR 8260|21 37 04.80|-19 27 58.0|4.68|-0.17
HR 8261|21 36 13.90|30 03 20.2|6.36|
HR 8262|21 36 02.40|45 22 28.9|5.53|1.58
HR 8263|21 37 33.79|-00 23 25.1|6.25|0.06
HR 8264|21 37 45.10|-07 51 15.1|4.69|0.17
HR 8265|21 37 43.70|06 37 05.9|6.18|0.02
HR 8266|21 36 57.0|40 24 49.0|5.01|0.18
HR 8267|21 37 45.41|19 19 07.0|5.45|0.30
HR 8268|21 39 06.10|-33 40 45.1|6.28|0.92
HR 8269|21 39 59.69|-52 21 33.1|6.21|0.60
HR 827|02 47 11.21|-22 29 08.2|6.47|0.39
HR 8270|21 38 31.90|05 46 18.1|5.67|0.25
HR 8271|21 40 33.60|-55 44 15.0|6.33|1.06
HR 8272|21 37 27.89|44 41 48.1|6.20|0.19
HR 8273|21 39 28.10|-10 34 36.8|6.08|1.03
HR 8274|21 38 45.0|25 29 56.0|6.16|1.02
HR 8275|21 37 38.71|54 02 31.9|6.15|0.99
HR 8276|21 39 01.10|20 15 55.1|5.85|0.32
HR 8277|21 39 33.31|02 14 37.0|5.10|1.04
HR 8278|21 40 05.50|-16 39 43.9|3.68|0.32
HR 8279|21 37 55.20|62 04 54.8|4.73|0.30
HR 828|02 48 32.11|18 17 01.0|5.82|1.20
HR 8280|21 50 54.31|-82 43 09.1|5.29|0.75
HR 8281|21 38 57.60|57 29 21.1|5.62|0.21
HR 8282|21 41 46.10|-25 06 06.8|6.49|1.19
HR 8283|21 41 32.90|-14 02 51.0|5.18|0.65
HR 8284|21 40 11.11|43 16 26.0|5.11|1.60
HR 8285|21 42 00.79|-23 15 46.1|5.24|0.95
HR 8286|21 45 28.80|-71 00 32.0|6.01|-0.10
HR 8287|21 42 10.10|01 17 07.1|5.67|1.44
HR 8288|21 42 39.50|-18 51 59.0|4.73|0.88
HR 8289|21 42 15.50|05 40 48.0|5.30|1.64
HR 829|02 51 58.70|68 53 19.0|5.80|0.64
HR 8290|21 40 43.30|54 52 19.9|6.20|1.16
HR 8291|21 41 34.30|40 48 19.1|6.11|0.07
HR 8292|21 42 33.0|10 49 28.9|6.09|-0.11
HR 8293|21 43 13.49|-19 37 14.9|6.22|0.27
HR 8294|22 45 28.61|-88 49 05.9|6.57|0.28
HR 8295|21 43 04.39|-14 23 58.9|5.88|0.25
HR 8296|21 41 43.80|42 50 28.0||
HR 8297|21 42 01.10|35 30 37.1|6.07|2.52
HR 8298|21 42 08.40|45 45 56.9|6.17|1.55
HR 8299|21 44 29.50|-38 33 09.0|6.30|1.12
HR 83|00 20 39.0|-69 37 30.0|5.51|-0.05
HR 830|02 48 45.89|25 11 17.2|5.86|-0.07
HR 8300|21 42 22.90|41 04 37.9|5.69|0.01
HR 8301|21 42 05.69|51 11 22.9|4.67|-0.12
HR 8302|21 44 01.1|-14 44 57.8|5.99|0.21
HR 8303|21 45 19.1|-49 29 55.0|6.45|1.15
HR 8304|21 42 38.90|49 36 01.1|6.09|1.00
HR 8305|21 44 56.81|-33 01 32.9|4.34|-0.05
HR 8306|21 43 06.41|41 09 18.0|5.49|1.59
HR 8307|21 43 25.70|38 17 02.0|5.65|0.00
HR 8308|21 44 11.21|09 52 30.0|2.39|1.53
HR 8309|21 44 08.59|28 44 34.1|4.73|0.48
HR 831|02 49 27.10|37 19 34.0|6.45|0.43
HR 8310|21 44 08.30|28 44 35.2|6.08|0.36
HR 8311|21 45 00.31|-09 04 57.0|5.09|1.11
HR 8312|21 42 45.41|59 16 16.0|6.08|1.34
HR 8313|21 44 30.70|17 21 00.0|4.34|1.17
HR 8314|21 44 31.30|14 46 18.8|5.94|0.59
HR 8315|21 44 38.71|25 38 42.0|4.13|0.43
HR 8316|21 43 30.41|58 46 48.0|4.08|2.35
HR 8317|21 41 55.30|71 18 41.0|4.56|1.10
HR 8318|21 46 16.30|-09 16 32.9|6.00|1.66
HR 8319|21 46 32.11|-11 21 56.9|5.58|-0.01
HR 832|02 47 55.99|-12 27 38.2|6.90|1.56
HR 8320|21 45 44.50|35 51 25.9|6.40|1.00
HR 8321|21 46 04.39|22 56 56.0|5.29|1.41
HR 8322|21 47 02.40|-16 07 37.9|2.87|0.29
HR 8323|21 48 15.79|-47 18 13.0|5.58|0.60
HR 8324|21 43 04.1|72 19 13.1|5.17|1.05
HR 8325|21 46 24.0|25 33 47.9|6.28|1.21
HR 8326|21 47 44.21|-30 53 53.9|5.01|0.04
HR 8327|21 44 53.30|62 27 38.2|5.95|0.31
HR 8328|21 47 13.99|02 41 10.0|5.64|0.00
HR 8329|21 46 16.61|43 03 38.9|6.54|0.28
HR 833|02 45 27.50|-63 42 15.8|5.74|0.93
HR 8330|21 47 04.70|17 11 39.1|6.21|0.34
HR 8331|21 50 00.10|-64 42 45.0|5.62|1.02
HR 8332|21 47 38.11|-05 55 01.9|6.17|0.22
HR 8333|21 50 47.11|-69 37 45.8|5.53|1.37
HR 8334|21 45 26.90|61 07 14.9|4.29|0.52
HR 8335|21 46 47.59|49 18 33.8|4.23|-0.12
HR 8336|21 48 08.30|36 34 50.2|6.47|
HR 8337|21 49 41.11|-12 43 23.2|6.31|0.22
HR 8338|21 48 29.40|38 38 55.0|6.12|-0.08
HR 8339|21 47 25.30|60 41 34.1|5.52|1.52
HR 834|02 50 41.81|55 53 44.2|3.76|1.68
HR 8340|21 50 13.10|-16 50 40.9|6.38|1.42
HR 8341|21 49 26.90|20 27 45.0|6.29|-0.10
HR 8342|21 47 01.1|70 09 02.9|6.29|
HR 8343|21 49 50.69|30 10 27.1|5.04|-0.03
HR 8344|21 50 08.71|17 17 08.2|5.29|0.37
HR 8345|21 49 40.10|41 08 56.0|6.48|0.42
HR 8346|21 51 41.81|-18 37 23.2|6.16|0.36
HR 8347|21 49 19.1|61 16 22.1|6.17|1.67
HR 8348|21 51 34.20|19 49 36.1|5.77|-0.10
HR 8349|21 51 04.90|39 32 12.1|6.17|-0.08
HR 835|02 47 33.70|-35 33 02.9|6.51|0.96
HR 8350|21 52 18.19|21 16 23.2|6.89|
HR 8351|21 53 17.81|-13 33 06.1|5.08|0.37
HR 8352|21 55 11.50|-61 53 11.0|5.90|0.39
HR 8353|21 53 55.70|-37 21 54.0|3.01|-0.12
HR 8354|21 52 29.90|28 47 35.9|5.53|0.42
HR 8355|21 53 36.0|-10 18 42.1|6.59|-0.12
HR 8356|21 53 03.79|25 55 30.0|5.08|-0.17
HR 8357|21 52 01.1|55 47 48.8|5.71|-0.13
HR 8358|21 53 37.39|19 40 05.9|5.68|0.01
HR 8359|21 53 57.79|06 51 51.8|6.15|0.80
HR 836|02 49 17.50|17 27 51.1|5.22|-0.06
HR 8360|21 54 10.39|-04 16 34.0|5.71|1.18
HR 8361|21 51 37.30|65 45 10.1|6.37|
HR 8362|21 56 13.99|-57 53 57.8|6.19|0.21
HR 8363|21 54 35.90|-03 18 04.0|6.20|0.48
HR 8364|21 54 17.40|19 43 05.9|6.39|0.97
HR 8365|21 55 55.61|-30 36 23.0|6.41|0.93
HR 8366|21 56 22.80|-37 15 13.0|5.46|0.08
HR 8367|21 57 02.21|-37 44 48.8|6.18|0.33
HR 8368|21 57 55.10|-54 59 33.0|4.40|0.28
HR 8369|21 58 30.10|-59 00 43.9|6.12|0.46
HR 837|02 45 32.59|-67 37 00.1|4.84|0.06
HR 8370|22 01 52.10|-77 39 45.0|6.41|0.22
HR 8371|21 54 53.21|56 36 41.0|5.80|0.73
HR 8372|21 56 24.0|21 14 22.9|6.40|1.70
HR 8373|21 56 56.40|12 04 35.0|5.54|0.05
HR 8374|21 55 20.69|61 32 30.8|6.13|1.60
HR 8375|21 55 31.10|65 19 14.9|5.86|-0.06
HR 8376|21 58 13.30|-05 25 28.9|6.33|0.37
HR 8377|21 57 02.21|48 40 07.0|6.42|-0.08
HR 8378|21 58 43.80|-21 10 58.1|6.12|1.65
HR 8379|21 59 17.90|-38 23 43.1|5.50|1.00
HR 838|02 49 58.99|27 15 38.2|3.63|-0.10
HR 8380|22 03 03.79|-76 07 07.0|5.95|0.39
HR 8381|22 00 24.10|-55 52 58.1|6.01|-0.10
HR 8382|21 58 55.1|-04 22 23.2|6.22|1.00
HR 8383|21 56 39.10|63 37 32.2|4.91|1.77
HR 8384|21 57 11.11|66 09 22.0|6.43|-0.05
HR 8385|22 00 07.90|06 43 03.0|6.00|-0.12
HR 8386|22 00 50.21|-28 27 13.0|5.42|-0.09
HR 8387|22 03 21.60|-56 47 10.0|4.69|1.06
HR 8388|21 58 53.40|62 41 53.9|5.93|1.67
HR 8389|21 59 22.99|57 39 29.9|6.59|0.03
HR 839|02 51 45.50|58 18 52.9|6.45|0.10
HR 8390|22 01 04.99|00 36 18.0|5.58|1.28
HR 8391|22 00 26.81|33 00 22.0|6.46|
HR 8392|22 01 05.40|13 07 10.9|5.60|0.34
HR 8393|22 01 09.19|08 15 25.9|5.65|1.44
HR 8394|22 02 11.90|-17 54 13.0|6.28|1.01
HR 8395|21 57 51.0|74 59 48.1|6.35|1.56
HR 8396|22 02 26.59|-16 57 51.1|6.37|0.42
HR 8397|22 02 01.39|10 58 26.0|6.37|-0.10
HR 8398|22 03 17.21|-29 54 15.1|7.10|0.32
HR 8399|22 00 39.31|62 29 17.2|6.66|0.06
HR 84|00 21 31.20|-28 58 54.1|5.18|1.00
HR 840|02 50 35.11|38 19 07.0|4.23|0.34
HR 8400|21 59 15.0|73 10 48.0|5.03|0.44
HR 8401|22 03 16.39|-06 31 21.0|5.54|0.96
HR 8402|22 03 18.89|-02 09 19.1|4.69|-0.06
HR 8403|22 01 50.59|52 52 55.9|5.78|-0.11
HR 8404|22 03 19.1|11 23 11.0|5.80|-0.07
HR 8405|22 04 23.90|-29 55 00.1|6.47|1.63
HR 8406|22 02 04.61|58 00 02.2|5.56|0.06
HR 8407|22 02 56.69|44 39 00.0|5.60|-0.03
HR 8408|22 04 36.79|-26 49 21.0|5.96|-0.14
HR 8409|22 05 50.90|-59 38 10.0|5.62|1.46
HR 841|02 49 05.40|-32 24 20.9|4.46|0.99
HR 8410|22 04 47.40|-00 54 24.1|5.30|0.23
HR 8411|22 06 06.89|-39 32 35.9|4.46|1.37
HR 8412|22 04 34.39|32 56 30.8|6.38|1.10
HR 8413|22 05 40.80|05 03 31.0|4.84|1.44
HR 8414|22 05 46.99|-00 19 10.9|2.96|0.98
HR 8415|22 05 11.40|26 40 26.0|5.78|1.25
HR 8416|22 03 52.90|63 07 10.9|5.29|1.58
HR 8417|22 03 47.40|64 37 40.1|4.29|0.34
HR 8418|22 06 26.21|-13 52 10.9|4.27|-0.07
HR 8419|22 05 34.70|28 57 50.0|5.70|-0.06
HR 842|02 51 41.71|46 50 30.8|5.88|0.89
HR 8420|22 10 42.50|-75 52 50.2|6.55|1.18
HR 8421|22 05 16.39|46 44 40.9|6.13|1.61
HR 8422|22 05 50.59|45 06 43.9|6.44|-0.03
HR 8423|21 58 12.70|82 52 10.9|6.98|0.52
HR 8424|22 06 01.99|45 00 51.8|5.14|1.57
HR 8425|22 08 13.99|-46 57 40.0|1.74|-0.13
HR 8426|22 05 00.50|62 47 08.2|5.27|1.41
HR 8427|22 05 51.19|48 13 54.1|6.27|-0.06
HR 8428|22 05 08.90|62 16 48.0|5.11|0.08
HR 8429|22 06 12.41|45 14 55.0|6.19|0.09
HR 843|02 51 30.79|35 03 34.9|4.53|1.56
HR 8430|22 07 00.70|25 20 42.0|3.76|0.44
HR 8431|22 08 22.99|-32 59 19.0|4.50|0.05
HR 8432|22 11 55.30|-76 06 58.0|6.15|1.00
HR 8433|22 08 25.99|-34 02 38.0|4.99|1.48
HR 8434|22 06 13.49|56 20 35.2|6.39|-0.10
HR 8435|22 07 28.61|19 28 32.2|5.75|
HR 8436|22 07 30.0|18 00 02.2|6.35|1.64
HR 8437|22 08 42.70|-33 07 32.2|6.37|0.20
HR 8438|22 07 50.30|21 42 10.1|5.78|-0.10
HR 8439|22 08 58.99|-18 31 10.9|5.81|-0.17
HR 844|02 49 51.0|-24 33 37.1|6.14|1.07
HR 8440|22 09 58.1|-48 06 25.9|6.43|1.39
HR 8441|22 08 17.21|25 32 37.0|6.11|0.27
HR 8442|22 07 09.60|58 50 26.9|6.32|0.88
HR 8443|22 07 25.51|53 18 25.9|6.14|0.43
HR 8444|22 09 55.70|-34 00 52.9|5.37|0.24
HR 8445|22 08 16.51|49 47 47.0|6.42|
HR 8446|22 10 00.10|-28 17 33.0|6.44|0.15
HR 8447|22 10 08.81|-32 32 53.9|4.92|0.48
HR 8448|22 08 40.99|45 44 30.8|6.11|0.72
HR 8449|22 09 13.61|33 10 19.9|5.58|1.00
HR 845|02 49 54.19|-27 56 30.1|5.39|0.02
HR 8450|22 10 12.0|06 11 52.1|3.53|0.08
HR 8451|22 10 21.10|-03 53 39.1|6.27|-0.01
HR 8452|22 10 37.49|-11 33 54.0|5.46|-0.12
HR 8453|22 10 33.79|-04 16 01.9|6.01|0.98
HR 8454|22 09 59.21|33 10 41.9|4.29|0.46
HR 8455|22 10 19.1|19 37 00.8|6.18|0.69
HR 8456|22 10 22.20|14 37 48.0|6.33|1.08
HR 8457|22 11 02.40|-21 13 57.0|6.09|0.50
HR 8458|22 10 37.39|11 37 27.8|5.78|1.58
HR 8459|22 10 30.19|20 58 41.2|6.46|0.12
HR 846|02 52 52.1|52 59 52.1|6.36|0.07
HR 8460|22 10 51.60|30 33 11.2|6.32|0.18
HR 8461|22 11 51.29|16 02 26.2|5.95|0.95
HR 8462|22 12 25.80|-14 11 38.0|6.03|0.38
HR 8463|22 11 09.91|50 49 23.9|5.40|0.15
HR 8464|22 12 57.50|-26 19 40.1|6.17|0.17
HR 8465|22 10 51.29|58 12 04.0|3.35|1.57
HR 8466|22 12 07.99|24 57 00.0|5.92|1.51
HR 8467|22 12 43.80|-04 43 14.9|6.39|0.50
HR 8468|22 09 48.41|72 20 28.0|4.79|0.92
HR 8469|22 11 30.70|59 24 51.8|5.04|0.25
HR 847|02 51 29.59|15 04 54.8|5.49|-0.09
HR 8470|22 13 44.40|-25 10 50.9|5.58|0.49
HR 8471|22 17 50.50|-77 30 42.1|5.51|0.31
HR 8472|22 11 48.79|56 50 21.8|5.24|0.51
HR 8473|22 10 15.31|72 06 40.0|6.37|-0.06
HR 8474|22 10 38.90|70 07 58.1|5.50|0.38
HR 8475|22 12 47.81|34 36 16.9|5.33|1.13
HR 8476|22 11 56.90|59 05 04.9|6.30|1.13
HR 8477|22 14 38.59|-41 22 54.1|6.23|0.65
HR 8478|22 14 18.79|-27 46 00.8|5.43|-0.16
HR 8479|22 12 01.90|60 45 33.8|5.35|1.17
HR 848|02 50 14.81|-35 50 37.0|5.92|0.90
HR 8480|22 14 18.0|-21 04 27.1|5.32|0.80
HR 8481|22 20 01.51|-80 26 22.9|5.10|1.47
HR 8482|22 13 38.59|28 36 29.9|5.89|1.15
HR 8483|22 12 22.30|63 17 29.0|5.79|1.67
HR 8484|22 15 35.9|-44 27 06.8|6.10|1.02
HR 8485|22 13 52.70|39 42 54.0|4.49|1.39
HR 8486|22 15 36.89|-41 20 48.1|4.79|0.80
HR 8487|22 13 49.30|45 26 26.9|5.53|0.04
HR 8488|22 16 26.59|-41 37 39.0|5.10|0.92
HR 8489|22 14 44.40|42 57 14.0|5.71|0.00
HR 849|02 53 21.19|48 34 09.8|6.26|1.18
HR 8490|22 13 49.49|63 09 45.0|6.11|-0.08
HR 8491|22 15 59.81|08 32 57.8|6.21|0.02
HR 8492|22 16 37.39|-25 53 53.9|6.15|1.11
HR 8493|22 12 52.90|73 18 25.9|6.08|1.01
HR 8494|22 15 01.99|57 02 37.0|4.19|0.28
HR 8495|22 16 33.60|-01 35 47.0|6.15|0.19
HR 8496|22 16 48.10|-12 49 53.0|5.34|1.14
HR 8497|22 16 59.81|-23 08 24.0|6.17|1.05
HR 8498|22 15 58.20|37 44 56.0|4.13|1.46
HR 8499|22 16 49.99|-07 46 59.9|4.16|0.98
HR 85|00 21 46.30|-20 03 28.1|5.12|1.82
HR 850|02 51 02.30|-21 00 15.1|4.75|0.91
HR 8500|22 16 52.61|-09 02 24.0|5.79|1.16
HR 8501|22 18 15.60|-53 37 40.1|5.37|0.60
HR 8502|22 18 30.10|-60 15 34.9|2.86|1.39
HR 8503|22 16 29.69|27 48 15.1|6.37|0.99
HR 8504|22 17 06.50|-05 23 13.9|5.75|0.88
HR 8505|22 31 37.39|-85 58 01.9|5.77|1.02
HR 8506|22 16 26.50|57 13 13.1|5.88|0.93
HR 8507|22 18 04.30|-00 14 16.1|6.39|0.44
HR 8508|22 19 00.79|-13 18 18.0|5.95|1.06
HR 8509|22 20 36.19|-57 30 36.0|6.34|1.37
HR 851|02 50 40.39|-35 40 34.0|5.47|1.25
HR 8510|22 18 56.21|37 46 09.8|6.17|0.28
HR 8511|22 18 12.70|62 48 15.8|5.75|1.26
HR 8512|22 20 11.90|-07 49 16.0|5.37|-0.06
HR 8513|22 20 27.60|05 47 21.8|5.37|-0.02
HR 8514|22 20 55.80|08 11 12.1|6.17|0.44
HR 8515|22 24 36.79|-72 15 20.2|5.29|0.65
HR 8516|22 21 35.59|-21 35 53.9|5.13|1.07
HR 8517|22 21 00.10|26 56 07.1|6.47|1.59
HR 8518|22 21 39.41|-01 23 13.9|3.84|-0.05
HR 8519|22 20 39.60|50 58 50.9|6.42|
HR 852|02 49 01.49|-62 48 24.1|5.26|0.10
HR 8520|22 21 31.10|12 12 19.1|5.01|-0.13
HR 8521|22 22 43.90|-45 56 52.1|6.62|2.01
HR 8522|22 21 19.30|28 19 50.2|4.81|0.00
HR 8523|22 21 01.61|46 32 12.1|4.57|-0.10
HR 8524|22 23 07.99|-45 55 43.0|5.62|0.36
HR 8525|22 18 20.40|76 29 17.2|6.66|0.00
HR 8526|22 25 51.0|-75 00 56.2|6.04|0.64
HR 8527|22 25 10.51|-70 25 54.1|5.78|0.38
HR 8528|22 21 50.90|42 04 41.9|6.41|-0.08
HR 8529|22 23 30.91|-24 45 45.0|5.53|0.99
HR 853|02 50 47.90|-39 55 54.1|6.36|0.05
HR 8530|22 23 32.11|-07 11 39.8|5.93|1.00
HR 8531|22 24 56.40|-57 47 49.9|5.32|0.67
HR 8532|22 23 39.60|20 50 53.9|6.04|
HR 8533|22 24 06.89|-04 50 12.8|5.78|-0.04
HR 8534|22 24 27.10|-13 31 45.8|5.76|0.97
HR 8535|22 23 00.19|57 17 03.8|6.16|-0.13
HR 8536|22 23 54.19|38 34 25.0|6.22|0.49
HR 8537|22 23 00.19|62 25 12.0|6.04|0.05
HR 8538|22 23 33.60|52 13 45.1|4.43|1.02
HR 8539|22 25 16.61|01 22 39.0|4.66|-0.03
HR 854|02 54 15.50|52 45 45.0|3.95|0.74
HR 8540|22 27 19.99|-64 57 59.0|4.48|-0.03
HR 8541|22 24 31.1|49 28 35.0|4.57|0.09
HR 8542|22 26 10.70|-23 40 57.0|6.29|-0.03
HR 8543|22 25 40.70|18 26 39.8|6.26|1.22
HR 8544|22 26 34.20|-16 44 29.0|6.57|
HR 8545|22 26 34.39|-16 44 33.0|6.35|0.61
HR 8546|22 13 10.61|86 06 29.2|5.27|-0.03
HR 8547|22 28 37.70|-67 29 21.1|5.55|0.20
HR 8548|22 26 37.39|04 23 37.0|5.75|0.52
HR 8549|22 26 45.70|37 26 38.0|6.46|-0.13
HR 855|02 53 42.60|38 20 15.0|5.33|0.41
HR 8550|22 23 41.30|78 14 35.9|6.76|-0.06
HR 8551|22 27 51.50|04 41 44.2|4.79|1.05
HR 8552|22 28 39.19|-39 07 54.8|5.47|0.95
HR 8553|22 27 26.50|39 48 34.9|6.14|-0.14
HR 8554|22 26 59.21|56 25 59.9|6.57|-0.10
HR 8555|22 27 46.20|31 50 25.1|5.98|1.45
HR 8556|22 29 16.20|-43 29 44.2|3.97|1.03
HR 8557|22 26 00.79|70 46 14.9|5.47|1.20
HR 8558|22 28 49.70|-00 01 13.1|4.59|
HR 8559|22 28 50.9|-00 01 12.0|4.42|0.38
HR 856|02 53 11.71|16 28 59.9|6.31|
HR 8560|22 29 45.50|-43 44 57.8|4.11|1.57
HR 8561|22 27 05.30|65 07 55.9|5.46|0.37
HR 8562|22 29 07.99|09 07 44.0|5.58|1.55
HR 8563|22 29 46.1|-27 06 25.9|5.95|0.33
HR 8564|22 29 10.20|26 45 47.2|5.79|1.25
HR 8565|22 30 01.51|-12 54 54.0|6.40|0.32
HR 8566|22 29 58.1|04 25 54.1|5.48|0.38
HR 8567|22 30 17.40|-14 35 08.9|6.37|-0.04
HR 8568|22 28 19.70|64 05 08.2|6.29|1.08
HR 8569|22 29 43.90|35 43 32.2|6.56|
HR 857|02 52 32.11|-12 46 09.8|6.04|0.87
HR 8570|22 30 53.71|-26 04 25.0|6.43|1.08
HR 8571|22 29 10.30|58 24 55.1|3.75|0.60
HR 8572|22 29 31.80|47 42 24.8|4.36|1.68
HR 8573|22 30 38.81|-10 40 41.2|4.82|-0.06
HR 8574|22 30 01.80|32 34 21.0|5.65|-0.04
HR 8575|22 30 06.50|49 21 22.0|6.40|1.15
HR 8576|22 31 30.31|-32 20 46.0|4.29|0.01
HR 8577|22 35 26.40|-78 46 18.1|6.15|1.38
HR 8578|22 26 42.50|78 47 08.9|5.83|0.15
HR 8579|22 30 29.30|43 07 23.9|4.51|-0.09
HR 858|02 51 55.30|-30 48 51.8|6.40|0.48
HR 8580|22 31 18.41|-02 54 40.0|6.16|1.08
HR 8581|22 31 18.41|-06 33 18.0|6.14|0.56
HR 8582|22 33 00.10|-61 58 55.9|4.81|1.61
HR 8583|22 31 41.30|-10 54 20.2|6.38|0.28
HR 8584|22 31 34.20|29 32 34.1|6.35|0.19
HR 8585|22 31 17.50|50 16 57.0|3.77|0.01
HR 8586|22 32 35.50|20 13 48.0|6.42|0.32
HR 8587|22 32 46.90|15 51 47.9|6.32|1.19
HR 8588|22 32 26.40|39 46 46.9|5.88|0.16
HR 8589|22 32 18.79|54 02 15.0|6.35|
HR 859|02 52 50.50|-09 26 28.0|6.32|0.19
HR 8590|22 34 02.90|-01 34 27.1|5.89|0.99
HR 8591|22 29 52.90|78 49 27.1|5.50|0.06
HR 8592|22 34 41.59|-20 42 29.9|5.20|0.44
HR 8593|22 35 52.90|-57 53 01.0|6.23|0.20
HR 8594|22 33 40.61|56 37 30.0|5.71|0.96
HR 8595|22 33 02.90|69 54 49.0|6.60|0.32
HR 8596|22 35 36.50|-23 59 28.0|5.97|0.99
HR 8597|22 35 21.41|-00 07 03.0|4.02|-0.09
HR 8598|22 33 16.99|70 22 26.0|6.34|0.00
HR 8599|22 32 16.20|76 13 35.0|5.68|0.05
HR 86|00 22 25.49|13 28 57.0|6.23|1.22
HR 860|02 55 56.90|61 31 16.0|5.59|0.45
HR 8600|22 36 29.30|-40 34 58.1|6.28|0.12
HR 8601|22 36 35.40|-31 39 50.0|5.82|1.09
HR 8602|22 36 58.80|-40 35 28.0|5.86|0.06
HR 8603|22 35 52.30|39 38 03.1|5.73|-0.15
HR 8604|22 36 07.90|35 34 37.9|6.10|1.00
HR 8605|22 36 36.41|11 41 48.8|6.40|0.00
HR 8606|22 35 53.40|50 04 16.0|6.29|-0.05
HR 8607|22 35 51.79|56 04 12.0|6.38|0.12
HR 8608|22 37 04.70|12 34 37.9|6.30|
HR 8609|22 36 48.70|35 39 09.0|6.30|1.37
HR 861|02 56 24.79|64 19 57.0|6.24|2.03
HR 8610|22 37 45.41|-04 13 41.2|5.03|1.14
HR 8611|22 39 08.40|-52 41 31.9|6.65|0.35
HR 8612|22 38 22.20|-07 53 52.1|6.23|0.78
HR 8613|22 37 22.39|51 32 43.1|4.63|0.24
HR 8614|22 38 44.69|-28 44 52.1|6.47|1.04
HR 8615|22 35 46.10|73 38 35.2|5.08|0.39
HR 8616|22 38 51.50|-33 04 53.0|5.66|0.05
HR 8617|22 38 17.50|45 10 59.2|6.40|
HR 8618|22 38 52.61|19 31 19.9|5.82|0.92
HR 8619|22 39 43.99|-28 19 31.1|6.31|1.01
HR 862|02 53 35.30|-22 22 35.0|5.95|1.04
HR 8620|22 40 48.89|-57 25 19.9|5.97|1.46
HR 8621|22 38 37.90|56 47 44.9|5.21|1.58
HR 8622|22 39 15.70|39 03 01.1|4.88|-0.20
HR 8623|22 40 22.30|-30 39 32.0|5.87|1.30
HR 8624|22 39 46.99|19 40 52.0|6.21|0.00
HR 8625|22 37 13.1|75 22 18.1|5.79|1.57
HR 8626|22 39 34.30|37 35 34.1|6.03|0.86
HR 8627|22 38 39.0|63 35 03.8|5.19|0.06
HR 8628|22 40 39.41|-27 02 37.0|4.17|-0.11
HR 8629|22 40 48.0|-03 33 15.1|6.31|0.52
HR 863|02 53 34.39|-38 26 12.8|5.92|0.44
HR 8630|22 46 03.31|-81 22 54.1|4.15|0.20
HR 8631|22 40 52.70|14 32 57.8|5.71|0.72
HR 8632|22 40 30.91|44 16 35.0|4.46|1.33
HR 8633|22 40 18.41|53 50 46.0|5.93|0.93
HR 8634|22 41 27.70|10 49 53.0|3.40|-0.09
HR 8635|22 42 36.89|-47 12 38.2|5.98|0.58
HR 8636|22 42 40.10|-46 53 04.9|2.10|1.60
HR 8637|22 42 22.10|-29 21 38.9|6.17|1.54
HR 8638|22 41 31.39|30 57 56.9|6.34|
HR 8639|22 42 43.10|-44 14 52.1|6.07|0.98
HR 864|02 56 50.59|51 15 38.9|6.22|1.57
HR 8640|22 41 28.61|40 13 32.2|5.25|-0.14
HR 8641|22 41 45.41|29 18 27.0|4.79|-0.01
HR 8642|22 41 57.41|14 30 59.0|5.90|1.11
HR 8643|22 41 36.10|41 32 57.8|5.94|
HR 8644|22 43 30.0|-41 24 51.8|4.85|1.03
HR 8645|22 43 03.50|-08 18 42.1|6.45|0.17
HR 8646|22 44 16.51|-60 29 57.8|6.30|0.56
HR 8647|22 43 14.30|-06 57 46.1|6.41|-0.04
HR 8648|22 42 20.81|53 54 32.0|6.12|1.62
HR 8649|22 43 35.30|-18 49 49.1|4.69|1.37
HR 865|02 56 33.41|47 09 50.0|6.02|1.34
HR 8650|22 43 00.10|30 13 17.0|2.94|0.86
HR 8651|22 42 55.51|37 48 10.1|6.43|-0.09
HR 8652|22 43 04.49|47 10 07.0|6.39|0.47
HR 8653|22 43 42.70|10 56 21.1|6.51|0.46
HR 8654|22 44 05.21|39 27 56.2|5.95|1.48
HR 8655|22 45 37.90|-53 30 01.1|4.85|1.18
HR 8656|22 44 05.50|41 49 09.1|5.08|0.96
HR 8657|22 45 40.70|-46 32 51.0|5.51|1.32
HR 8658|22 46 07.99|-48 58 44.0|6.62|0.63
HR 8659|22 46 28.30|-49 41 08.9|6.48|1.14
HR 866|02 52 19.20|-62 54 34.9|6.03|1.25
HR 8660|22 45 28.20|19 22 00.1|6.25|1.05
HR 8661|22 44 49.20|52 31 01.9|6.55|
HR 8662|22 46 43.70|-46 56 21.8|6.56|0.30
HR 8663|22 50 22.90|-80 07 27.1|5.35|-0.15
HR 8664|22 49 40.90|-77 03 02.2|6.73|0.11
HR 8665|22 46 41.59|12 10 22.1|4.19|0.50
HR 8666|22 46 10.20|44 32 46.0|5.76|0.36
HR 8667|22 46 31.90|23 33 56.2|3.95|1.07
HR 8668|22 47 19.10|-34 09 40.0|6.28|1.16
HR 8669|22 48 21.41|-61 41 03.1|6.37|1.06
HR 867|02 55 48.50|18 19 54.1|5.91|1.47
HR 8670|22 47 33.10|-19 36 47.9|5.26|0.94
HR 8671|22 47 47.11|-38 13 18.8|6.71|0.48
HR 8672|22 49 17.40|-70 20 52.1|6.34|0.07
HR 8673|22 47 42.79|-14 03 23.0|5.66|-0.05
HR 8674|22 47 56.21|-25 54 42.8|6.30|0.91
HR 8675|22 48 33.31|-51 19 00.8|3.49|0.08
HR 8676|22 48 30.19|-10 33 20.2|6.19|0.28
HR 8677|22 47 23.21|58 28 58.1|6.36|-0.04
HR 8678|22 48 10.90|37 25 00.1|5.90|1.03
HR 8679|22 49 35.50|-13 35 33.0|4.01|1.57
HR 868|02 53 52.90|-49 53 25.1|4.00|2.11
HR 8680|22 49 59.9|-32 48 19.1|6.33|0.31
HR 8681|22 49 32.30|10 28 44.0|6.54|0.29
HR 8682|22 48 47.81|54 24 54.0|6.12|-0.07
HR 8683|22 48 44.21|62 56 17.9|6.06|1.20
HR 8684|22 50 00.19|24 36 06.1|3.48|0.93
HR 8685|22 51 02.21|-39 09 24.8|5.42|1.43
HR 8686|22 51 44.90|-59 52 53.0|6.46|1.13
HR 8687|22 49 00.70|68 34 13.1|6.19|
HR 8688|22 49 46.20|55 54 10.1|5.43|1.17
HR 8689|22 52 09.91|-63 11 19.0|6.12|1.03
HR 869|02 56 26.9|18 01 23.2|5.63|0.43
HR 8690|22 50 21.79|41 57 13.0|5.92|0.08
HR 8691|22 50 39.10|19 08 26.9|6.40|
HR 8692|22 50 10.20|50 40 36.8|6.21|1.14
HR 8693|22 51 20.90|-29 32 10.0|5.97|0.91
HR 8694|22 49 40.80|66 12 02.2|3.52|1.05
HR 8695|22 52 31.61|-32 52 32.2|4.46|-0.04
HR 8696|22 51 22.80|61 41 48.8|5.60|0.78
HR 8697|22 52 24.10|09 50 08.2|5.16|0.48
HR 8698|22 52 36.89|-07 34 46.9|3.74|1.64
HR 8699|22 52 01.99|43 18 45.0|4.94|1.56
HR 87|00 21 28.61|-77 25 36.8|5.97|1.40
HR 870|02 56 13.80|08 22 54.1|5.97|0.48
HR 8700|22 53 37.90|-48 35 53.2|6.04|0.62
HR 8701|22 54 39.41|-70 04 25.0|6.05|0.66
HR 8702|22 47 28.99|83 09 14.0|4.74|1.26
HR 8703|22 53 02.30|16 50 28.0|5.64|1.12
HR 8704|22 53 28.70|-11 37 00.1|5.80|-0.08
HR 8705|22 52 52.30|50 24 42.8|6.46|-0.04
HR 8706|22 53 11.30|40 10 01.9|6.34|-0.08
HR 8707|22 53 03.79|60 06 04.0|6.01|1.75
HR 8708|22 53 40.10|44 44 57.1|5.81|0.26
HR 8709|22 54 39.0|-15 49 14.9|3.27|0.05
HR 871|02 54 06.50|-50 52 17.0|6.21|1.58
HR 8710|22 54 34.10|-07 12 16.9|6.19|1.28
HR 8711|22 54 45.50|-16 16 18.8|5.56|1.14
HR 8712|22 54 07.1|40 22 36.8|5.81|1.13
HR 8713|22 55 14.90|-36 23 19.0|6.40|1.31
HR 8714|22 54 35.69|16 56 30.1|6.12|1.77
HR 8715|22 54 59.50|01 03 52.9|6.11|0.20
HR 8716|22 55 10.99|-04 59 16.1|5.72|0.88
HR 8717|22 55 13.70|08 48 56.9|4.90|0.00
HR 8718|22 55 02.59|37 04 36.8|5.91|0.42
HR 8719|22 55 51.41|-31 37 59.2|6.10|1.36
HR 872|02 50 28.51|-75 04 00.8|4.75|1.33
HR 8720|22 55 56.90|-32 32 22.9|4.21|0.97
HR 8721|22 56 24.0|-31 33 56.2|6.48|1.10
HR 8722|22 56 47.81|-47 58 09.1|5.70|0.22
HR 8723|22 55 44.50|36 21 06.1|5.74|-0.05
HR 8724|22 56 51.50|11 50 53.9|6.51|0.18
HR 8725|22 56 23.59|41 36 14.0|5.59|-0.14
HR 8726|22 56 25.99|49 44 01.0|4.95|1.78
HR 8727|22 57 17.21|-04 48 36.0|6.31|0.94
HR 8728|22 57 39.10|-29 37 19.9|1.16|0.09
HR 8729|22 57 27.89|20 46 08.0|5.49|0.67
HR 873|02 57 17.30|31 56 03.1|5.11|-0.01
HR 8730|22 57 32.81|03 48 37.1|6.28|1.12
HR 8731|22 57 04.49|48 41 03.1|5.43|-0.09
HR 8732|22 58 34.99|-35 31 23.2|6.13|0.58
HR 8733|22 57 40.70|39 18 32.0|6.18|-0.15
HR 8734|22 58 15.50|-02 23 43.1|6.16|0.74
HR 8735|22 58 23.71|-01 24 37.1|6.37|0.35
HR 8736|22 51 02.21|85 22 25.0|5.90|1.32
HR 8737|22 58 35.9|09 21 24.8|6.43|0.64
HR 8738|22 58 42.60|07 20 22.9|6.33|0.06
HR 8739|22 59 11.81|11 43 44.0|5.75|0.32
HR 874|02 56 25.70|-08 53 53.2|3.89|1.11
HR 8740|22 59 35.81|-29 27 43.9|5.51|0.25
HR 8741|22 59 35.69|-13 04 14.9|6.07|1.45
HR 8742|22 59 27.41|00 57 46.1|5.43|0.98
HR 8743|23 00 05.81|-25 09 51.1|5.65|1.25
HR 8744|22 59 10.30|52 39 15.8|6.29|1.42
HR 8745|22 59 09.0|59 48 52.9|6.43|0.03
HR 8746|23 00 24.60|-25 37 36.1|6.29|1.13
HR 8747|23 00 52.80|-52 45 15.1|4.12|0.98
HR 8748|22 54 24.79|84 20 46.0|4.71|1.43
HR 8749|23 01 07.49|-50 57 00.0|5.68|1.42
HR 875|02 56 37.39|-03 42 43.9|5.17|0.08
HR 8750|23 00 37.90|00 11 08.9|6.21|0.89
HR 8751|23 00 42.89|03 00 42.1|5.83|1.34
HR 8752|23 00 05.9|56 56 43.1|5.00|1.42
HR 8753|23 00 42.50|31 04 59.2|6.60|-0.04
HR 8754|23 01 19.39|-28 51 13.0|5.55|1.35
HR 8755|23 00 34.39|45 22 30.0|6.50|
HR 8756|23 01 22.99|-22 47 26.9|6.28|0.13
HR 8757|23 01 23.59|-07 03 40.0|6.21|1.41
HR 8758|23 00 54.70|38 42 29.2|6.54|-0.11
HR 8759|23 01 31.70|-04 42 41.0|5.94|1.00
HR 876|02 58 02.30|38 36 54.0|6.04|1.41
HR 8760|23 02 34.1|-36 25 14.9|6.47|0.94
HR 8761|23 01 30.70|57 06 20.2|6.20|1.50
HR 8762|23 01 55.30|42 19 34.0|3.62|-0.09
HR 8763|23 02 32.59|-06 34 27.1|6.15|1.58
HR 8764|23 02 44.30|-20 52 14.2|5.97|0.94
HR 8765|23 02 33.10|31 46 50.2|6.57|0.35
HR 8766|23 02 36.29|42 45 28.1|5.10|0.09
HR 8767|23 03 29.81|-34 44 57.8|5.11|0.29
HR 8768|23 02 45.19|44 03 32.0|6.39|0.00
HR 8769|23 04 52.20|-68 49 13.1|5.52|0.36
HR 877|02 57 04.61|04 30 04.0|6.11|1.69
HR 8770|23 02 43.80|55 14 11.0|6.50|-0.08
HR 8771|23 03 59.50|-41 28 41.9|5.79|1.08
HR 8772|23 03 57.29|-04 47 43.1|6.68|0.58
HR 8773|23 03 52.61|03 49 12.0|4.53|-0.12
HR 8774|23 04 39.60|-53 57 54.0|5.37|1.45
HR 8775|23 03 46.51|28 04 58.1|2.42|1.67
HR 8776|23 04 01.1|06 37 00.1|6.41|0.39
HR 8777|23 03 23.71|60 26 43.1|6.74|-0.02
HR 8778|23 03 21.60|58 33 52.9|6.43|0.90
HR 8779|23 03 32.90|67 12 33.1|5.24|1.26
HR 878|02 58 05.21|20 40 07.0|5.80|0.41
HR 8780|23 04 10.99|50 03 07.9|4.65|1.06
HR 8781|23 04 45.70|15 12 19.1|2.49|-0.04
HR 8782|23 05 09.79|-07 41 37.0|5.43|0.30
HR 8783|23 05 12.79|-17 04 45.1|6.14|1.37
HR 8784|23 05 06.29|16 33 47.2|6.44|0.83
HR 8785|23 05 17.59|01 18 24.8|6.39|0.94
HR 8786|23 08 23.71|-79 28 50.9|6.12|0.14
HR 8787|23 06 52.80|-43 31 14.2|4.28|0.42
HR 8788|23 06 18.19|18 31 03.0|6.13|0.44
HR 8789|23 06 40.90|-23 44 35.2|4.47|0.90
HR 879|02 58 45.70|39 39 46.1|4.70|0.06
HR 8790|23 06 53.59|-38 53 31.9|5.61|0.01
HR 8791|23 07 09.50|-49 36 24.1|6.33|1.45
HR 8792|23 06 31.90|19 54 38.9|6.30|0.49
HR 8793|23 07 14.69|-50 41 11.0|5.83|0.48
HR 8794|23 08 35.69|-73 35 11.0|6.15|1.42
HR 8795|23 07 00.31|09 24 33.8|4.52|1.57
HR 8796|23 07 06.79|25 28 05.9|4.76|1.34
HR 8797|23 06 36.89|59 25 10.9|4.85|-0.03
HR 8798|23 07 27.70|32 49 32.9|6.02|0.12
HR 8799|23 07 28.70|21 08 03.1|5.99|0.26
HR 88|00 22 51.79|-12 12 33.8|6.39|0.66
HR 880|02 54 20.90|-64 26 08.2|6.56|1.39
HR 8800|23 07 18.10|46 04 05.2|6.66|-0.05
HR 8801|23 07 10.10|52 48 59.0|6.11|1.05
HR 8802|23 08 21.0|-28 49 23.9|5.60|0.88
HR 8803|23 07 10.39|59 43 39.0|6.40|-0.01
HR 8804|23 07 39.31|46 23 13.9|5.33|1.41
HR 8805|23 07 45.41|49 17 44.9|5.70|0.44
HR 8806|23 08 12.29|44 33 42.1|6.56|0.17
HR 8807|23 08 40.90|02 07 40.1|5.40|0.91
HR 8808|23 07 47.71|63 37 59.9|6.26|-0.02
HR 8809|23 10 11.69|-66 51 27.0|6.47|0.95
HR 881|03 06 07.80|79 25 07.0|5.49|1.57
HR 8810|23 12 12.0|-80 54 46.1|6.41|1.50
HR 8811|23 07 57.19|64 13 21.0|6.21|1.10
HR 8812|23 09 26.81|-21 10 21.0|3.66|1.22
HR 8813|23 09 44.59|-28 05 19.0|5.87|1.31
HR 8814|23 09 57.29|-42 51 38.2|5.81|0.48
HR 8815|23 09 31.51|08 40 37.9|5.12|1.47
HR 8816|23 09 49.61|-14 30 38.2|6.42|0.01
HR 8817|23 09 54.79|-22 27 27.0|4.69|0.65
HR 8818|23 10 09.79|-40 35 30.1|5.83|1.62
HR 8819|23 07 53.90|75 23 15.0|4.41|0.80
HR 882|02 59 03.70|35 10 59.2|4.93|1.23
HR 8820|23 10 21.60|-45 14 48.1|3.90|1.02
HR 8821|23 10 01.51|09 49 18.8|5.39|-0.08
HR 8822|23 09 44.9|59 19 59.2|5.70|0.33
HR 8823|23 10 46.61|-29 31 30.0|6.51|0.27
HR 8824|23 10 42.60|17 35 39.8|5.71|1.34
HR 8825|23 10 27.19|43 32 39.1|5.94|0.44
HR 8826|23 11 44.21|08 43 12.0|5.16|0.13
HR 8827|23 11 49.20|26 50 49.9|6.17|0.94
HR 8828|23 13 15.0|-49 37 08.0|6.80|0.92
HR 8829|23 14 06.60|-62 42 00.0|6.12|0.79
HR 883|02 57 23.71|-23 51 42.8|5.45|0.23
HR 8830|23 12 33.0|49 24 23.0|4.52|0.29
HR 8831|23 13 04.1|29 26 30.1|6.35|0.93
HR 8832|23 13 16.99|57 10 05.9|5.56|1.01
HR 8833|23 13 26.50|11 03 54.0|5.82|1.01
HR 8834|23 14 19.39|-06 02 56.0|4.22|1.56
HR 8835|23 14 58.61|-41 06 20.2|5.77|1.18
HR 8836|23 14 40.20|-10 41 19.0|6.12|1.49
HR 8837|23 14 14.30|50 37 04.1|6.31|
HR 8838|23 14 21.70|29 46 18.1|6.41|0.45
HR 8839|23 14 36.50|24 06 11.2|6.36|
HR 884|02 57 13.10|-29 51 19.1|6.29|0.47
HR 8840|23 15 34.30|-03 29 47.0|5.55|0.06
HR 8841|23 15 53.50|-09 05 16.1|4.21|1.11
HR 8842|23 15 46.30|28 14 52.1|6.49|0.85
HR 8843|23 16 57.70|-62 00 04.0|5.66|0.51
HR 8844|23 14 37.30|74 13 52.0|5.84|
HR 8845|23 15 57.89|24 46 16.0|6.60|0.40
HR 8846|23 16 39.70|-44 29 21.1|5.92|1.06
HR 8847|23 16 49.80|-41 11 39.8|6.47|1.08
HR 8848|23 17 25.80|-58 14 08.9|3.99|0.40
HR 8849|23 19 08.11|-79 28 22.1|6.33|0.91
HR 885|02 59 49.90|47 13 14.9|5.47|0.89
HR 8850|23 16 50.90|-07 43 36.1|5.06|1.60
HR 8851|23 15 37.80|70 53 17.2|5.56|0.24
HR 8852|23 17 09.91|03 16 55.9|3.69|0.92
HR 8853|23 16 42.29|53 12 49.0|5.54|0.52
HR 8854|23 16 26.81|61 57 47.2|6.53|0.23
HR 8855|23 18 19.99|-67 28 16.0|6.13|1.35
HR 8856|23 17 40.1|-11 42 47.2|6.34|0.05
HR 8857|23 17 16.61|45 09 51.1|6.43|1.07
HR 8858|23 17 54.19|-09 10 57.0|4.39|-0.15
HR 8859|23 18 09.91|-40 49 27.8|5.53|0.44
HR 886|02 59 39.89|41 01 59.2|5.89|1.44
HR 8860|23 17 44.69|49 00 55.1|4.85|1.67
HR 8861|23 17 56.11|45 29 20.0|6.48|-0.03
HR 8862|23 28 03.70|-87 28 55.9|5.49|1.27
HR 8863|23 18 49.39|-32 31 54.8|4.41|1.13
HR 8864|23 18 23.40|41 46 25.0|6.02|
HR 8865|23 18 57.70|-09 36 38.9|4.98|-0.02
HR 8866|23 19 06.70|-13 27 32.0|5.08|0.80
HR 8867|23 17 18.89|75 17 57.1|6.38|0.03
HR 8868|23 19 24.0|-05 07 27.8|5.55|0.39
HR 8869|23 19 24.10|-18 04 31.1|5.93|1.52
HR 887|02 59 12.70|21 20 25.1|4.63|0.04
HR 8870|23 19 02.40|45 08 13.9|6.50|
HR 8871|23 19 43.20|-33 42 29.2|6.37|1.30
HR 8872|23 18 37.49|68 06 42.1|4.75|0.84
HR 8873|23 19 27.41|34 47 35.9|6.32|-0.08
HR 8874|23 19 29.81|48 37 31.1|5.44|1.03
HR 8875|23 19 41.59|48 22 50.9|6.32|1.12
HR 8876|23 19 52.39|42 04 41.2|5.79|1.48
HR 8877|23 20 49.99|-50 18 24.1|6.05|0.42
HR 8878|23 20 20.59|05 22 53.0|5.05|1.20
HR 8879|23 20 40.90|-05 54 29.2|6.17|1.07
HR 888|02 59 12.70|21 20 25.1|4.63|0.04
HR 8880|23 20 38.21|23 44 25.1|4.60|0.17
HR 8881|23 20 14.30|61 58 12.0|6.45|
HR 8882|23 20 49.61|30 24 54.0|5.59|1.50
HR 8883|23 21 15.50|-26 59 12.1|5.64|0.82
HR 8884|23 20 43.99|44 06 59.0|6.13|0.17
HR 8885|23 20 53.30|38 10 55.9|5.77|0.46
HR 8886|23 20 34.61|62 12 47.2|6.39|1.61
HR 8887|23 21 54.91|31 48 45.0|5.32|-0.11
HR 8888|23 21 58.20|26 36 32.0|6.62|0.37
HR 8889|23 22 56.90|-60 03 20.9|6.09|1.60
HR 889|02 58 05.71|-23 36 22.0|5.84|1.33
HR 8890|23 22 39.19|-15 02 21.1|5.20|0.20
HR 8891|23 22 40.51|20 49 43.0|6.29|-0.04
HR 8892|23 22 58.20|-20 06 02.2|3.97|1.10
HR 8893|23 23 04.61|12 18 50.0|5.08|1.31
HR 8894|23 22 32.50|60 08 01.0|5.56|1.68
HR 8895|23 23 54.31|-53 48 29.9|6.15|0.26
HR 8896|23 23 45.41|-43 07 27.8|6.10|1.46
HR 8897|23 23 31.90|00 17 29.0|6.31|1.61
HR 8898|23 24 13.10|-51 53 29.0|5.75|1.59
HR 8899|23 23 47.50|32 31 53.0|6.69|0.45
HR 89|00 23 12.60|-31 02 10.0|6.55|0.00
HR 890|03 00 52.20|52 21 06.1|5.28|-0.05
HR 8900|23 24 07.80|-18 41 15.0|6.19|1.02
HR 8901|23 25 19.39|-56 50 57.1|5.59|1.07
HR 8902|23 24 34.99|41 06 46.1|6.72|0.06
HR 8903|23 24 50.81|32 23 06.0|5.57|-0.11
HR 8904|23 24 50.30|62 16 58.1|4.98|1.68
HR 8905|23 25 22.80|23 24 15.1|4.40|0.61
HR 8906|23 26 02.81|-20 38 30.8|4.39|1.47
HR 8907|23 26 36.60|-52 43 18.1|5.52|0.40
HR 8908|23 27 07.20|-66 34 52.0|6.45|1.47
HR 8909|23 27 15.0|-58 28 34.0|5.63|0.98
HR 891|03 00 53.40|52 21 07.9|6.74|0.00
HR 8910|23 27 09.10|-50 09 25.9|6.20|-0.08
HR 8911|23 26 55.99|01 15 20.2|4.94|0.03
HR 8912|23 27 14.81|01 07 21.0|6.25|1.02
HR 8913|23 27 07.39|42 54 42.8|5.75|0.00
HR 8914|23 28 00.70|-35 32 39.8|6.32|1.20
HR 8915|23 27 40.39|25 10 01.9|5.98|-0.06
HR 8916|23 27 58.10|06 22 44.0|4.28|1.07
HR 8917|23 28 05.21|-11 26 58.9|6.37|0.90
HR 8918|23 27 16.61|70 21 34.9|5.60|0.19
HR 8919|23 29 01.1|-63 06 38.9|5.68|-0.17
HR 892|02 58 42.0|-02 46 57.0|5.23|0.00
HR 8920|23 29 00.79|-44 29 52.1|6.43|1.18
HR 8921|23 29 00.60|-09 15 58.0|6.18|1.44
HR 8922|23 29 05.59|23 02 52.1|6.35|
HR 8923|23 29 09.31|12 45 38.2|4.55|0.94
HR 8924|23 29 32.11|-04 31 58.1|6.25|1.09
HR 8925|23 30 07.39|49 07 59.2|6.17|1.46
HR 8926|23 30 01.99|58 32 56.0|4.91|-0.12
HR 8927|23 30 39.70|38 39 42.8|6.05|0.99
HR 8928|23 31 01.10|-06 17 17.9|6.39|1.26
HR 8929|23 31 27.0|-44 50 37.0|6.02|1.02
HR 893|02 57 32.69|-38 11 28.0|6.41|-0.03
HR 8930|23 31 17.40|39 14 11.0|5.22|1.02
HR 8931|23 31 31.51|-04 05 13.9|6.49|0.54
HR 8932|23 31 42.10|-21 22 09.8|6.29|0.33
HR 8933|23 31 43.10|28 24 13.0|6.41|0.01
HR 8934|23 31 57.60|-01 05 08.9|6.38|1.18
HR 8935|23 33 19.49|-77 23 07.1|5.81|0.68
HR 8936|23 32 24.60|34 57 09.0|6.65|-0.06
HR 8937|23 32 58.30|-37 49 05.9|4.37|-0.09
HR 8938|23 27 00.79|87 18 27.0|5.58|0.23
HR 8939|23 33 16.61|-20 54 51.8|4.71|0.02
HR 894|03 00 11.81|38 07 54.1|6.11|-0.06
HR 8940|23 33 28.10|22 29 56.0|5.32|1.60
HR 8941|23 33 42.70|45 03 29.2|6.24|0.98
HR 8942|23 33 55.51|20 50 26.9|6.06|1.73
HR 8943|23 33 57.19|31 19 31.1|4.98|1.38
HR 8944|23 34 09.0|-01 14 51.0|5.87|0.30
HR 8945|23 35 12.70|-64 41 21.8|7.40|
HR 8946|23 34 49.39|-15 14 44.9|5.96|1.36
HR 8947|23 34 37.49|40 14 11.0|5.59|0.10
HR 8948|23 34 38.21|33 29 49.9|5.63|1.03
HR 8949|23 35 04.61|-42 36 54.0|4.71|0.08
HR 895|02 58 47.40|-09 46 35.0|6.14|0.22
HR 8950|23 34 46.70|38 01 26.0|6.18|1.58
HR 8951|23 35 32.11|-07 27 51.8|6.39|0.88
HR 8952|23 34 58.99|71 38 31.9|5.84|1.80
HR 8953|23 35 55.90|24 33 40.0|6.45|1.73
HR 8954|23 36 23.30|02 06 07.9|5.68|0.44
HR 8955|23 36 30.50|32 54 15.1|6.35|0.46
HR 8956|23 37 05.40|-31 52 14.9|6.52|1.26
HR 8957|23 38 24.10|-76 52 12.0|6.00|0.90
HR 8958|23 37 39.60|-13 03 37.1|5.65|1.03
HR 8959|23 37 51.0|-45 29 33.0|4.74|0.08
HR 896|02 59 42.89|08 54 27.0|4.70|-0.12
HR 8960|23 37 39.79|16 49 32.2|6.26|0.00
HR 8961|23 37 33.89|46 27 29.2|3.82|1.01
HR 8962|23 37 31.99|44 25 45.1|5.80|-0.06
HR 8963|23 37 56.81|18 24 02.2|5.53|0.00
HR 8964|23 37 58.61|46 11 58.9|6.58|0.66
HR 8965|23 38 08.21|43 16 05.2|4.29|-0.10
HR 8966|23 39 28.1|-46 38 16.1|6.09|0.24
HR 8967|23 39 08.30|50 28 18.1|5.30|-0.06
HR 8968|23 39 47.11|-14 13 18.1|5.00|0.24
HR 8969|23 39 57.0|05 37 35.0|4.13|0.51
HR 897|02 58 15.70|-40 18 16.9|3.24|0.14
HR 8970|23 39 55.10|09 40 37.9|5.97|0.20
HR 8971|23 39 10.39|75 17 34.1|5.95|0.13
HR 8972|23 39 21.10|74 00 10.1|5.98|0.89
HR 8973|23 40 02.81|37 39 09.0|6.53|0.35
HR 8974|23 39 20.81|77 37 57.0|3.21|1.03
HR 8975|23 40 38.21|-32 04 23.2|5.31|0.97
HR 8976|23 40 24.50|44 20 02.0|4.14|-0.08
HR 8977|23 40 40.61|36 43 14.9|6.23|0.39
HR 8978|23 41 07.1|-24 09 37.1|6.60|1.57
HR 8979|23 41 08.90|-11 40 50.2|5.89|1.00
HR 898|02 58 16.30|-40 18 15.8|4.35|0.08
HR 8980|23 41 34.49|-18 01 37.9|5.34|1.57
HR 8981|23 41 26.90|49 30 43.9|6.26|0.19
HR 8982|23 41 45.79|-17 48 59.0|4.82|0.82
HR 8983|23 41 56.69|07 15 02.2|5.89|0.10
HR 8984|23 42 02.81|01 46 48.0|4.50|0.20
HR 8985|23 41 54.50|57 15 36.0|6.24|
HR 8986|23 42 14.81|44 59 30.8|6.57|
HR 8987|23 42 27.89|-15 26 52.1|5.28|1.37
HR 8988|23 42 43.30|-14 32 42.0|4.49|-0.04
HR 8989|23 42 20.81|64 30 56.2|6.56|1.88
HR 899|02 59 41.21|-02 27 54.0|5.56|-0.08
HR 8990|23 42 31.51|61 40 45.8|6.40|1.24
HR 8991|23 43 22.39|10 19 53.0|5.06|1.68
HR 8992|23 43 49.49|-15 17 03.8|6.36|1.58
HR 8993|23 44 01.39|-45 04 59.9|6.09|0.98
HR 8994|23 44 25.39|-70 29 25.1|6.07|0.91
HR 8995|23 44 40.70|-78 47 29.0|5.75|1.11
HR 8996|23 44 12.0|-64 24 15.8|5.72|1.40
HR 8997|23 43 59.50|29 21 42.1|4.93|0.95
HR 8998|23 44 12.10|-18 16 36.8|5.24|-0.08
HR 8999|23 44 28.90|-26 14 47.0|6.17|0.50
HR 9|00 06 50.11|-23 06 27.0|6.18|0.38
HR 90|00 24 01.99|38 34 37.9|7.39|1.97
HR 900|02 59 06.60|-28 54 24.8|6.14|1.04
HR 9000|23 44 48.31|55 47 58.9|6.51|
HR 9001|23 46 01.20|-40 10 57.0|6.31|0.20
HR 9002|23 46 00.91|-18 40 41.2|5.29|0.28
HR 9003|23 46 02.11|46 25 13.1|4.95|1.11
HR 9004|23 46 23.50|03 29 12.1|5.04|2.60
HR 9005|23 46 36.70|66 46 55.9|5.95|-0.04
HR 9006|23 47 16.1|-50 13 36.1|5.18|-0.19
HR 9007|23 47 23.30|-68 23 39.1|6.89|0.46
HR 9008|23 47 03.50|58 39 06.8|4.87|1.11
HR 9009|23 47 15.91|-11 54 38.9|5.73|1.08
HR 901|02 59 36.10|-25 16 27.1|5.71|0.40
HR 9010|23 47 01.90|57 27 05.0|5.51|1.65
HR 9011|23 47 33.19|46 49 57.0|6.07|-0.14
HR 9012|23 47 56.50|-02 45 42.1|5.49|0.94
HR 9013|23 47 54.79|67 48 24.8|5.04|-0.01
HR 9014|23 48 32.50|-06 22 50.2|6.07|1.45
HR 9015|23 48 49.30|02 12 51.1|6.46|0.44
HR 9016|23 48 55.61|-28 07 49.1|4.57|0.01
HR 9017|23 48 39.0|64 52 35.0|6.41|0.06
HR 9018|23 48 50.21|62 12 51.8|5.43|0.67
HR 9019|23 48 53.90|59 58 44.0|6.34|-0.01
HR 902|03 00 44.11|10 52 13.1|5.95|1.59
HR 9020|23 49 12.0|58 57 47.2|6.33|0.40
HR 9021|23 49 31.61|-15 51 40.0|6.24|1.22
HR 9022|23 49 27.50|01 04 34.0|5.77|0.16
HR 9023|23 49 44.69|-62 50 21.8|6.59|1.48
HR 9024|23 49 40.99|36 25 31.1|5.90|0.79
HR 9025|23 49 39.41|28 50 33.0|5.97|0.19
HR 9026|23 49 49.61|-25 19 53.0|6.42|0.12
HR 9027|23 50 14.69|-09 58 27.1|5.94|1.13
HR 9028|23 50 22.30|51 37 18.1|6.44|0.37
HR 9029|23 50 33.31|-14 24 06.8|5.72|1.51
HR 903|02 59 38.30|-32 30 25.9|6.31|0.00
HR 9030|23 51 21.19|09 18 47.9|5.79|1.66
HR 9031|23 51 21.29|-18 54 32.0|5.18|-0.14
HR 9032|23 52 06.41|-82 01 08.0|5.11|0.92
HR 9033|23 51 57.89|02 55 49.1|5.55|1.53
HR 9034|23 51 57.60|77 35 57.8|6.55|0.44
HR 9035|23 52 23.40|21 40 14.9|6.11|1.59
HR 9036|23 52 29.30|19 07 13.1|5.08|1.60
HR 9037|23 52 30.0|-14 15 04.0|5.87|1.28
HR 9038|23 52 25.10|75 32 40.9|6.39|0.98
HR 9039|23 52 37.10|10 56 51.0|5.30|0.18
HR 904|03 00 51.0|-02 52 43.0|6.11|1.77
HR 9040|23 52 50.50|-08 59 48.1|5.75|1.17
HR 9041|23 52 55.61|-03 09 20.2|5.93|1.07
HR 9042|23 53 04.80|02 05 26.2|6.28|-0.01
HR 9043|23 53 20.81|-24 13 45.1|6.24|0.19
HR 9044|23 54 21.41|-27 02 31.9|6.35|0.20
HR 9045|23 54 22.99|57 29 57.8|4.54|1.22
HR 9046|23 54 38.59|-40 18 00.0|6.03|0.57
HR 9047|23 54 46.61|00 06 33.1|5.61|1.59
HR 9048|23 55 07.80|07 04 16.0|6.21|-0.07
HR 9049|23 55 16.61|-31 55 18.1|6.10|-0.08
HR 905|03 01 54.10|26 27 43.9|5.90|0.14
HR 9050|23 55 16.61|-31 53 03.1|6.83|-0.08
HR 9051|23 55 22.99|25 57 18.0|6.54|
HR 9052|23 55 33.70|57 24 43.9|6.00|0.21
HR 9053|23 55 33.60|47 21 20.9|6.00|1.16
HR 9054|23 56 29.90|-24 44 13.9|6.31|0.92
HR 9055|23 56 41.50|22 38 53.2|6.15|1.60
HR 9056|23 56 27.70|83 11 28.0|6.59|0.05
HR 9057|23 57 03.60|42 39 29.9|5.97|0.69
HR 9058|23 57 08.30|-26 37 25.0|6.26|1.45
HR 9059|23 57 08.50|55 42 20.9|5.55|0.49
HR 906|03 11 42.79|81 28 14.2|5.95|0.15
HR 9060|23 57 19.90|-62 57 23.0|5.97|0.11
HR 9061|23 57 32.71|-82 10 12.0|5.73|1.05
HR 9062|23 57 35.21|-64 17 53.9|5.00|0.06
HR 9063|23 57 33.50|60 01 25.0|6.47|0.01
HR 9064|23 57 45.50|25 08 29.0|4.66|1.59
HR 9065|23 58 21.19|-15 50 51.0|6.26|1.08
HR 9066|23 58 24.79|51 23 19.0|4.80|1.83
HR 9067|23 58 40.39|-03 33 22.0|4.86|0.93
HR 9068|23 58 49.20|32 22 54.1|6.52|-0.11
HR 9069|23 58 55.80|-52 44 44.9|5.13|1.13
HR 907|03 01 10.1|-07 39 46.1|5.75|1.05
HR 9070|23 58 46.51|46 24 47.2|6.54|-0.09
HR 9071|23 59 00.50|55 45 18.0|4.88|-0.07
HR 9072|23 59 18.70|06 51 47.9|4.01|0.42
HR 9073|23 59 27.89|-29 29 06.0|5.62|1.60
HR 9074|23 59 29.21|33 43 27.8|6.58|0.55
HR 9075|23 59 29.21|33 43 27.8|6.58|
HR 9076|23 59 55.1|-65 34 37.9|4.50|-0.08
HR 9077|00 00 19.20|-44 17 26.2|6.29|0.76
HR 9078|00 00 23.90|26 55 05.9|6.46|0.50
HR 9079|00 00 30.89|59 33 34.9|6.19|1.01
HR 908|03 01 52.30|05 20 10.0|6.25|1.05
HR 9080|00 00 43.70|45 15 11.9|6.38|-0.07
HR 9081|00 01 04.51|-48 48 36.0|5.71|0.91
HR 9082|00 01 19.99|-50 20 13.9|5.53|1.60
HR 9083|00 01 19.30|49 58 54.1|6.22|0.97
HR 9084|00 01 35.71|-77 03 56.9|4.78|1.27
HR 9085|00 01 36.91|61 13 23.2|5.55|0.41
HR 9086|00 01 43.80|42 22 01.9|6.25|-0.03
HR 9087|00 01 49.39|-03 01 39.0|5.10|-0.12
HR 9088|00 02 10.20|27 04 54.8|5.75|0.67
HR 9089|00 01 57.60|-06 00 51.1|4.41|1.63
HR 909|02 58 47.81|-64 04 17.0|4.99|0.13
HR 9090|00 02 07.30|-14 40 34.0|7.10|1.80
HR 9091|00 02 19.90|-29 43 13.1|5.01|-0.15
HR 9092|00 02 24.19|08 57 24.8|6.32|0.18
HR 9093|00 02 29.69|08 29 08.2|5.63|0.29
HR 9094|00 02 36.10|66 05 56.0|5.86|1.09
HR 9095|00 02 57.60|-20 02 46.0|6.25|0.53
HR 9096|00 03 07.70|-24 08 43.1|6.44|1.18
HR 9097|00 03 25.70|63 38 30.8|6.24|0.33
HR 9098|00 03 44.40|-17 20 10.0|4.55|-0.05
HR 9099|00 03 51.91|66 42 43.9|6.29|1.67
HR 91|00 24 15.60|52 01 12.0|5.57|-0.12
HR 910|03 02 22.51|04 21 10.1|5.61|-0.10
HR 9100|00 04 13.61|62 17 16.1|5.88|0.30
HR 9101|00 04 19.70|-16 31 44.0|5.78|1.10
HR 9102|00 04 20.30|-29 16 07.0|6.40|0.00
HR 9103|00 04 30.10|-10 30 33.8|4.94|1.63
HR 9104|00 04 42.0|67 10 00.1|5.67|1.07
HR 9105|00 04 36.70|42 05 31.9|6.01|
HR 9106|00 04 30.70|-72 53 52.1|7.31|0.44
HR 9107|00 04 53.81|34 39 34.9|6.12|0.62
HR 9108|00 04 41.30|-71 26 12.8|5.59|-0.12
HR 9109|00 04 55.99|26 38 56.0|6.25|1.40
HR 911|03 02 16.80|04 05 22.9|2.53|1.64
HR 9110|00 05 06.19|61 18 51.1|5.80|-0.09
HR 912|03 01 56.9|-09 57 41.0|5.83|1.11
HR 913|03 02 09.29|-06 29 40.9|6.19|0.60
HR 914|03 01 37.70|-28 05 30.1|5.89|0.79
HR 915|03 04 47.81|53 30 23.0|2.93|0.70
HR 916|03 03 30.31|28 16 10.9|6.36|
HR 917|03 02 42.31|-07 41 07.1|5.32|0.94
HR 918|03 05 32.40|56 42 20.9|4.76|1.02
HR 919|03 02 23.50|-23 37 27.8|4.09|0.16
HR 92|00 25 17.90|64 08 36.0||
HR 920|03 05 39.89|56 04 07.0|6.11|1.02
HR 921|03 05 10.61|38 50 25.1|3.39|1.65
HR 922|03 07 19.1|64 03 28.1|5.89|-0.03
HR 923|03 05 20.81|40 34 57.0|6.05|1.01
HR 924|03 04 40.70|15 51 22.0|6.49|
HR 925|03 04 16.39|-07 36 02.9|5.26|0.20
HR 926|03 04 38.9|01 51 49.0|6.05|1.04
HR 927|03 05 26.71|25 15 19.1|6.80|-0.02
HR 928|03 05 26.71|25 15 19.1|7.00|
HR 929|03 02 55.90|-46 58 30.0|5.82|1.30
HR 93|00 24 47.50|61 49 52.0|5.40|0.00
HR 930|03 08 03.91|52 12 47.9|6.31|-0.01
HR 931|03 06 23.71|13 11 13.9|5.62|1.08
HR 932|03 11 56.30|74 23 37.0|4.87|0.02
HR 933|03 07 47.40|47 18 29.9|6.41|0.12
HR 934|03 03 36.79|-59 44 16.1|5.11|0.34
HR 935|03 06 33.50|-06 05 19.0|5.27|1.60
HR 936|03 08 10.10|40 57 20.2|2.12|-0.05
HR 937|03 09 04.1|49 36 47.9|4.05|0.59
HR 938|03 07 25.70|17 52 48.0|6.11|-0.12
HR 939|03 02 15.41|-71 54 09.0|5.53|-0.14
HR 94|00 24 29.71|-02 13 09.1|6.07|1.22
HR 940|03 08 21.19|18 47 42.0|6.27|1.58
HR 941|03 09 29.81|44 51 25.9|3.80|0.98
HR 942|03 08 38.71|08 28 14.9|6.28|1.06
HR 943|03 07 50.90|-27 49 52.0|6.19|0.16
HR 944|03 09 36.70|29 04 36.8|5.72|0.12
HR 945|03 10 08.81|27 49 12.0|6.42|0.01
HR 946|03 10 27.0|26 53 47.0|6.02|1.28
HR 947|03 11 17.40|39 36 42.1|4.63|1.11
HR 948|03 10 38.90|11 52 21.0|5.98|-0.06
HR 949|03 12 26.40|47 43 32.9|6.33|1.43
HR 95|00 24 05.80|-72 04 52.0||
HR 950|03 12 09.60|42 22 34.0|6.15|-0.09
HR 951|03 11 37.80|19 43 36.1|4.35|1.03
HR 952|03 11 21.91|13 02 52.1|6.12|1.02
HR 953|03 10 35.40|-23 44 17.9|6.38|0.93
HR 954|03 12 14.21|27 15 24.8|5.79|-0.12
HR 955|03 11 18.79|-03 48 42.1|6.05|1.66
HR 956|03 13 24.0|48 10 36.8|5.90|0.97
HR 957|03 11 16.80|-16 01 31.1|6.26|1.20
HR 958|03 12 26.40|06 39 38.9|5.56|1.08
HR 959|03 07 49.20|-69 15 56.2|6.15|1.02
HR 96|00 25 06.41|53 02 48.8|5.74|-0.06
HR 960|03 10 27.41|-48 44 03.1|6.12|1.12
HR 961|03 20 19.70|77 44 04.9|5.45|0.19
HR 962|03 12 46.39|-01 11 46.0|5.06|0.57
HR 963|03 12 04.30|-28 59 12.8|3.87|0.52
HR 964|03 15 48.0|57 08 26.9|5.79|0.73
HR 965|03 32 20.11|84 54 40.0|5.61|0.92
HR 966|03 14 56.71|42 30 14.0|6.07|1.07
HR 967|03 17 31.61|65 39 31.0|6.36|0.09
HR 968|03 12 25.80|-44 25 10.9|5.93|0.44
HR 969|03 16 12.19|50 56 16.1|5.03|1.15
HR 97|00 25 24.19|01 56 22.9|5.77|0.86
HR 970|03 13 01.49|-35 56 38.0|6.27|-0.08
HR 971|03 15 20.50|30 33 24.1|5.52|0.01
HR 972|03 14 54.10|21 02 39.8|4.89|-0.01
HR 973|03 16 04.70|45 20 44.9|6.16|1.67
HR 974|03 13 37.99|-29 48 15.1|6.16|1.05
HR 975|03 15 46.99|32 51 23.0|6.31|0.37
HR 976|03 16 01.90|34 41 19.0|6.25|0.28
HR 977|03 12 33.19|-57 19 18.1|5.74|2.28
HR 978|03 16 35.11|32 11 01.0|6.06|0.99
HR 979|03 17 11.40|40 28 59.9|6.45|
HR 98|00 25 45.10|-77 15 15.1|2.80|0.62
HR 980|03 15 00.19|-26 06 01.1|6.25|0.04
HR 981|03 07 31.99|-78 59 21.8|5.57|0.30
HR 982|03 17 47.40|44 01 30.0|5.47|-0.06
HR 983|03 16 00.89|-05 55 07.0|6.17|-0.02
HR 984|03 15 49.99|-08 49 10.9|4.80|0.23
HR 985|03 19 59.40|65 39 07.9|4.84|-0.15
HR 986|03 17 45.79|39 16 59.9|5.96|0.07
HR 987|03 18 37.80|50 13 19.9|5.15|-0.06
HR 988|03 16 35.71|-09 09 15.8|6.14|0.40
HR 989|03 19 07.61|50 05 42.0|5.03|-0.06
HR 99|00 26 16.99|-42 18 22.0|2.39|1.09
HR 990|03 16 11.30|-30 49 39.0|6.65|-0.07
HR 991|03 18 43.80|34 13 22.1|4.82|1.49
HR 992|03 18 22.39|-00 55 49.1|5.38|1.04
HR 993|03 18 02.81|-28 47 48.8|5.91|0.33
HR 994|03 18 22.10|-22 30 41.0|4.88|0.90
HR 995|03 19 55.80|27 04 16.0|5.90|0.86
HR 996|03 19 21.70|03 22 13.1|4.83|0.68
HR 997|03 18 41.21|-18 33 34.9|5.71|0.37
HR 998|03 17 26.59|-47 45 06.1|5.85|1.24
HR 999|03 20 20.40|29 02 53.9|4.47|1.55
